PROVINCIA;CANTÓN;MES;DIA;HORA;ZONA;NUM_FALLECIDO;NUM_LESIONADO;TOTAL_VICTIMAS;CLASE;CAUSA
9;0901;1;1;2;1;0;0;0;4;4
9;0901;1;1;3;1;0;1;1;3;4
9;0901;1;1;4;1;0;1;1;7;1
9;0901;1;1;5;1;0;0;0;4;8
9;0901;1;1;6;1;0;3;3;7;3
9;0901;1;1;7;1;0;1;1;7;3
9;0901;1;1;8;1;0;3;3;3;7
9;0901;1;1;9;1;0;2;2;3;7
9;0901;1;1;10;1;0;0;0;3;3
9;0901;1;1;11;1;0;2;2;3;3
9;0901;1;1;12;1;0;1;1;1;3
9;0901;1;1;13;1;0;1;1;1;3
9;0901;1;1;14;1;0;3;3;3;1
9;0901;1;1;15;1;0;0;0;3;3
9;0901;1;1;16;1;0;0;0;7;1
9;0901;1;1;17;1;0;1;1;1;7
9;0901;1;1;18;1;0;1;1;5;1
9;0901;1;1;19;1;0;1;1;1;3
9;0901;1;1;23;1;0;2;2;7;3
9;0901;1;2;20;1;0;1;1;7;3
9;0901;1;2;21;1;0;1;1;7;3
9;0901;1;2;22;1;0;0;0;7;3
9;0901;1;2;0;1;0;0;0;5;4
9;0901;1;2;1;1;0;1;1;3;7
9;0901;1;2;2;1;0;2;2;3;7
9;0901;1;2;3;1;0;0;0;3;4
9;0901;1;2;4;1;0;2;2;3;4
9;0901;1;3;5;1;0;1;1;7;3
9;0901;1;3;6;1;0;0;0;7;3
9;0901;1;3;7;1;0;0;0;5;3
9;0901;1;3;8;1;0;2;2;3;4
9;0901;1;3;9;1;0;0;0;3;7
9;0901;1;3;10;1;0;1;1;6;3
9;0901;1;3;11;1;0;1;1;3;7
9;0901;1;3;12;1;0;1;1;1;4
9;0901;1;3;13;1;0;0;0;5;10
9;0901;1;4;14;1;0;2;2;3;7
9;0901;1;4;15;1;0;1;1;7;3
9;0901;1;4;16;1;0;1;1;1;7
9;0901;1;4;17;1;0;2;2;3;7
9;0901;1;4;18;1;0;1;1;1;7
9;0901;1;4;19;1;0;0;0;3;3
9;0901;1;4;20;1;0;1;1;3;3
9;0901;1;5;21;1;0;0;0;3;7
9;0901;1;5;22;1;0;1;1;2;10
9;0901;1;5;23;1;0;1;1;3;3
9;0901;1;5;0;1;0;0;0;3;7
9;0901;1;5;1;1;0;1;1;3;7
9;0901;1;5;2;1;0;1;1;3;7
9;0901;1;5;3;1;0;0;0;3;3
9;0901;1;5;4;1;0;1;1;1;3
9;0901;1;5;5;1;0;0;0;3;1
9;0901;1;5;6;1;0;2;2;1;10
9;0901;1;6;7;1;0;1;1;3;7
9;0901;1;6;8;1;0;1;1;3;1
9;0901;1;6;9;1;0;1;1;3;4
9;0901;1;6;10;1;1;0;1;1;3
9;0901;1;6;11;1;0;4;4;3;1
9;0901;1;6;12;1;1;0;1;7;3
9;0901;1;6;13;1;1;0;1;3;4
9;0901;1;6;14;1;0;1;1;3;7
9;0901;1;6;15;1;0;0;0;3;7
9;0901;1;6;16;1;0;1;1;3;7
9;0901;1;6;17;1;0;1;1;1;3
9;0901;1;6;18;1;0;1;1;3;7
9;0901;1;6;19;1;0;1;1;3;4
9;0901;1;6;20;1;0;1;1;4;3
9;0901;1;6;21;1;0;1;1;7;3
9;0901;1;6;22;1;0;1;1;7;6
9;0901;1;6;23;1;0;1;1;3;3
9;0901;1;6;7;1;0;1;1;1;3
9;0901;1;7;0;1;0;3;3;7;10
9;0901;1;7;1;1;0;2;2;3;7
9;0901;1;7;2;1;0;1;1;7;3
9;0901;1;7;3;1;0;0;0;7;3
9;0901;1;7;4;1;0;1;1;1;3
9;0901;1;7;5;1;0;0;0;7;1
9;0901;1;7;6;1;0;2;2;7;3
9;0901;1;7;8;1;1;1;2;7;3
9;0901;1;7;9;1;0;1;1;7;3
9;0901;1;7;10;1;0;1;1;5;10
9;0901;1;7;11;1;0;1;1;1;3
9;0901;1;7;12;1;0;1;1;4;4
9;0901;1;7;13;1;0;1;1;1;3
9;0901;1;7;14;1;0;1;1;7;3
9;0901;1;7;15;1;0;1;1;1;1
9;0901;1;1;16;1;0;2;2;5;3
9;0901;1;1;17;1;0;0;0;4;3
9;0901;1;1;18;1;0;1;1;1;7
9;0901;1;1;19;1;0;0;0;3;3
9;0901;1;2;20;1;0;1;1;1;3
9;0901;1;3;21;1;0;3;3;3;7
9;0901;1;3;22;1;0;1;1;6;8
9;0901;1;3;23;1;0;0;0;7;8
9;0901;1;3;0;1;0;0;0;7;3
9;0901;1;4;1;1;0;0;0;3;4
9;0901;1;4;2;1;0;1;1;3;7
9;0901;1;4;3;1;0;2;2;3;7
9;0901;1;4;4;1;0;0;0;4;7
9;0901;1;4;5;1;0;1;1;1;3
9;0901;1;4;6;1;0;1;1;1;3
9;0901;1;4;7;1;0;0;0;5;3
9;0901;1;5;8;1;0;1;1;6;3
9;0901;1;5;9;1;0;1;1;6;3
9;0901;1;5;10;1;0;0;0;4;4
9;0901;1;5;11;1;0;2;2;3;7
9;0901;1;5;12;1;1;0;1;1;4
9;0901;1;5;13;1;0;0;0;3;7
9;0901;1;6;14;1;0;1;1;2;5
9;0901;1;6;15;1;0;3;3;5;4
9;0901;1;6;16;1;0;1;1;3;3
9;0901;1;6;17;1;0;2;2;1;5
9;0901;1;6;18;1;0;1;1;1;7
9;0901;1;6;19;1;0;0;0;3;6
9;0901;1;7;20;1;1;1;2;3;7
9;0901;1;7;21;1;0;1;1;3;4
9;0901;1;7;22;1;0;0;0;7;3
9;0901;1;7;23;1;0;1;1;7;3
9;0901;1;7;0;1;0;3;3;3;2
9;0901;1;7;1;1;0;0;0;7;3
9;0901;1;1;2;1;0;0;0;4;3
9;0901;1;1;3;1;0;1;1;7;3
9;0901;1;1;4;1;0;2;2;3;2
9;0901;1;1;5;1;0;1;1;4;10
9;0901;1;1;6;1;0;0;0;3;3
9;0901;1;1;7;1;0;1;1;3;3
9;0901;1;1;8;1;0;0;0;3;3
9;0901;1;1;9;1;0;1;1;7;3
9;0901;1;1;10;1;1;0;1;1;3
9;0901;1;2;11;1;0;2;2;7;3
9;0901;1;2;12;1;0;0;0;7;3
9;0901;1;2;13;1;0;1;1;7;3
9;0901;1;2;14;1;0;2;2;3;3
9;0901;1;2;15;1;2;0;2;3;3
9;0901;1;2;16;1;0;1;1;7;3
9;0901;1;2;17;1;0;1;1;7;3
9;0901;1;2;18;1;0;0;0;3;7
9;0901;1;2;19;1;0;1;1;1;3
9;0901;1;2;20;1;0;1;1;3;3
9;0901;1;2;21;1;0;0;0;3;4
9;0901;1;2;22;1;0;1;1;7;3
9;0901;1;2;23;1;0;2;2;1;4
9;0901;1;3;0;1;0;1;1;7;3
9;0901;1;3;1;1;0;1;1;3;4
9;0901;1;3;2;1;0;1;1;7;3
9;0901;1;3;3;1;0;1;1;1;4
9;0901;1;3;4;1;0;2;2;3;3
9;0901;1;3;5;1;0;2;2;7;3
9;0901;1;3;6;1;0;0;0;3;3
9;0901;1;3;7;1;0;1;1;5;3
9;0901;1;3;8;1;0;1;1;3;3
9;0901;1;4;9;1;0;1;1;1;3
9;0901;1;4;10;1;1;0;1;1;10
9;0901;1;4;11;1;0;1;1;3;7
9;0901;1;4;12;1;0;1;1;3;7
9;0901;1;4;13;1;0;1;1;1;5
9;0901;1;4;14;1;0;1;1;3;7
9;0901;1;5;15;1;0;1;1;3;3
9;0901;1;5;16;1;0;2;2;7;3
9;0901;1;5;17;1;0;1;1;1;7
9;0901;1;5;18;1;0;1;1;7;3
9;0901;1;5;19;1;0;1;1;1;7
9;0901;1;5;20;1;0;1;1;7;3
9;0901;1;5;21;1;0;1;1;1;3
9;0901;1;5;22;1;0;1;1;3;7
9;0901;1;6;23;1;0;2;2;7;1
9;0901;1;6;0;1;1;0;1;3;7
9;0901;1;6;1;1;0;2;2;1;5
9;0901;1;6;2;1;0;2;2;3;7
9;0901;1;6;3;1;0;2;2;3;7
9;0901;1;6;4;1;0;1;1;7;3
9;0901;1;6;5;1;0;1;1;3;4
9;0901;1;6;6;1;0;0;0;3;3
9;0901;1;6;7;1;0;0;0;4;3
9;0901;1;6;8;1;0;0;0;5;3
9;0901;1;6;9;1;1;0;1;3;10
9;0901;1;6;11;1;0;0;0;4;3
9;0901;1;7;10;1;0;2;2;1;4
9;0901;1;7;12;1;0;0;0;3;7
9;0901;1;7;13;1;0;0;0;4;8
9;0901;1;7;14;1;0;0;0;4;3
9;0901;1;7;15;1;0;2;2;3;7
9;0901;1;1;16;1;0;1;1;7;7
9;0901;1;1;17;1;0;0;0;7;3
9;0901;1;1;18;1;0;1;1;7;10
9;0901;1;1;19;1;0;1;1;4;3
9;0901;1;1;20;1;0;1;1;5;3
9;0901;1;1;21;1;0;3;3;3;3
9;0901;1;1;22;1;0;2;2;3;7
9;0901;1;1;23;1;0;0;0;3;7
9;0901;1;1;0;1;0;1;1;3;2
9;0901;1;1;1;1;0;1;1;3;3
9;0901;1;1;2;1;0;0;0;4;4
9;0901;1;1;3;1;0;0;0;3;3
9;0901;1;2;4;1;0;1;1;3;7
9;0901;1;2;5;1;0;1;1;3;7
9;0901;1;2;6;1;0;1;1;3;7
9;0901;1;2;7;1;0;1;1;6;3
9;0901;1;2;8;1;1;0;1;3;4
9;0901;1;2;9;1;0;1;1;3;4
9;0901;1;2;10;1;0;0;0;3;7
9;0901;1;2;11;1;0;1;1;3;7
9;0901;1;2;12;1;0;2;2;3;4
9;0901;1;2;14;1;0;2;2;1;4
9;0901;1;3;13;1;0;0;0;3;3
9;0901;1;3;15;1;0;1;1;3;4
9;0901;1;3;16;1;0;1;1;7;3
9;0901;1;3;17;1;0;0;0;3;7
9;0901;1;3;18;1;0;1;1;3;4
9;0901;1;3;19;1;0;1;1;3;7
9;0901;1;3;20;1;0;2;2;7;10
9;0901;1;3;21;1;0;2;2;3;3
9;0901;1;3;22;1;0;0;0;4;6
9;0901;1;4;23;1;0;1;1;3;3
9;0901;1;4;0;1;0;1;1;7;3
9;0901;1;4;1;1;0;1;1;4;6
9;0901;1;4;2;1;0;2;2;1;3
9;0901;1;4;4;1;0;0;0;3;3
9;0901;1;5;3;1;0;0;0;4;3
9;0901;1;5;5;1;0;2;2;5;3
9;0901;1;5;6;1;0;1;1;3;3
9;0901;1;5;7;1;0;2;2;3;7
9;0901;1;5;8;1;0;1;1;3;3
9;0901;1;5;9;1;0;1;1;3;3
9;0901;1;5;10;1;0;1;1;1;3
9;0901;1;5;11;1;0;1;1;3;7
9;0901;1;6;12;1;0;2;2;1;3
9;0901;1;6;13;1;0;1;1;3;3
9;0901;1;6;14;1;0;1;1;3;7
9;0901;1;6;15;1;0;3;3;3;3
9;0901;1;6;16;1;0;0;0;5;4
9;0901;1;6;17;1;0;2;2;7;3
9;0901;1;6;18;1;0;0;0;5;4
9;0901;1;6;19;1;0;3;3;3;7
9;0901;1;6;20;1;0;0;0;7;3
9;0901;1;6;21;1;0;1;1;3;4
9;0901;1;6;22;1;0;1;1;4;10
9;0901;1;7;23;1;0;1;1;7;3
9;0901;1;7;0;1;0;1;1;7;3
9;0901;1;7;1;1;0;0;0;7;3
9;0901;1;7;2;1;0;1;1;1;3
9;0901;1;7;3;1;0;1;1;7;3
9;0901;1;7;4;1;0;1;1;1;5
9;0901;1;7;5;1;0;1;1;7;3
9;0901;1;1;6;1;0;1;1;7;3
9;0901;1;1;7;1;0;1;1;7;4
9;0901;1;1;8;1;0;1;1;3;3
9;0901;1;1;9;1;0;1;1;3;3
9;0901;1;1;10;1;0;3;3;3;7
9;0901;1;1;11;1;0;1;1;3;2
9;0901;1;1;12;1;0;1;1;3;4
9;0901;1;1;13;1;0;2;2;3;1
9;0901;1;1;14;1;0;3;3;3;7
9;0901;1;1;15;1;0;1;1;1;4
9;0901;1;2;16;1;0;2;2;7;10
9;0901;1;2;17;1;0;1;1;3;7
9;0901;1;2;18;1;0;0;0;7;3
9;0901;1;3;19;1;0;2;2;3;7
9;0901;1;3;20;1;0;1;1;3;7
9;0901;1;3;21;1;0;1;1;3;3
24;2403;1;1;0;1;0;0;0;4;4
9;0922;1;1;1;1;0;1;1;2;5
9;0902;1;1;3;2;0;1;1;7;4
9;0927;1;1;3;2;0;2;2;2;5
9;0906;1;1;5;2;0;1;1;1;4
12;1210;1;1;7;2;0;1;1;3;7
23;2301;1;1;7;2;0;2;2;3;4
24;2402;1;1;8;1;0;1;1;4;4
9;0916;1;1;9;2;0;0;0;4;4
9;0914;1;1;10;2;0;1;1;7;4
9;0906;1;1;11;2;1;0;1;4;4
7;0712;1;1;15;2;0;5;5;7;4
1;0101;1;1;15;2;0;0;0;3;7
9;0925;1;1;15;2;0;4;4;3;7
9;0920;1;1;16;2;0;2;2;3;4
9;0914;1;1;16;2;0;1;1;1;4
1;0103;1;1;17;2;0;1;1;5;4
9;0908;1;1;18;2;0;1;1;2;5
9;0916;1;1;18;2;0;0;0;7;4
9;0922;1;1;18;2;0;1;1;2;5
9;0925;1;1;19;2;0;3;3;3;4
13;1314;1;1;19;2;0;1;1;3;4
9;0908;1;1;20;2;0;3;3;1;4
9;0904;1;1;20;1;0;1;1;3;7
9;0906;1;1;20;2;0;1;1;2;5
9;0906;1;1;20;2;0;1;1;1;4
9;0911;1;1;20;2;0;1;1;2;5
1;0101;1;1;21;2;0;3;3;7;4
13;1309;1;1;23;2;0;2;2;4;4
9;0908;1;1;23;2;1;0;1;1;4
9;0925;1;1;23;2;0;0;0;4;4
12;1202;1;2;0;1;1;0;1;3;4
12;1204;1;2;3;2;1;0;1;7;4
13;1312;1;2;6;2;0;2;2;2;5
24;2401;1;2;10;2;0;1;1;7;4
9;0906;1;2;11;2;0;2;2;7;4
24;2401;1;2;12;2;0;1;1;3;7
7;0706;1;2;14;2;0;0;0;3;7
23;2301;1;2;18;2;0;1;1;3;4
24;2401;1;3;3;2;0;1;1;7;4
9;0916;1;3;5;2;0;0;0;3;4
1;0101;1;3;8;2;0;3;3;7;4
12;1201;1;3;11;2;0;0;0;5;4
23;2302;1;3;13;1;0;1;1;2;5
9;0921;1;3;19;2;0;0;0;3;7
9;0904;1;3;22;1;0;1;1;1;4
23;2301;1;4;0;2;0;1;1;3;4
9;0920;1;4;5;2;0;0;0;3;4
9;0918;1;4;10;2;0;2;2;3;7
24;2403;1;4;11;2;0;1;1;1;4
6;0610;1;4;12;1;0;1;1;3;7
24;2402;1;4;13;1;0;1;1;3;7
24;2401;1;4;21;2;0;1;1;3;4
24;2402;1;5;10;1;0;1;1;1;4
9;0919;1;5;15;2;0;1;1;2;5
23;2301;1;5;20;2;1;0;1;3;4
9;0925;1;5;20;2;1;0;1;3;4
1;0101;1;5;21;2;0;0;0;3;7
9;0920;1;6;1;2;0;0;0;4;4
9;0902;1;6;3;2;0;1;1;2;5
9;0920;1;6;15;2;0;2;2;3;7
1;0108;1;6;16;2;0;3;3;3;7
7;0713;1;6;17;2;0;0;0;3;7
9;0916;1;6;17;2;0;0;0;3;4
9;0901;1;6;19;2;0;2;2;1;4
1;0101;1;6;20;2;0;1;1;3;4
24;2402;1;6;22;1;0;1;1;3;4
23;2301;1;7;1;2;1;0;1;4;4
13;1309;1;7;5;2;0;0;0;7;4
1;0115;1;7;5;2;0;1;1;5;4
24;2402;1;7;7;1;0;1;1;1;4
24;2402;1;7;12;1;0;1;1;2;5
13;1301;1;7;14;2;0;1;1;3;7
24;2402;1;7;15;1;0;2;2;3;7
9;0908;1;7;15;2;0;1;1;1;4
9;0914;1;7;16;1;0;1;1;3;7
13;1321;1;7;19;2;0;1;1;7;4
9;0914;1;7;20;2;0;1;1;7;4
9;0918;1;7;20;1;0;1;1;1;4
12;1203;1;7;21;2;0;0;0;5;4
12;1205;1;7;21;2;0;1;1;6;4
9;0928;1;7;23;2;0;1;1;3;7
13;1306;1;7;23;2;0;0;0;7;4
9;0920;1;1;4;2;0;1;1;3;4
9;0912;1;1;7;2;0;2;2;3;4
13;1309;1;1;11;2;0;2;2;3;7
9;0918;1;1;11;2;0;1;1;5;4
17;1703;1;1;12;2;1;0;1;6;4
9;0910;1;1;14;2;0;1;1;3;4
9;0920;1;1;15;2;0;1;1;3;4
9;0916;1;1;16;2;0;3;3;5;4
7;0701;1;1;16;2;0;1;1;3;4
23;2301;1;1;17;2;0;0;0;3;4
1;0104;1;1;19;2;0;0;0;7;4
9;0909;1;2;3;2;0;1;1;4;4
9;0901;1;2;6;2;0;1;1;4;4
9;0906;1;2;7;2;0;1;1;3;7
13;1301;1;2;9;2;0;0;0;3;7
9;0911;1;2;9;2;0;2;2;3;7
9;0924;1;2;10;2;0;1;1;3;7
12;1208;1;2;10;1;0;1;1;3;7
9;0909;1;2;11;1;0;1;1;3;7
17;1703;1;2;13;2;0;0;0;7;4
13;1313;1;2;17;2;0;1;1;3;7
9;0910;1;2;17;2;0;1;1;2;5
1;0101;1;2;20;2;0;0;0;7;4
12;1201;1;3;11;2;0;1;1;2;5
13;1306;1;3;11;2;0;1;1;3;4
1;0103;1;3;14;2;0;2;2;3;7
9;0901;1;3;15;2;0;1;1;5;4
23;2301;1;3;17;2;0;0;0;7;4
9;0912;1;3;20;1;0;0;0;4;4
12;1204;1;4;5;2;0;0;0;7;4
12;1210;1;4;6;2;0;0;0;3;4
1;0103;1;4;8;2;0;1;1;1;4
9;0916;1;4;9;2;0;0;0;3;4
12;1203;1;4;19;2;0;2;2;3;7
9;0911;1;4;20;2;1;0;1;1;4
24;2403;1;4;20;2;0;2;2;3;7
9;0904;1;4;20;2;0;1;1;7;4
13;1301;1;4;21;2;0;3;3;7;4
12;1207;1;5;6;1;0;1;1;6;4
23;2301;1;5;7;2;0;1;1;3;4
9;0906;1;5;12;2;0;0;0;5;4
9;0916;1;5;14;2;0;0;0;7;4
23;2301;1;5;15;2;0;1;1;3;7
7;0706;1;5;16;2;0;1;1;1;4
24;2402;1;5;17;1;0;1;1;3;7
9;0910;1;5;17;2;0;1;1;1;4
1;0101;1;5;17;2;0;0;0;7;4
17;1703;1;5;17;2;0;0;0;7;4
13;1312;1;5;20;2;0;1;1;2;5
7;0710;1;5;21;2;0;0;0;4;4
9;0909;1;5;22;1;0;1;1;2;5
9;0901;1;5;23;2;0;0;0;7;4
9;0901;1;6;0;2;0;0;0;4;4
7;0706;1;6;6;2;0;1;1;3;7
9;0912;1;6;6;1;0;1;1;3;7
9;0906;1;6;10;2;0;1;1;3;7
12;1210;1;6;11;2;0;0;0;3;4
13;1309;1;6;13;2;0;0;0;3;4
13;1312;1;6;14;2;0;0;0;7;4
12;9008;1;6;15;1;0;1;1;2;5
1;0103;1;6;18;2;0;4;4;3;7
9;0920;1;6;21;2;1;2;3;3;7
9;0909;1;7;0;2;0;1;1;3;7
12;1208;1;7;0;1;0;1;1;2;5
1;0101;1;7;1;2;0;1;1;7;4
9;0916;1;7;6;2;0;1;1;7;4
9;0916;1;7;9;2;0;0;0;7;4
7;0712;1;7;11;2;0;0;0;3;7
9;0912;1;7;14;2;0;2;2;3;7
12;1207;1;7;15;1;0;3;3;3;7
9;0920;1;7;16;2;0;1;1;2;5
13;1301;1;7;16;2;0;0;0;3;7
24;2401;1;7;16;1;0;1;1;7;4
9;0922;1;7;17;2;0;1;1;2;5
13;1312;1;7;19;2;0;2;2;7;4
9;0906;1;7;19;1;0;0;0;5;4
9;0906;1;7;19;2;0;2;2;7;4
9;0916;1;7;19;2;0;0;0;4;4
12;1207;1;7;21;1;0;2;2;2;5
7;0702;1;7;21;2;0;2;2;7;4
9;0916;1;7;21;2;2;0;2;3;4
9;0909;1;7;23;1;0;2;2;3;7
9;0920;1;1;5;2;1;0;1;1;4
13;1301;1;1;9;2;0;1;1;2;5
9;0910;1;1;12;2;1;0;1;7;4
24;2402;1;1;15;2;0;2;2;1;4
13;1321;1;1;15;2;0;0;0;5;4
12;1207;1;1;16;1;0;3;3;4;4
13;1319;1;1;18;2;0;2;2;3;7
24;2401;1;1;19;2;0;3;3;3;4
13;1303;1;1;19;2;0;2;2;2;5
9;0902;1;1;20;2;0;1;1;1;4
9;0918;1;1;20;2;0;1;1;1;4
12;1210;1;1;21;2;0;0;0;7;4
9;0906;1;2;8;2;0;2;2;1;4
9;0920;1;2;10;2;0;1;1;3;7
24;2402;1;2;13;1;0;1;1;4;4
9;0904;1;2;14;1;0;2;2;3;7
24;2403;1;2;15;2;0;2;2;3;7
1;0110;1;2;16;2;0;0;0;4;4
23;2301;1;2;21;2;0;2;2;3;4
12;1211;1;2;21;2;1;0;1;3;7
13;1309;1;2;22;2;0;2;2;3;7
9;0911;1;3;8;2;1;0;1;1;4
9;0922;1;3;11;2;0;2;2;1;4
2;0207;1;3;12;1;0;2;2;7;4
9;0911;1;3;15;2;0;2;2;3;7
9;0904;1;3;20;1;0;1;1;3;7
12;1210;1;4;5;2;0;1;1;1;4
9;0920;1;4;13;2;0;1;1;4;4
9;0927;1;4;17;1;0;1;1;3;7
1;0101;1;5;3;2;0;2;2;3;7
24;2401;1;5;9;2;1;0;1;7;4
9;0904;1;5;12;2;0;2;2;3;4
24;2402;1;5;15;1;0;1;1;3;7
12;1204;1;5;15;2;0;2;2;7;4
9;0905;1;5;17;2;1;0;1;6;4
9;0921;1;5;17;1;0;2;2;1;4
9;0914;1;5;18;2;0;1;1;3;7
9;0918;1;5;20;2;0;0;0;7;4
12;1212;1;5;20;2;1;0;1;7;4
1;0101;1;5;21;2;0;0;0;5;4
13;1306;1;5;23;2;0;1;1;7;4
13;1301;1;6;0;2;0;1;1;3;7
9;0920;1;6;5;2;0;1;1;7;4
9;0911;1;6;5;2;1;0;1;7;4
1;0101;1;6;8;2;0;3;3;3;7
9;0920;1;6;14;2;0;1;1;3;7
13;1315;1;6;16;2;0;1;1;3;4
9;0909;1;6;17;2;0;1;1;3;7
9;0909;1;6;18;2;1;0;1;4;4
9;0910;1;6;19;2;0;1;1;3;4
9;0912;1;6;19;2;0;1;1;2;5
9;0906;1;6;21;1;0;1;1;2;5
9;0904;1;6;21;2;0;1;1;3;4
7;0702;1;6;23;2;0;0;0;7;4
9;0906;1;7;4;1;1;0;1;7;4
13;1306;1;7;6;2;0;0;0;7;4
9;0918;1;7;11;2;0;2;2;5;4
7;0711;1;7;13;2;0;1;1;3;7
9;0911;1;7;13;2;0;0;0;8;10
9;0902;1;7;14;2;0;3;3;5;4
12;1207;1;7;14;2;0;1;1;3;4
9;0913;1;7;19;2;0;1;1;1;4
9;0906;1;7;20;2;0;3;3;3;7
9;0909;1;7;22;2;0;1;1;2;5
7;0709;1;1;0;2;0;0;0;7;4
9;0924;1;1;5;2;0;0;0;7;4
9;0912;1;1;6;2;0;1;1;2;5
24;2402;1;1;10;1;0;1;1;2;5
9;0925;1;1;11;2;0;1;1;1;4
9;0908;1;1;12;1;0;1;1;3;7
12;1208;1;1;20;1;0;1;1;2;5
9;0924;1;2;2;2;0;2;2;1;4
12;1208;1;2;13;1;0;1;1;3;7
12;1203;1;2;14;2;0;1;1;3;7
9;0912;1;2;14;2;0;1;1;5;4
9;0906;1;2;17;2;1;0;1;3;4
12;1208;1;2;17;1;0;1;1;7;4
24;2403;1;2;18;1;0;0;0;3;7
9;0909;1;2;23;1;0;1;1;1;4
9;0920;1;3;4;2;0;0;0;4;4
24;2401;1;3;8;2;0;2;2;8;10
12;1210;1;3;9;2;1;1;2;3;4
9;0911;1;3;12;2;0;1;1;2;5
9;0920;1;3;13;1;0;1;1;3;7
23;2302;1;3;16;2;1;1;2;3;7
24;2401;1;3;18;1;0;1;1;3;7
9;0916;1;3;19;2;0;1;1;7;4
13;1301;1;3;19;2;0;1;1;4;4
9;0911;1;3;19;2;1;1;2;7;4
24;2401;1;3;19;1;0;0;0;7;4
24;2401;1;3;22;2;0;0;0;7;4
9;0920;1;4;7;2;0;1;1;3;7
9;0906;1;4;12;2;0;1;1;4;4
13;1301;1;4;16;2;1;1;2;3;7
7;0710;1;4;16;2;0;0;0;3;7
13;1312;1;4;19;2;0;0;0;3;7
12;1207;1;4;19;2;0;2;2;3;7
9;0908;1;4;20;2;1;1;2;3;7
13;1301;1;4;21;2;0;1;1;1;4
7;0712;1;4;23;2;0;1;1;7;4
12;1201;1;5;7;2;0;0;0;3;4
9;0925;1;5;11;2;0;1;1;1;4
24;2401;1;5;11;2;0;0;0;3;7
11;1113;1;5;11;2;0;1;1;7;4
12;1201;1;5;14;2;0;2;2;3;4
9;0922;1;5;14;2;0;1;1;3;7
12;1210;1;5;15;2;1;0;1;3;4
9;0922;1;5;16;2;0;1;1;3;7
1;0108;1;5;17;2;0;2;2;3;4
9;0922;1;5;19;2;0;1;1;2;5
24;2401;1;5;19;2;0;1;1;3;7
24;2401;1;5;19;2;0;0;0;3;4
9;0901;1;5;20;2;0;0;0;4;4
9;0916;1;5;22;2;0;1;1;3;7
12;1208;1;5;22;1;0;2;2;2;5
23;2301;1;6;6;2;1;1;2;5;4
9;0911;1;6;15;2;0;2;2;3;7
12;1204;1;6;16;2;0;0;0;7;4
13;1307;1;6;16;2;1;2;3;3;7
7;0702;1;6;18;2;0;0;0;7;4
13;1309;1;6;19;2;0;0;0;7;4
7;0701;1;6;19;2;1;0;1;3;4
11;1111;1;6;20;2;0;1;1;3;4
9;0906;1;6;20;2;0;1;1;1;4
9;0913;1;6;20;2;1;0;1;7;4
9;0916;1;6;21;2;0;1;1;5;4
9;0924;1;6;21;2;0;1;1;3;7
12;1203;1;6;23;2;0;2;2;2;5
12;1207;1;7;0;2;0;1;1;2;5
9;0911;1;7;4;2;0;0;0;8;10
12;9008;1;7;4;2;1;3;4;3;7
12;1203;1;7;6;2;0;1;1;7;4
24;2402;1;7;8;2;0;0;0;3;4
23;2301;1;7;8;2;0;0;0;3;4
1;0108;1;7;8;2;0;0;0;3;4
9;0906;1;7;8;2;0;0;0;4;4
9;0910;1;7;10;2;1;0;1;5;4
24;2401;1;7;10;2;0;2;2;3;7
2;0206;1;7;12;1;0;1;1;2;5
9;0921;1;7;14;2;0;1;1;3;4
11;1111;1;7;15;2;0;0;0;3;4
9;0914;1;7;16;2;0;1;1;7;4
9;0920;1;7;17;2;0;2;2;2;5
7;0709;1;7;17;2;0;1;1;3;7
9;0910;1;7;17;2;0;1;1;3;7
9;0906;1;7;18;1;0;1;1;2;5
12;1207;1;7;19;2;0;1;1;1;4
9;0920;1;7;19;2;0;1;1;2;5
24;2403;1;7;19;2;0;1;1;1;4
9;0911;1;7;20;1;0;1;1;2;5
9;0924;1;1;2;2;0;1;1;1;4
9;0916;1;1;7;2;0;1;1;5;4
24;2402;1;1;8;1;0;1;1;3;7
9;0906;1;1;10;2;0;1;1;3;4
9;0901;1;1;12;1;0;3;3;3;7
24;2402;1;1;12;2;0;1;1;3;7
7;0709;1;1;15;2;1;1;2;3;7
13;1310;1;1;16;2;0;0;0;3;7
7;0702;1;1;17;2;0;2;2;5;4
23;2301;1;1;17;2;1;0;1;1;4
17;1703;1;1;18;2;0;0;0;7;4
12;1207;1;2;1;1;0;1;1;7;4
7;0706;1;2;6;2;0;0;0;4;4
9;0920;1;2;7;2;0;1;1;2;5
2;0207;1;2;8;1;0;1;1;3;7
9;0918;1;2;9;2;0;0;0;4;4
24;2401;1;2;10;2;0;1;1;3;7
12;1201;1;2;11;2;0;0;0;3;4
1;0108;1;2;11;2;0;0;0;7;4
13;1306;1;2;16;2;0;0;0;4;4
9;0927;1;2;17;2;0;1;1;3;4
9;0901;1;2;17;2;0;11;11;7;4
9;0906;1;2;19;1;0;1;1;1;4
9;0909;1;2;20;2;0;1;1;1;4
7;0709;1;2;20;2;0;0;0;7;4
9;0924;1;3;1;2;0;0;0;7;4
9;0910;1;3;5;2;0;2;2;3;4
9;0906;1;3;12;1;0;1;1;3;7
13;1321;1;3;14;2;0;0;0;7;4
9;0910;1;3;17;2;0;1;1;1;4
12;1201;1;3;19;2;0;0;0;3;4
9;0911;1;3;20;2;2;0;2;3;4
9;0901;1;3;22;2;1;1;2;3;4
9;0904;1;3;22;1;0;2;2;1;4
17;1701;1;1;1;1;0;1;1;3;3
17;1701;1;1;4;1;0;5;5;3;4
17;1701;1;1;4;1;1;1;2;7;4
17;1701;1;1;5;2;0;1;1;3;1
17;1701;1;1;5;2;1;1;2;1;4
17;1701;1;1;9;2;2;0;2;3;3
17;1701;1;1;11;2;1;1;2;3;4
17;1701;1;1;14;1;0;9;9;7;4
17;1705;1;1;17;1;0;1;1;7;4
17;1701;1;1;19;2;1;2;3;7;3
15;1501;1;2;0;1;0;1;1;3;4
17;1701;1;2;5;2;1;2;3;4;4
17;1701;1;2;7;1;0;1;1;1;4
17;1702;1;2;19;2;0;1;1;1;4
15;1501;1;3;9;1;0;2;2;3;4
17;1704;1;3;16;1;1;1;2;3;7
17;1701;1;3;16;1;0;1;1;3;7
17;1703;1;3;17;2;0;0;0;3;3
15;1509;1;3;22;1;0;0;0;7;4
17;1703;1;3;23;2;0;1;1;4;3
17;1703;1;4;4;2;0;1;1;3;4
17;1703;1;4;5;1;1;0;1;7;4
17;1703;1;4;9;2;0;1;1;7;3
17;1703;1;4;12;2;0;1;1;3;4
17;1703;1;4;17;2;0;6;6;3;4
12;1207;1;5;7;1;0;1;1;3;3
2;0201;1;5;8;1;0;0;0;3;7
3;0302;1;5;9;1;0;1;1;3;3
2;0201;1;5;15;2;0;1;1;3;7
2;0201;1;5;17;1;0;1;1;3;7
2;0201;1;5;18;2;0;1;1;3;4
3;0301;1;6;0;2;1;0;1;3;4
3;0301;1;6;1;1;0;0;0;7;1
2;0201;1;6;4;2;0;1;1;3;3
6;0605;1;6;17;2;1;0;1;1;4
4;0401;1;6;19;1;1;3;4;3;3
2;0205;1;6;19;2;0;2;2;1;4
6;0607;1;6;21;1;0;0;0;3;1
6;0607;1;6;22;1;4;2;6;1;1
6;0601;1;7;16;1;0;2;2;3;3
6;0606;1;7;18;2;0;1;1;3;4
6;0607;1;1;13;2;0;4;4;3;4
6;0606;1;2;10;1;1;0;1;7;4
6;0606;1;2;16;1;0;0;0;3;4
6;0609;1;3;6;2;0;1;1;3;4
6;0607;1;3;21;1;1;0;1;7;4
6;0607;1;4;10;1;0;0;0;5;4
6;0601;1;4;12;2;0;1;1;3;4
6;0601;1;4;13;1;1;1;2;3;4
6;0607;1;4;16;1;0;1;1;7;4
6;0607;1;4;20;1;1;1;2;3;4
6;0607;1;4;23;1;1;2;3;7;4
6;0604;1;6;6;2;0;1;1;7;4
6;0605;1;6;20;1;0;2;2;4;4
6;0602;1;6;23;1;0;1;1;3;1
6;0607;1;7;2;1;0;0;0;7;8
5;0505;1;7;7;2;0;1;1;3;4
6;0605;1;7;17;1;0;2;2;1;4
6;0602;1;7;21;1;1;0;1;7;3
6;0610;1;7;23;1;4;0;4;7;6
5;0502;1;1;17;1;0;1;1;1;4
5;0502;1;2;8;2;0;0;0;3;4
5;0504;1;2;15;1;0;1;1;3;4
2;0205;1;2;19;1;0;1;1;7;4
11;1107;1;2;21;2;0;1;1;7;4
8;0804;1;3;3;2;1;2;3;7;4
10;1001;1;3;7;1;1;3;4;7;3
8;0804;1;3;10;2;0;1;1;1;3
10;1001;1;3;16;2;1;0;1;7;4
10;1001;1;3;22;1;1;0;1;3;4
12;1206;1;3;22;1;1;0;1;7;3
11;1108;1;4;7;2;0;1;1;7;4
11;1102;1;4;12;2;1;3;4;3;2
11;1107;1;4;14;1;1;0;1;1;4
11;1113;1;4;20;1;0;2;2;4;4
13;1314;1;5;1;2;0;0;0;7;4
12;1206;1;5;6;2;0;0;0;6;7
13;1317;1;5;6;1;0;2;2;3;4
13;1303;1;5;18;2;0;2;2;3;4
13;1305;1;5;21;2;0;1;1;3;3
13;1303;1;5;22;2;1;0;1;7;4
13;1321;1;5;22;2;0;0;0;3;4
13;1322;1;6;4;1;1;0;1;7;1
14;1401;1;6;9;1;0;0;0;7;4
22;2201;1;6;18;2;0;0;0;3;1
13;1304;1;6;23;1;0;0;0;5;4
14;1401;1;7;7;1;1;0;1;7;3
14;1402;1;7;17;2;0;0;0;7;3
18;1806;1;7;18;2;0;1;1;3;2
14;1406;1;7;20;2;0;0;0;3;1
14;1401;1;1;1;1;0;2;2;6;4
22;2201;1;1;6;2;0;0;0;3;4
14;1410;1;1;10;1;0;0;0;4;4
22;2203;1;1;16;2;0;3;3;3;3
16;1603;1;1;18;1;0;0;0;3;1
21;2101;1;2;10;1;1;0;1;7;3
21;2104;1;2;10;1;0;1;1;1;5
17;1701;1;2;15;2;1;0;1;1;5
21;2101;1;2;18;2;0;0;0;7;9
18;1807;1;3;20;1;0;0;0;3;4
18;1809;1;4;0;1;1;0;1;7;4
18;1807;1;4;1;2;0;0;0;7;3
18;1807;1;4;7;2;1;0;1;3;4
18;1809;1;4;15;2;0;2;2;1;4
2;0202;1;4;20;1;0;1;1;1;4
18;1805;1;4;22;1;1;0;1;1;5
18;1807;1;4;22;2;0;2;2;3;4
18;1802;1;4;23;1;1;0;1;7;3
19;1902;1;5;1;2;1;0;1;3;4
18;1807;1;5;9;1;0;1;1;7;4
18;1809;1;5;11;2;1;0;1;1;4
19;1901;1;5;14;2;0;0;0;3;9
18;1809;1;5;15;2;1;0;1;3;4
18;1802;1;5;16;1;0;1;1;6;3
3;0304;1;5;19;1;0;0;0;3;4
18;1802;1;6;9;1;0;1;1;3;4
18;1804;1;6;9;1;0;0;0;3;4
2;0203;1;6;15;2;1;0;1;7;1
2;0205;1;6;17;2;0;0;0;3;1
2;0205;1;6;21;2;1;1;2;7;4
10;1002;1;7;0;2;0;1;1;3;4
19;1905;1;7;0;2;0;1;1;3;4
2;0205;1;7;19;2;1;0;1;7;4
2;0205;1;7;20;2;0;1;1;3;4
17;1703;1;2;2;2;0;2;2;7;3
12;1210;1;2;16;2;1;0;1;4;4
6;0605;1;3;17;1;0;0;0;7;8
5;0501;1;3;17;2;0;3;3;6;4
10;1001;1;3;20;2;0;1;1;3;4
10;1001;1;1;0;1;0;0;0;1;4
13;1301;1;1;1;1;0;0;0;4;1
13;1308;1;1;1;1;0;0;0;3;4
9;0907;1;1;2;1;0;0;0;2;4
17;1701;1;1;3;1;0;1;1;7;8
17;1701;1;1;3;2;0;0;0;3;7
1;0101;1;1;4;1;0;1;1;7;4
1;0101;1;1;4;1;0;0;0;3;1
7;0701;1;1;4;1;0;0;0;1;3
17;1701;1;1;5;2;0;1;1;4;3
17;1701;1;1;5;1;0;0;0;4;3
13;1301;1;1;7;1;0;0;0;7;3
11;1101;1;1;7;1;1;2;3;7;1
1;0101;1;1;7;1;0;0;0;7;4
11;1101;1;1;7;1;0;1;1;3;1
18;1801;1;1;9;1;0;2;2;4;4
10;1001;1;1;9;1;0;2;2;4;4
17;1701;1;1;9;1;0;2;2;6;1
17;1701;1;1;10;1;2;1;3;3;1
17;1701;1;1;10;1;0;2;2;3;2
10;1006;1;1;10;2;0;1;1;3;3
13;1308;1;1;10;1;0;1;1;3;4
13;1308;1;1;10;1;0;0;0;4;3
10;1001;1;1;11;1;0;0;0;5;7
18;1801;1;1;11;2;0;0;0;7;3
11;1101;1;1;11;1;0;0;0;3;6
17;1701;1;1;12;1;0;3;3;3;4
18;1801;1;1;13;1;0;0;0;4;2
1;0101;1;1;13;1;0;2;2;7;4
17;1701;1;1;13;1;0;0;0;4;8
17;1701;1;1;14;1;0;1;1;5;4
18;1801;1;1;16;1;0;1;1;1;5
11;1101;1;1;17;1;0;0;0;4;1
9;0907;1;1;17;1;0;1;1;7;4
11;1101;1;1;17;1;0;1;1;3;4
23;2301;1;1;18;1;0;0;0;7;2
17;1701;1;1;18;2;0;0;0;7;2
13;1308;1;1;19;1;0;1;1;3;4
17;1701;1;1;19;2;1;0;1;1;1
17;1701;1;1;19;1;0;2;2;3;7
11;1101;1;1;20;1;0;1;1;3;1
5;0501;1;1;20;2;0;0;0;5;4
17;1701;1;1;21;1;0;1;1;4;3
11;1101;1;1;22;1;0;0;0;4;1
23;2301;1;2;7;1;0;1;1;3;7
1;0101;1;2;8;1;0;2;2;1;4
23;2301;1;2;9;1;0;0;0;1;8
1;0101;1;2;11;1;0;0;0;1;4
17;1701;1;2;11;1;0;1;1;3;7
17;1701;1;2;11;2;0;0;0;7;6
17;1701;1;2;13;1;0;1;1;3;2
18;1801;1;2;13;1;0;0;0;1;5
7;0701;1;2;13;1;0;0;0;1;3
5;0501;1;2;14;1;0;0;0;7;3
18;1801;1;2;15;1;0;1;1;1;4
5;0501;1;2;15;2;0;4;4;3;4
17;1701;1;2;15;1;0;3;3;1;5
10;1001;1;2;17;1;0;1;1;3;4
23;2301;1;2;17;1;0;1;1;3;4
23;2301;1;2;17;1;0;1;1;7;8
9;0912;1;2;19;1;0;1;1;2;4
9;0907;1;2;19;1;0;0;0;1;4
17;1701;1;2;22;1;0;0;0;1;5
17;1701;1;2;22;2;0;1;1;4;3
23;2301;1;2;22;1;0;0;0;4;1
7;0701;1;3;2;1;0;0;0;4;1
13;1301;1;3;2;1;0;0;0;3;7
23;2301;1;3;5;1;1;0;1;1;4
9;0907;1;3;5;1;0;0;0;7;4
18;1801;1;3;7;1;0;2;2;3;4
17;1701;1;3;8;2;0;3;3;3;3
5;0501;1;3;9;1;0;0;0;4;4
13;1308;1;3;9;1;0;0;0;3;4
17;1701;1;3;10;1;0;0;0;8;7
17;1701;1;3;10;1;0;1;1;1;5
10;1001;1;3;10;1;0;0;0;1;7
13;1308;1;3;12;1;0;2;2;5;4
6;0601;1;3;12;2;0;0;0;1;7
1;0101;1;3;12;1;0;1;1;3;1
11;1101;1;3;12;1;0;0;0;4;4
8;0801;1;3;12;2;0;1;1;7;3
17;1701;1;3;15;2;0;2;2;8;4
17;1701;1;3;16;1;1;1;2;3;8
5;0501;1;3;16;1;0;0;0;7;4
17;1701;1;3;17;1;0;0;0;3;8
23;2301;1;3;18;1;0;0;0;1;4
5;0501;1;3;19;1;0;1;1;3;7
23;2301;1;3;19;2;0;1;1;7;10
13;1308;1;3;20;1;0;2;2;4;4
5;0501;1;3;20;1;0;1;1;1;3
5;0501;1;3;22;2;0;1;1;7;3
18;1801;1;3;22;2;0;0;0;3;2
17;1701;1;3;23;1;0;0;0;3;1
7;0701;1;4;0;1;0;1;1;4;4
17;1701;1;4;1;1;0;2;2;4;2
9;0907;1;4;5;1;0;0;0;1;4
1;0101;1;4;5;1;0;1;1;4;4
13;1321;1;4;6;1;0;1;1;3;4
10;1001;1;4;8;1;0;1;1;3;7
17;1701;1;4;8;1;0;5;5;3;8
17;1701;1;4;9;1;0;0;0;3;2
23;2301;1;4;9;1;0;1;1;3;4
17;1701;1;4;9;1;0;0;0;3;4
18;1801;1;4;9;2;0;0;0;3;7
17;1701;1;4;10;1;0;0;0;4;1
13;1301;1;4;11;1;0;4;4;5;7
17;1701;1;4;11;1;0;1;1;1;5
5;0501;1;4;12;1;0;1;1;7;3
10;1001;1;4;13;1;0;1;1;7;2
13;1308;1;4;16;1;0;1;1;3;4
18;1801;1;4;18;2;0;2;2;1;3
11;1101;1;4;19;1;0;0;0;1;4
9;0907;1;4;20;1;0;2;2;1;4
1;0101;1;4;23;1;0;0;0;3;4
1;0101;1;4;23;1;0;0;0;7;4
13;1301;1;5;4;1;0;1;1;4;7
17;1701;1;5;5;1;0;1;1;4;4
17;1701;1;5;7;1;0;1;1;4;4
17;1701;1;5;8;1;0;0;0;8;7
23;2301;1;5;9;1;0;0;0;3;4
18;1801;1;5;10;1;0;0;0;3;4
17;1701;1;5;10;1;0;0;0;3;4
17;1701;1;5;12;2;0;1;1;3;2
17;1701;1;5;16;1;0;0;0;1;5
18;1801;1;5;16;1;0;1;1;3;3
17;1701;1;5;17;1;1;6;7;4;2
18;1801;1;5;18;2;0;0;0;4;2
13;1308;1;5;21;1;0;0;0;3;2
5;0501;1;5;21;1;0;0;0;7;4
18;1801;1;5;23;2;0;0;0;3;1
17;1701;1;6;0;1;0;0;0;3;7
17;1701;1;6;0;2;0;0;0;7;4
17;1701;1;6;2;1;0;0;0;3;1
17;1701;1;6;2;1;0;1;1;4;4
1;0101;1;6;2;1;0;1;1;3;7
17;1701;1;6;2;1;0;1;1;7;4
18;1801;1;6;4;1;0;0;0;7;1
18;1801;1;6;6;1;0;1;1;4;1
17;1701;1;6;7;1;0;0;0;3;7
17;1701;1;6;8;1;0;1;1;3;4
9;0907;1;6;11;1;0;1;1;3;4
17;1701;1;6;11;1;0;1;1;3;3
10;1001;1;6;11;1;0;1;1;3;7
17;1701;1;6;11;1;0;1;1;3;7
17;1701;1;6;13;1;0;0;0;3;4
9;0907;1;6;16;1;0;2;2;3;4
13;1308;1;6;18;1;0;2;2;3;4
17;1701;1;6;18;1;0;2;2;8;7
17;1701;1;6;18;2;0;1;1;3;1
17;1701;1;6;19;1;0;0;0;4;2
7;0701;1;6;20;2;0;1;1;3;3
1;0101;1;6;21;1;0;0;0;3;4
13;1301;1;6;23;1;0;0;0;7;3
11;1101;1;6;23;1;0;0;0;4;4
17;1701;1;7;2;1;0;2;2;4;7
13;1308;1;7;2;1;0;1;1;4;1
13;1308;1;7;4;1;0;1;1;3;4
12;1201;1;7;5;1;0;1;1;7;9
17;1701;1;7;6;2;0;1;1;8;1
13;1308;1;7;7;1;0;0;0;3;4
13;1301;1;7;8;1;0;0;0;4;3
9;0907;1;7;8;1;0;0;0;2;4
10;1003;1;7;9;1;0;1;1;1;7
8;0805;1;7;10;2;0;0;0;7;9
1;0101;1;7;10;2;0;2;2;3;4
11;1101;1;7;13;1;0;0;0;3;1
17;1701;1;7;16;1;0;1;1;7;2
9;0907;1;7;17;1;0;0;0;3;4
17;1701;1;7;19;1;0;0;0;3;1
17;1701;1;7;21;2;0;2;2;3;2
1;0101;1;7;22;1;0;0;0;1;4
17;1701;1;7;23;1;1;0;1;5;4
13;1308;1;1;0;1;0;0;0;3;4
17;1701;1;1;1;1;0;1;1;7;4
5;0501;1;1;3;1;0;0;0;7;3
17;1701;1;1;6;2;0;0;0;3;7
17;1701;1;1;7;1;1;0;1;3;4
17;1701;1;1;8;2;0;1;1;3;4
1;0101;1;1;9;1;0;1;1;3;4
17;1701;1;1;9;1;0;2;2;3;2
9;0907;1;1;11;1;0;5;5;3;4
17;1701;1;1;12;1;0;2;2;1;4
18;1801;1;1;13;1;0;1;1;3;10
23;2301;1;1;14;1;0;0;0;3;4
11;1101;1;1;17;1;0;0;0;1;5
17;1701;1;1;17;1;0;0;0;3;7
5;0501;1;1;18;2;0;1;1;3;4
18;1801;1;1;18;1;0;1;1;3;4
17;1701;1;1;18;1;0;0;0;7;3
13;1308;1;1;20;1;0;1;1;3;4
23;2301;1;1;20;1;0;1;1;5;4
13;1308;1;1;22;1;0;2;2;3;4
18;1801;1;2;4;2;0;3;3;7;3
17;1701;1;2;5;1;0;2;2;3;4
1;0101;1;2;6;1;0;0;0;3;4
10;1001;1;2;8;1;0;2;2;7;10
23;2301;1;2;9;1;0;0;0;3;7
5;0501;1;2;10;1;0;1;1;4;4
18;1801;1;2;11;1;0;1;1;1;5
13;1308;1;2;11;1;0;2;2;3;4
23;2301;1;2;12;1;0;1;1;3;7
17;1701;1;2;12;1;0;0;0;3;2
5;0501;1;2;12;1;0;1;1;3;4
13;1308;1;2;13;1;0;0;0;3;4
11;1101;1;2;14;1;0;1;1;3;1
1;0101;1;2;15;1;0;2;2;1;4
1;0101;1;2;16;1;0;0;0;3;1
13;1308;1;2;17;1;0;2;2;3;4
23;2301;1;2;17;1;0;1;1;3;7
17;1701;1;2;19;1;0;0;0;3;1
18;1801;1;2;21;2;1;0;1;1;5
1;0101;1;3;6;1;0;1;1;7;4
17;1701;1;3;8;1;0;2;2;5;4
17;1701;1;3;8;1;0;1;1;3;7
17;1701;1;3;12;1;0;0;0;3;2
1;0101;1;3;12;1;0;0;0;3;4
17;1701;1;3;16;1;0;0;0;3;3
17;1701;1;3;17;2;0;0;0;8;2
17;1701;1;3;19;1;0;0;0;7;3
1;0101;1;3;21;1;0;0;0;3;7
1;0101;1;3;21;1;0;1;1;3;7
11;1101;1;3;22;1;0;1;1;7;4
17;1701;1;4;0;1;0;0;0;6;7
17;1701;1;4;5;1;0;1;1;3;7
1;0101;1;4;7;2;0;0;0;5;4
17;1701;1;4;8;1;0;0;0;3;2
17;1701;1;4;10;1;0;2;2;8;3
17;1701;1;4;11;1;1;0;1;3;7
17;1701;1;4;13;2;0;0;0;5;1
17;1701;1;4;15;1;1;0;1;5;4
12;1201;1;4;19;1;0;0;0;3;2
17;1701;1;4;21;1;0;1;1;8;1
1;0101;1;4;22;1;0;1;1;3;1
1;0101;1;5;5;1;0;1;1;4;4
9;0907;1;5;6;1;0;0;0;7;4
17;1701;1;5;6;1;0;1;1;3;2
9;0907;1;5;8;1;0;1;1;3;4
18;1801;1;5;8;1;0;0;0;3;4
18;1801;1;5;11;2;0;2;2;2;5
1;0101;1;5;11;1;1;0;1;3;7
18;1801;1;5;12;1;0;1;1;1;5
9;0907;1;5;12;1;0;1;1;3;4
23;2301;1;5;14;1;0;0;0;7;3
17;1701;1;5;14;1;0;0;0;8;7
23;2301;1;5;15;1;0;0;0;3;7
17;1701;1;5;16;1;0;3;3;8;4
10;1004;1;5;16;2;1;0;1;1;4
1;0101;1;5;17;1;0;1;1;1;5
10;1001;1;5;17;1;0;1;1;3;3
1;0101;1;5;17;1;0;0;0;3;7
9;0907;1;5;17;1;0;0;0;7;4
23;2301;1;5;18;1;0;0;0;3;7
17;1701;1;5;18;1;0;1;1;4;3
13;1308;1;5;19;1;0;1;1;3;7
17;1701;1;5;19;1;0;0;0;3;1
13;1308;1;5;20;1;0;0;0;8;4
17;1701;1;5;23;1;0;0;0;3;4
5;0501;1;6;3;1;0;0;0;7;3
17;1701;1;6;3;2;0;0;0;4;3
9;0907;1;6;5;1;0;0;0;7;4
17;1701;1;6;6;1;0;0;0;4;4
17;1701;1;6;7;2;0;1;1;3;4
17;1701;1;6;8;1;0;0;0;8;7
5;0501;1;6;9;2;1;0;1;3;4
18;1801;1;6;10;2;0;3;3;7;3
17;1701;1;6;10;1;0;0;0;3;4
17;1701;1;6;12;2;1;0;1;3;2
17;1701;1;6;13;1;0;1;1;1;4
5;0501;1;6;13;1;0;0;0;7;3
17;1701;1;6;13;1;0;0;0;3;4
17;1701;1;6;14;1;0;1;1;3;4
1;0101;1;6;14;1;0;2;2;3;7
18;1801;1;6;15;1;0;1;1;4;4
1;0101;1;6;16;1;0;0;0;3;7
17;1701;1;6;16;1;0;0;0;4;1
11;1101;1;6;17;1;0;0;0;4;4
17;1701;1;6;18;1;0;0;0;3;1
13;1301;1;6;18;1;0;0;0;3;1
17;1701;1;6;18;2;0;1;1;8;1
23;2301;1;6;19;1;0;0;0;3;1
17;1701;1;6;20;1;0;0;0;3;3
23;2301;1;6;20;1;0;0;0;3;7
11;1101;1;6;20;1;0;1;1;1;1
11;1101;1;6;21;2;1;0;1;5;1
17;1701;1;6;22;1;0;1;1;3;1
1;0101;1;6;22;1;0;0;0;4;1
17;1701;1;6;23;1;0;1;1;3;1
17;1701;1;7;1;1;0;1;1;4;4
23;2301;1;7;1;1;0;0;0;4;3
17;1701;1;7;3;1;0;1;1;3;4
17;1701;1;7;4;1;0;1;1;7;3
13;1301;1;7;4;1;0;1;1;6;3
5;0501;1;7;4;2;0;0;0;4;3
17;1701;1;7;5;1;0;1;1;3;1
17;1701;1;7;6;1;0;0;0;8;1
13;1308;1;7;7;1;3;3;6;3;4
13;1301;1;7;8;1;0;1;1;4;3
1;0101;1;7;10;1;0;1;1;3;4
17;1701;1;7;10;1;0;3;3;8;7
17;1701;1;7;12;1;0;0;0;1;5
7;0701;1;7;13;1;0;1;1;1;5
5;0501;1;7;16;1;0;0;0;7;3
17;1701;1;7;18;1;0;1;1;1;5
1;0101;1;7;18;1;0;1;1;3;7
18;1801;1;7;18;2;0;1;1;1;5
13;1308;1;7;20;1;0;1;1;3;4
17;1701;1;7;22;2;0;1;1;3;6
17;1701;1;7;22;1;0;2;2;1;4
17;1701;1;7;22;1;0;0;0;1;4
18;1801;1;7;23;2;0;0;0;1;3
1;0101;1;1;6;2;0;1;1;7;4
1;0101;1;1;7;1;0;1;1;1;4
17;1701;1;1;10;1;0;0;0;3;2
17;1701;1;1;11;1;1;0;1;1;5
17;1701;1;1;11;1;1;1;2;1;5
5;0501;1;1;14;2;1;1;2;4;3
5;0501;1;1;16;1;0;0;0;7;3
5;0501;1;1;16;1;0;0;0;3;4
5;0501;1;1;17;2;0;1;1;3;2
5;0501;1;1;17;1;0;2;2;3;2
17;1701;1;1;19;1;0;3;3;2;3
7;0701;1;1;20;1;0;1;1;3;7
1;0101;1;1;21;1;0;2;2;4;1
1;0101;1;1;22;1;0;0;0;3;7
17;1701;1;2;2;1;0;4;4;4;3
17;1701;1;2;4;1;0;1;1;1;4
17;1701;1;2;12;1;0;0;0;3;7
7;0701;1;2;15;1;0;1;1;3;7
5;0501;1;2;17;2;0;1;1;4;3
5;0501;1;2;17;1;0;0;0;3;4
13;1308;1;2;17;1;0;1;1;3;4
17;1701;1;2;17;1;0;0;0;3;1
17;1701;1;2;17;1;0;1;1;4;1
8;0801;1;2;18;1;0;1;1;4;3
1;0101;1;2;18;1;0;0;0;3;4
17;1701;1;2;23;2;0;0;0;4;2
5;0501;1;3;4;2;1;2;3;7;3
13;1309;1;3;5;1;0;0;0;7;6
17;1701;1;3;6;1;0;0;0;3;2
17;1701;1;3;6;1;0;2;2;3;4
5;0501;1;3;6;1;0;0;0;1;3
17;1701;1;3;7;1;0;0;0;3;7
17;1701;1;3;7;1;0;2;2;3;7
1;0101;1;3;7;1;0;0;0;3;4
23;2301;1;3;9;1;0;2;2;3;4
11;1101;1;3;9;1;0;1;1;3;4
5;0501;1;3;10;2;0;1;1;7;3
17;1701;1;3;11;2;0;0;0;6;6
17;1701;1;3;11;1;0;1;1;3;4
17;1701;1;3;12;2;0;1;1;3;4
1;0101;1;3;12;1;0;2;2;5;4
5;0501;1;3;14;1;0;1;1;3;4
13;1308;1;3;16;1;0;0;0;4;4
13;1308;1;3;16;1;0;1;1;3;4
17;1701;1;3;16;1;0;2;2;8;1
17;1701;1;3;17;1;0;1;1;3;7
1;0101;1;3;17;1;0;1;1;1;5
18;1801;1;3;19;2;0;2;2;3;1
1;0101;1;3;19;1;0;0;0;1;1
13;1308;1;3;20;1;0;2;2;3;2
23;2301;1;3;23;1;0;0;0;3;7
17;1701;1;3;23;1;0;0;0;1;4
1;0101;1;4;5;1;0;2;2;3;7
18;1801;1;4;6;2;0;0;0;7;3
17;1701;1;4;7;1;0;0;0;5;4
1;0101;1;4;7;1;0;2;2;3;7
9;0907;1;4;9;1;0;2;2;7;4
17;1701;1;4;9;2;0;2;2;4;2
1;0101;1;4;10;1;0;1;1;4;4
23;2301;1;4;12;1;0;1;1;3;4
23;2301;1;4;13;1;0;0;0;3;6
1;0101;1;4;13;1;0;0;0;3;7
17;1701;1;4;16;1;0;0;0;1;5
18;1801;1;4;19;1;0;1;1;3;1
17;1701;1;4;21;1;0;1;1;3;2
17;1701;1;4;22;2;0;1;1;3;7
1;0101;1;5;1;1;1;0;1;7;4
17;1701;1;5;8;2;0;2;2;3;4
1;0101;1;5;9;1;0;0;0;7;1
17;1701;1;5;10;1;0;2;2;1;4
23;2301;1;5;10;1;0;1;1;7;3
12;1201;1;5;13;2;0;0;0;3;4
1;0101;1;5;14;1;0;1;1;1;4
17;1701;1;5;15;1;0;1;1;3;7
1;0101;1;5;16;1;0;0;0;8;10
1;0101;1;5;17;1;0;1;1;3;7
17;1701;1;5;17;1;0;0;0;3;1
17;1701;1;5;19;1;0;0;0;1;1
18;1801;1;5;19;1;0;0;0;1;4
18;1801;1;5;19;2;0;0;0;3;2
11;1101;1;5;19;1;0;1;1;4;1
13;1308;1;5;19;1;0;1;1;3;4
9;0907;1;5;20;1;0;1;1;3;4
17;1701;1;5;21;2;0;0;0;8;1
17;1701;1;5;21;1;0;1;1;8;4
5;0501;1;5;23;1;0;0;0;3;4
5;0501;1;6;5;2;0;2;2;7;3
18;1801;1;6;7;1;0;1;1;1;5
1;0101;1;6;8;1;0;0;0;7;4
5;0501;1;6;10;2;0;1;1;3;3
17;1701;1;6;11;1;0;3;3;1;4
18;1801;1;6;12;1;0;1;1;3;4
10;1001;1;6;12;1;0;2;2;3;7
18;1801;1;6;13;1;0;1;1;4;4
17;1704;1;6;13;2;0;1;1;8;4
17;1701;1;6;14;1;0;0;0;3;2
1;0101;1;6;14;1;0;0;0;3;2
18;1801;1;6;14;1;1;0;1;4;1
18;1801;1;6;16;2;0;1;1;3;1
17;1701;1;6;16;2;0;2;2;3;2
23;2301;1;6;16;2;0;1;1;1;4
17;1701;1;6;18;1;0;0;0;8;7
5;0501;1;6;19;2;0;1;1;7;3
17;1701;1;6;19;1;0;0;0;3;1
17;1701;1;6;19;1;0;3;3;7;3
23;2301;1;6;19;1;0;0;0;3;4
18;1801;1;6;19;2;0;0;0;4;4
18;1801;1;6;20;1;0;1;1;4;3
11;1101;1;6;20;1;0;0;0;3;1
23;2301;1;6;20;2;0;1;1;7;3
8;0801;1;6;21;1;0;0;0;3;1
18;1801;1;6;21;1;0;0;0;7;3
5;0501;1;6;21;2;0;1;1;7;3
17;1701;1;6;22;1;0;0;0;4;3
17;1701;1;6;22;1;0;0;0;3;1
18;1801;1;6;23;1;0;1;1;3;7
9;0907;1;7;3;1;0;1;1;6;2
10;1004;1;7;7;1;0;1;1;3;7
18;1801;1;7;7;1;0;1;1;4;1
17;1701;1;7;7;1;0;1;1;3;7
10;1003;1;7;8;2;0;1;1;3;7
23;2301;1;7;9;1;0;0;0;4;3
17;1701;1;7;12;1;1;0;1;3;3
18;1801;1;7;12;1;0;0;0;3;4
17;1701;1;7;14;2;0;0;0;3;3
17;1701;1;7;15;1;0;0;0;3;7
9;0907;1;7;18;1;0;1;1;1;4
23;2301;1;7;18;1;0;1;1;7;8
9;0907;1;7;19;1;0;6;6;1;4
13;1301;1;7;20;1;0;0;0;3;7
17;1701;1;7;20;2;0;0;0;3;4
17;1701;1;7;20;1;0;1;1;4;3
9;0907;1;7;20;1;0;1;1;3;4
1;0101;1;7;20;2;0;1;1;4;1
5;0501;1;7;21;1;0;0;0;4;3
5;0501;1;7;22;1;0;1;1;3;3
17;1701;1;7;22;1;0;0;0;3;1
17;1701;1;7;22;2;0;0;0;4;2
17;1701;1;7;23;1;0;0;0;3;7
13;1308;1;1;2;1;0;1;1;4;3
17;1701;1;1;8;1;0;1;1;1;5
17;1701;1;1;10;1;0;0;0;3;3
18;1801;1;1;12;2;0;0;0;1;3
17;1701;1;1;14;1;0;2;2;3;3
17;1701;1;1;15;1;0;1;1;8;7
17;1701;1;1;16;1;0;2;2;3;7
10;1001;1;1;16;1;0;0;0;3;3
13;1308;1;1;17;1;0;0;0;3;4
17;1701;1;1;18;1;0;1;1;3;7
23;2301;1;1;19;1;0;1;1;8;10
17;1701;1;1;20;1;0;0;0;3;1
23;2301;1;1;20;1;0;1;1;3;4
8;0801;1;1;22;2;0;0;0;7;3
1;0101;1;2;7;2;0;0;0;3;7
13;1308;1;2;8;1;0;1;1;3;4
17;1701;1;2;10;1;1;0;1;3;3
17;1701;1;2;12;2;0;0;0;8;4
23;2301;1;2;14;1;0;1;1;3;7
17;1701;1;2;15;1;0;2;2;3;4
9;0910;1;2;15;1;0;0;0;3;4
1;0101;1;2;19;2;0;1;1;3;4
17;1701;1;2;20;1;0;2;2;3;7
17;1701;1;2;21;1;0;0;0;7;3
1;0101;1;2;22;1;0;1;1;3;4
17;1701;1;2;22;1;0;1;1;4;3
17;1701;1;2;23;1;0;1;1;8;3
17;1701;1;3;0;1;0;0;0;7;2
18;1801;1;3;3;1;0;2;2;4;1
5;0501;1;3;4;1;0;0;0;7;3
5;0501;1;3;5;1;0;0;0;3;4
18;1801;1;3;6;2;0;0;0;1;3
10;1004;1;3;7;1;0;1;1;3;7
17;1701;1;3;7;1;0;3;3;3;7
11;1101;1;3;8;1;0;1;1;3;7
1;0101;1;3;10;1;0;0;0;2;5
23;2301;1;3;11;1;0;1;1;1;5
17;1701;1;3;13;2;0;0;0;3;4
5;0501;1;3;13;1;0;1;1;5;2
11;1101;1;3;13;1;0;0;0;3;7
17;1701;1;3;14;1;0;0;0;8;6
17;1701;1;3;15;1;0;0;0;1;5
23;2301;1;3;19;1;0;1;1;3;7
18;1801;1;3;19;2;0;1;1;5;4
23;2301;1;3;23;2;0;1;1;7;3
5;0501;1;4;1;2;0;2;2;3;3
17;1701;1;4;7;1;0;0;0;3;4
9;0907;1;4;9;1;0;3;3;7;4
9;0907;1;4;9;1;0;1;1;4;9
18;1801;1;4;9;2;0;1;1;7;9
23;2301;1;4;10;1;0;0;0;3;7
17;1701;1;4;10;1;0;1;1;3;3
23;2301;1;4;13;1;0;0;0;4;3
17;1701;1;4;13;2;0;0;0;8;7
17;1701;1;4;14;1;0;0;0;8;6
17;1701;1;4;15;1;0;0;0;3;4
1;0101;1;4;15;1;0;1;1;3;7
8;0805;1;4;17;2;1;0;1;1;3
23;2301;1;4;17;1;0;2;2;1;5
8;0801;1;4;18;1;0;1;1;3;7
5;0501;1;4;19;2;0;0;0;3;3
5;0501;1;4;19;2;0;0;0;7;3
5;0501;1;4;19;2;0;1;1;7;3
5;0501;1;4;20;1;0;0;0;3;4
18;1801;1;4;21;2;0;0;0;4;1
17;1701;1;4;23;2;0;2;2;3;7
17;1701;1;4;23;1;0;0;0;7;3
5;0501;1;5;1;1;0;1;1;3;4
17;1701;1;5;1;1;0;1;1;3;1
11;1101;1;5;2;1;0;0;0;3;1
17;1701;1;5;4;1;0;0;0;4;3
18;1801;1;5;5;2;0;0;0;4;1
18;1801;1;5;7;1;0;2;2;1;4
17;1701;1;5;7;2;1;0;1;3;4
18;1801;1;5;8;1;0;2;2;3;2
7;0701;1;5;9;1;0;0;0;3;7
23;2301;1;5;11;1;0;0;0;3;2
17;1701;1;5;12;2;0;0;0;3;2
17;1701;1;5;14;1;0;0;0;3;4
10;1001;1;5;14;1;0;0;0;3;3
17;1701;1;5;14;1;0;1;1;3;3
1;0101;1;5;17;1;0;0;0;4;4
18;1801;1;5;17;1;0;0;0;3;1
1;0101;1;5;17;1;0;0;0;4;1
17;1701;1;5;19;1;0;1;1;3;1
18;1801;1;5;20;2;0;1;1;3;3
17;1701;1;5;21;1;0;1;1;3;1
9;0907;1;5;21;1;0;2;2;7;4
5;0501;1;5;22;1;0;0;0;3;4
9;0907;1;5;22;1;1;0;1;1;4
17;1701;1;5;23;1;0;0;0;4;3
13;1301;1;6;0;1;1;3;4;3;2
23;2301;1;6;0;1;0;1;1;7;3
17;1701;1;6;0;1;0;0;0;3;1
1;0101;1;6;1;1;0;1;1;4;7
18;1801;1;6;2;2;0;0;0;4;1
11;1101;1;6;2;1;0;0;0;3;7
17;1701;1;6;5;1;0;1;1;3;7
17;1701;1;6;6;1;0;1;1;8;3
17;1701;1;6;6;1;0;1;1;4;2
17;1701;1;6;7;1;0;1;1;1;5
1;0101;1;6;8;1;0;1;1;3;4
17;1701;1;6;9;1;0;4;4;2;5
17;1701;1;6;10;1;0;0;0;7;2
11;1101;1;6;11;2;0;0;0;8;10
17;1701;1;6;11;2;0;2;2;8;6
5;0501;1;6;12;1;0;1;1;3;4
19;1901;1;6;16;1;0;1;1;1;5
17;1701;1;6;18;1;0;0;0;4;3
5;0501;1;6;18;1;0;0;0;3;4
23;2301;1;6;19;1;1;0;1;3;7
17;1701;1;6;20;1;0;4;4;7;3
18;1801;1;6;21;1;0;1;1;3;1
17;1701;1;6;22;1;0;1;1;8;3
23;2301;1;6;23;1;0;0;0;7;3
17;1701;1;6;23;1;0;1;1;4;3
18;1801;1;6;23;2;0;0;0;3;7
17;1701;1;6;23;1;1;0;1;4;3
9;0907;1;6;23;1;0;1;1;4;4
17;1701;1;7;0;1;0;0;0;4;1
17;1701;1;7;0;1;0;1;1;4;4
18;1801;1;7;1;2;0;0;0;7;3
17;1701;1;7;1;1;0;0;0;1;4
1;0101;1;7;2;1;0;0;0;7;4
17;1701;1;7;8;1;0;0;0;4;3
17;1701;1;7;9;1;0;1;1;8;7
23;2301;1;7;9;1;0;0;0;1;4
11;1101;1;7;13;1;0;0;0;3;1
17;1701;1;7;13;2;0;0;0;4;2
17;1701;1;7;14;1;0;1;1;3;3
18;1801;1;7;15;1;0;3;3;4;4
8;0801;1;7;15;1;0;0;0;5;7
17;1701;1;7;15;1;0;2;2;3;7
17;1701;1;7;15;1;0;1;1;3;7
18;1801;1;7;16;2;0;2;2;3;4
17;1701;1;7;16;1;0;1;1;4;1
5;0501;1;7;16;2;0;0;0;7;3
17;1704;1;7;17;2;0;0;0;3;4
17;1701;1;7;17;1;0;0;0;8;7
23;2301;1;7;17;2;0;0;0;3;4
17;1701;1;7;17;1;0;0;0;3;1
5;0501;1;7;17;1;2;6;8;5;2
5;0501;1;7;18;2;1;3;4;1;3
1;0101;1;7;18;2;0;1;1;4;4
17;1701;1;7;21;1;0;0;0;8;1
17;1701;1;7;22;1;0;0;0;3;2
1;0101;1;7;23;2;0;1;1;8;4
11;1101;1;1;1;1;0;0;0;4;4
13;1308;1;1;5;1;0;1;1;3;2
17;1701;1;1;6;2;0;1;1;8;3
11;1101;1;1;6;1;0;1;1;3;4
5;0501;1;1;7;1;0;2;2;7;3
17;1701;1;1;7;1;0;0;0;3;1
18;1801;1;1;8;2;0;1;1;3;4
17;1701;1;1;10;1;0;2;2;8;3
18;1801;1;1;10;2;0;1;1;2;4
17;1701;1;1;10;2;0;1;1;1;5
23;2301;1;1;12;1;0;0;0;4;3
17;1701;1;1;13;1;0;0;0;3;6
11;1109;1;1;14;1;0;0;0;3;4
1;0101;1;1;17;1;0;0;0;3;7
18;1801;1;1;17;2;0;1;1;1;4
17;1701;1;1;18;1;0;0;0;3;4
1;0101;1;1;19;1;0;2;2;3;4
18;1801;1;1;21;1;0;1;1;4;3
17;1701;1;2;1;1;0;1;1;4;1
11;1101;1;2;5;2;0;1;1;7;10
17;1701;1;2;7;1;0;0;0;8;3
17;1701;1;2;8;2;0;1;1;3;7
23;2301;1;2;10;1;0;1;1;7;3
17;1701;1;2;11;1;0;2;2;3;7
17;1701;1;2;13;2;0;0;0;8;3
1;0101;1;2;13;1;0;1;1;3;4
17;1701;1;2;13;2;0;0;0;5;4
17;1701;1;2;14;1;0;1;1;8;2
11;1101;1;2;15;1;0;1;1;3;4
17;1701;1;2;15;1;0;1;1;3;2
17;1701;1;2;16;1;0;0;0;7;2
17;1701;1;2;17;1;0;0;0;2;5
17;1701;1;2;17;1;0;0;0;4;3
11;1101;1;2;17;1;0;1;1;8;1
23;2301;1;2;18;1;0;0;0;3;7
23;2301;1;2;19;1;0;0;0;3;7
23;2301;1;2;19;1;0;0;0;3;1
17;1701;1;3;7;1;0;0;0;3;4
17;1701;1;3;7;1;1;0;1;3;1
17;1701;1;3;7;1;0;1;1;3;4
17;1701;1;3;10;2;0;1;1;1;4
17;1701;1;3;11;1;0;2;2;8;6
17;1701;1;3;12;2;0;0;0;3;3
10;1004;1;3;13;1;0;1;1;1;5
17;1701;1;3;14;1;0;0;0;3;4
11;1101;1;3;17;2;0;0;0;4;1
17;1701;1;3;19;1;0;0;0;4;3
23;2301;1;3;20;1;0;0;0;3;2
9;0901;2;4;7;1;0;1;1;1;3
9;0901;2;4;11;1;0;1;1;3;7
9;0901;2;4;14;1;0;1;1;3;4
9;0901;2;4;14;1;0;2;2;3;7
9;0901;2;4;14;1;0;1;1;3;7
9;0901;2;4;17;1;0;1;1;7;6
9;0901;2;5;7;1;0;1;1;8;3
9;0901;2;5;7;1;0;0;0;7;1
9;0901;2;5;15;1;0;0;0;5;4
9;0901;2;5;16;1;0;0;0;3;7
9;0901;2;5;16;1;1;1;2;3;7
9;0901;2;5;17;1;0;2;2;3;3
9;0901;2;5;17;1;0;1;1;1;4
9;0901;2;5;18;1;0;1;1;3;3
9;0901;2;5;19;1;0;0;0;3;1
9;0901;2;6;2;1;0;0;0;7;8
9;0901;2;6;13;1;0;4;4;3;4
9;0901;2;6;17;1;0;0;0;3;7
9;0901;2;6;17;1;0;1;1;5;3
9;0901;2;6;19;1;0;1;1;1;3
9;0901;2;6;19;1;0;1;1;1;5
9;0901;2;6;22;1;0;1;1;7;3
9;0901;2;6;23;1;0;1;1;7;3
9;0901;2;7;1;1;0;1;1;7;4
9;0901;2;7;1;1;0;0;0;4;3
9;0901;2;7;3;1;0;0;0;7;1
9;0901;2;7;7;1;0;4;4;3;1
9;0901;2;7;8;1;0;0;0;3;1
9;0901;2;7;10;1;0;1;1;4;6
9;0901;2;7;12;1;0;1;1;7;2
9;0901;2;7;13;1;1;1;2;3;4
9;0901;2;7;13;1;0;1;1;1;7
9;0901;2;7;15;1;0;1;1;3;7
9;0901;2;7;17;1;0;1;1;1;7
9;0901;2;7;17;1;0;0;0;3;7
9;0901;2;7;18;1;0;1;1;3;7
9;0901;2;1;2;1;0;0;0;7;1
9;0901;2;1;5;1;0;0;0;4;6
9;0901;2;1;5;1;0;1;1;6;8
9;0901;2;1;7;1;0;1;1;7;3
9;0901;2;1;9;1;0;1;1;5;3
9;0901;2;1;10;1;0;1;1;3;3
9;0901;2;1;14;1;0;1;1;1;3
9;0901;2;1;15;1;0;3;3;3;7
9;0901;2;1;15;1;0;2;2;3;7
9;0901;2;1;15;1;0;1;1;4;3
9;0901;2;1;15;1;0;2;2;3;3
9;0901;2;1;17;1;0;1;1;5;3
9;0901;2;1;17;1;0;1;1;3;3
9;0901;2;1;20;1;0;2;2;1;3
9;0901;2;1;23;1;0;1;1;3;1
9;0901;2;2;7;1;0;3;3;1;5
9;0901;2;2;9;1;0;2;2;1;1
9;0901;2;2;11;1;0;1;1;1;7
9;0901;2;2;13;1;0;2;2;3;4
9;0901;2;2;13;1;0;2;2;3;7
9;0901;2;2;16;1;0;1;1;6;3
9;0901;2;2;20;1;0;2;2;1;4
9;0901;2;2;21;1;0;2;2;3;2
9;0901;2;3;7;1;0;1;1;7;10
9;0901;2;3;10;1;0;0;0;3;4
9;0901;2;3;13;1;0;3;3;3;4
9;0901;2;3;13;1;0;1;1;1;3
9;0901;2;3;14;1;0;1;1;3;4
9;0901;2;3;15;1;0;0;0;3;4
9;0901;2;3;16;1;0;1;1;4;4
9;0901;2;3;23;1;0;2;2;3;7
9;0901;2;4;6;1;0;1;1;3;2
9;0901;2;4;7;1;0;2;2;3;3
9;0901;2;4;8;1;0;0;0;3;7
9;0916;2;4;9;1;0;1;1;1;7
9;0901;2;4;9;1;0;2;2;3;4
9;0901;2;4;10;1;0;1;1;1;4
9;0901;2;4;10;1;0;1;1;1;5
9;0901;2;4;13;1;0;2;2;3;7
9;0901;2;4;13;1;0;1;1;3;7
9;0901;2;4;14;1;0;1;1;3;7
9;0901;2;4;17;1;0;4;4;1;7
9;0901;2;4;19;1;0;1;1;3;4
9;0901;2;4;21;1;0;1;1;1;3
9;0901;2;4;23;1;0;1;1;3;2
9;0901;2;5;5;1;0;0;0;4;8
9;0901;2;5;6;1;0;1;1;7;8
9;0901;2;5;10;1;0;2;2;7;8
9;0901;2;5;12;1;0;3;3;3;7
9;0901;2;5;13;1;0;1;1;1;3
9;0901;2;5;14;1;0;1;1;8;10
9;0901;2;5;18;1;0;1;1;3;2
9;0901;2;5;20;1;0;1;1;3;7
9;0901;2;6;2;1;0;0;0;7;3
9;0901;2;6;2;1;0;2;2;1;3
9;0901;2;6;2;1;0;0;0;4;3
9;0901;2;6;8;1;0;1;1;7;4
9;0901;2;6;10;1;0;1;1;8;3
9;0901;2;6;15;1;0;3;3;3;7
9;0901;2;6;17;1;0;1;1;1;3
9;0901;2;6;19;1;0;1;1;4;3
9;0901;2;6;20;1;0;1;1;7;3
9;0901;2;6;20;1;0;1;1;4;3
9;0901;2;6;21;1;0;0;0;7;3
9;0901;2;6;21;1;0;0;0;7;10
9;0907;2;6;23;1;0;1;1;3;3
9;0901;2;6;23;1;0;1;1;3;7
9;0901;2;7;0;1;0;3;3;7;3
9;0901;2;7;1;1;0;1;1;5;3
9;0901;2;7;3;1;0;0;0;7;3
9;0901;2;7;4;1;0;8;8;3;3
9;0901;2;7;16;1;0;3;3;3;7
9;0901;2;7;16;1;0;2;2;3;3
9;0901;2;7;17;1;0;1;1;3;3
9;0901;2;7;18;1;0;2;2;5;3
9;0901;2;7;18;1;0;0;0;7;1
9;0901;2;7;18;1;0;3;3;3;1
9;0901;2;7;19;1;0;2;2;3;3
9;0901;2;7;21;1;0;1;1;7;8
9;0901;2;7;22;1;0;1;1;7;3
9;0901;2;7;22;1;0;3;3;3;3
9;0901;2;7;23;1;0;0;0;3;8
9;0901;2;7;23;1;0;0;0;7;8
9;0901;2;7;23;1;0;0;0;3;8
9;0901;2;1;0;1;0;0;0;7;8
9;0901;2;1;3;1;0;0;0;7;8
9;0901;2;1;8;1;0;0;0;7;8
9;0901;2;1;11;1;0;0;0;4;1
9;0901;2;1;11;1;0;1;1;4;3
9;0901;2;1;18;1;0;1;1;3;7
9;0901;2;1;19;1;0;0;0;4;1
9;0901;2;1;20;1;0;2;2;3;7
9;0901;2;1;21;1;1;0;1;5;3
9;0907;2;1;21;1;0;0;0;3;7
9;0901;2;1;22;1;0;1;1;1;3
9;0901;2;2;7;1;0;3;3;3;7
9;0901;2;2;10;1;0;0;0;5;4
9;0901;2;2;11;1;0;0;0;3;7
9;0901;2;2;11;1;0;1;1;3;7
9;0901;2;2;13;1;0;1;1;1;4
9;0901;2;2;16;1;0;2;2;3;7
9;0901;2;2;17;1;0;4;4;3;2
9;0901;2;2;17;1;0;1;1;3;7
9;0901;2;2;17;1;0;1;1;6;3
9;0901;2;2;18;1;0;1;1;3;7
9;0901;2;2;19;1;0;1;1;5;3
9;0901;2;2;20;1;0;1;1;4;9
9;0901;2;2;21;1;0;1;1;1;1
9;0901;2;2;22;1;0;1;1;1;1
9;0901;2;3;2;1;0;1;1;3;1
9;0901;2;3;6;1;0;1;1;4;3
9;0901;2;3;9;1;0;0;0;3;4
9;0901;2;3;10;1;0;4;4;3;7
9;0901;2;3;11;1;0;0;0;3;7
9;0901;2;3;11;1;0;1;1;1;4
9;0901;2;3;15;1;0;1;1;2;4
9;0901;2;3;15;1;0;0;0;3;4
9;0901;2;3;17;1;0;1;1;7;3
9;0901;2;3;17;1;0;0;0;3;3
9;0901;2;3;19;1;0;3;3;6;3
9;0901;2;4;2;1;0;1;1;7;3
9;0901;2;4;8;1;0;1;1;3;4
9;0901;2;4;8;1;1;0;1;5;4
9;0901;2;4;9;1;0;1;1;3;7
9;0901;2;4;11;1;0;1;1;3;3
9;0901;2;4;11;1;0;1;1;3;4
9;0901;2;4;13;1;0;1;1;1;6
9;0901;2;4;15;1;1;0;1;7;8
9;0901;2;4;22;1;0;0;0;7;8
9;0901;2;4;23;1;0;1;1;7;3
9;0901;2;5;0;1;0;1;1;4;1
9;0901;2;5;6;1;0;0;0;5;4
9;0901;2;5;8;1;0;1;1;3;3
9;0901;2;5;8;1;0;1;1;1;4
9;0901;2;5;9;1;0;0;0;5;2
9;0901;2;5;14;1;0;2;2;3;3
9;0901;2;5;16;1;0;1;1;8;4
9;0901;2;5;17;1;0;2;2;1;3
9;0901;2;5;19;1;0;1;1;7;3
9;0901;2;5;19;1;0;2;2;3;3
9;0901;2;6;1;1;0;1;1;7;3
9;0901;2;6;9;1;0;1;1;1;3
9;0906;2;6;9;1;0;0;0;3;3
9;0901;2;6;11;1;0;1;1;7;3
9;0901;2;6;14;1;0;1;1;1;3
9;0901;2;6;20;1;0;0;0;7;3
9;0901;2;6;22;1;0;1;1;4;3
9;0901;2;7;0;1;0;0;0;4;4
9;0901;2;7;10;1;0;2;2;5;3
9;0901;2;7;13;1;0;1;1;3;3
9;0901;2;7;16;1;0;3;3;3;7
9;0901;2;7;18;1;0;1;1;3;4
9;0916;2;7;21;1;1;0;1;1;7
9;0901;2;7;21;1;0;1;1;3;2
9;0901;2;1;2;1;0;0;0;4;8
9;0901;2;1;9;1;0;2;2;3;7
9;0901;2;1;15;1;0;1;1;3;4
9;0901;2;1;16;1;0;2;2;3;4
9;0901;2;1;17;1;0;1;1;1;5
9;0901;2;1;17;1;0;1;1;3;9
9;0901;2;2;5;1;0;0;0;3;7
9;0901;2;2;5;1;0;1;1;7;8
9;0901;2;2;13;1;0;3;3;3;7
9;0901;2;2;15;1;0;4;4;3;4
9;0901;2;2;15;1;0;1;1;1;3
9;0901;2;2;15;1;0;2;2;3;7
9;0901;2;2;16;1;0;1;1;3;4
9;0901;2;2;17;1;0;1;1;5;3
9;0901;2;2;18;1;0;0;0;3;7
9;0906;2;2;20;1;0;1;1;1;3
9;0901;2;2;23;1;1;0;1;3;7
9;0901;2;3;7;1;0;1;1;3;3
9;0901;2;3;8;1;0;0;0;3;3
9;0901;2;3;9;1;0;1;1;1;3
9;0901;2;3;13;1;0;1;1;3;2
9;0901;2;3;13;1;0;1;1;3;7
9;0901;2;3;14;1;0;1;1;1;3
9;0901;2;3;17;1;0;1;1;1;5
9;0901;2;3;19;1;0;1;1;1;1
9;0901;2;3;21;1;0;1;1;1;5
9;0901;2;3;22;1;0;0;0;3;4
9;0901;2;4;0;1;0;0;0;7;3
9;0901;2;4;3;1;0;0;0;7;10
9;0901;2;4;7;1;0;2;2;7;3
9;0901;2;4;9;1;0;0;0;7;10
9;0901;2;4;11;1;0;2;2;3;3
9;0901;2;4;12;1;0;0;0;3;7
9;0901;2;4;16;1;0;2;2;1;3
9;0901;2;4;16;1;0;1;1;3;3
9;0901;2;4;16;1;0;0;0;3;3
9;0901;2;4;18;1;0;2;2;1;5
9;0901;2;4;19;1;0;1;1;7;3
9;0901;2;4;20;1;0;1;1;7;3
9;0901;2;4;22;1;1;0;1;1;5
9;0901;2;4;22;1;0;1;1;4;1
9;0901;2;5;0;1;0;0;0;3;3
9;0901;2;5;0;1;0;1;1;1;3
9;0901;2;5;0;1;0;1;1;1;3
9;0901;2;5;5;1;0;1;1;1;7
9;0901;2;5;5;1;0;0;0;4;3
9;0901;2;5;7;1;0;2;2;1;3
9;0901;2;5;9;1;0;0;0;4;3
9;0901;2;5;10;1;0;0;0;3;7
9;0901;2;5;13;1;0;1;1;3;7
9;0901;2;5;14;1;0;0;0;3;3
9;0901;2;5;15;1;0;1;1;3;3
9;0901;2;5;16;1;0;1;1;3;3
9;0901;2;5;16;1;0;0;0;3;3
9;0901;2;5;16;1;0;3;3;3;3
9;0901;2;5;18;1;0;1;1;3;7
9;0901;2;5;21;1;0;0;0;4;4
9;0901;2;5;21;1;0;2;2;3;3
9;0901;2;6;0;1;0;2;2;3;3
9;0901;2;6;0;1;0;2;2;3;7
9;0901;2;6;0;1;0;1;1;3;7
9;0901;2;6;0;1;0;0;0;3;3
9;0901;2;6;4;1;0;0;0;7;3
9;0901;2;6;4;1;0;0;0;4;3
9;0901;2;6;7;1;0;1;1;7;3
9;0901;2;6;9;1;0;1;1;3;4
9;0901;2;6;10;1;0;1;1;3;7
9;0901;2;6;11;1;0;0;0;3;4
9;0901;2;6;13;1;0;1;1;3;7
9;0901;2;6;14;1;0;1;1;3;4
9;0901;2;6;15;1;0;1;1;7;3
9;0901;2;6;17;1;0;2;2;1;1
9;0901;2;6;18;1;0;2;2;1;5
9;0901;2;6;19;1;0;1;1;1;3
9;0901;2;6;19;1;0;1;1;3;4
9;0901;2;6;19;1;0;1;1;5;4
9;0901;2;6;20;1;0;1;1;7;3
9;0901;2;6;21;1;0;2;2;1;3
9;0901;2;6;22;1;0;1;1;3;7
9;0901;2;6;22;1;0;1;1;4;9
9;0901;2;6;23;1;0;1;1;3;7
9;0901;2;6;23;1;1;0;1;1;3
9;0901;2;6;23;1;0;1;1;5;2
9;0901;2;7;0;1;1;0;1;1;3
9;0901;2;7;0;1;0;2;2;1;3
9;0901;2;7;1;1;0;2;2;3;7
9;0901;2;7;2;1;0;2;2;1;10
9;0901;2;7;2;1;0;1;1;7;3
9;0901;2;7;4;1;0;0;0;7;4
9;0901;2;7;6;1;0;1;1;3;7
9;0901;2;7;7;1;0;1;1;7;7
9;0901;2;7;10;1;0;1;1;7;3
9;0901;2;7;11;1;0;1;1;4;8
9;0901;2;7;13;1;0;2;2;7;4
9;0901;2;7;14;1;0;0;0;7;2
9;0901;2;7;15;1;0;0;0;3;4
9;0901;2;7;17;1;0;0;0;7;3
9;0901;2;7;17;1;0;0;0;5;1
9;0901;2;7;18;1;0;1;1;1;5
9;0901;2;7;19;1;0;1;1;7;8
9;0901;2;7;20;1;0;1;1;3;7
9;0901;2;7;20;1;0;1;1;1;3
9;0901;2;1;1;1;0;9;9;3;3
9;0901;2;1;8;1;0;0;0;7;3
9;0901;2;1;8;1;0;2;2;3;3
9;0901;2;1;11;1;0;1;1;1;3
9;0901;2;1;14;1;0;1;1;7;3
9;0901;2;1;17;1;0;0;0;3;7
9;0901;2;2;0;1;0;0;0;7;1
9;0901;2;2;6;1;1;0;1;1;3
9;0901;2;2;7;1;0;1;1;5;3
9;0901;2;2;9;1;0;1;1;3;7
9;0901;2;2;10;1;0;1;1;1;3
9;0901;2;2;11;1;0;1;1;4;3
9;0901;2;2;12;1;0;1;1;7;3
9;0901;2;2;13;1;0;1;1;3;7
9;0901;2;2;15;1;0;4;4;7;3
9;0901;2;2;16;1;0;3;3;3;3
9;0901;2;2;22;1;0;4;4;3;7
9;0901;2;2;23;1;0;0;0;3;4
9;0901;2;3;4;1;0;1;1;7;1
9;0901;2;3;7;1;0;2;2;3;7
9;0901;2;3;8;1;0;1;1;3;4
9;0901;2;3;8;1;0;1;1;3;7
9;0901;2;3;11;1;0;3;3;1;3
9;0901;2;3;15;1;0;1;1;1;4
9;0901;2;3;15;1;0;1;1;1;3
9;0901;2;4;7;1;0;1;1;3;7
9;0901;2;4;7;1;0;2;2;7;3
9;0901;2;4;8;1;0;2;2;7;3
9;0901;2;4;10;1;0;2;2;3;2
9;0901;2;4;10;1;0;0;0;3;4
9;0901;2;4;11;1;0;1;1;6;7
9;0901;2;4;13;1;0;1;1;3;4
9;0901;2;4;13;1;0;3;3;3;4
9;0901;2;4;14;1;0;0;0;3;7
9;0901;2;4;15;1;0;0;0;7;3
9;0901;2;4;18;1;0;1;1;1;4
12;1207;2;4;13;2;0;2;2;5;4
9;0920;2;4;13;2;1;0;1;3;7
1;0101;2;4;13;2;0;0;0;4;4
23;2301;2;4;14;2;0;1;1;7;4
9;0906;2;4;16;2;0;1;1;3;7
13;1312;2;4;17;2;0;1;1;3;4
12;1201;2;4;19;2;0;0;0;7;4
13;1303;2;4;19;2;0;0;0;1;4
9;0914;2;4;20;2;0;1;1;2;5
7;0710;2;4;23;2;0;0;0;3;7
7;0706;2;5;0;2;0;1;1;6;4
7;0706;2;5;5;2;0;0;0;7;4
12;1204;2;5;10;2;0;0;0;3;4
9;0916;2;5;11;2;0;1;1;3;7
9;0904;2;5;12;2;1;0;1;3;7
9;0904;2;5;14;2;1;0;1;3;7
24;2401;2;5;16;2;0;1;1;7;4
9;0922;2;5;17;1;0;2;2;3;7
1;0105;2;5;18;2;0;0;0;3;4
1;0105;2;5;20;2;1;0;1;3;7
7;0702;2;5;21;2;0;0;0;7;4
9;0914;2;5;22;2;0;1;1;1;4
17;1703;2;5;23;2;0;3;3;7;4
12;1205;2;6;1;2;0;0;0;4;4
1;0105;2;6;7;2;0;3;3;7;4
7;0710;2;6;12;2;0;1;1;3;7
1;0101;2;6;18;2;1;0;1;1;4
12;1208;2;6;19;2;0;2;2;3;7
9;0912;2;6;19;2;0;1;1;2;5
1;0102;2;6;19;2;0;5;5;7;4
9;0921;2;6;20;2;0;1;1;7;4
9;0903;2;6;20;2;1;0;1;3;7
9;0919;2;6;20;2;0;1;1;2;5
24;2401;2;6;20;2;0;2;2;3;7
12;1207;2;6;20;1;0;3;3;3;7
9;0919;2;6;21;2;0;1;1;3;7
24;2401;2;6;21;2;0;2;2;7;4
12;1207;2;6;22;1;0;2;2;7;4
9;0906;2;6;22;1;0;1;1;2;5
9;0907;2;6;23;2;0;1;1;3;4
9;0920;2;6;23;2;0;1;1;2;5
7;0701;2;6;23;2;2;1;3;3;4
7;0710;2;7;0;2;0;1;1;7;4
9;0922;2;7;0;2;0;1;1;2;5
9;0906;2;7;3;1;0;0;0;7;4
7;0711;2;7;5;2;1;1;2;7;4
13;1309;2;7;6;2;0;1;1;2;5
9;0906;2;7;9;2;0;0;0;3;4
9;0918;2;7;10;2;0;2;2;7;4
1;0102;2;7;13;2;0;1;1;3;7
12;1203;2;7;13;2;0;1;1;8;10
9;0912;2;7;14;2;0;2;2;3;4
13;1312;2;7;15;2;0;1;1;2;5
17;1703;2;7;15;2;0;3;3;7;4
9;0904;2;7;16;1;0;2;2;3;7
24;2401;2;7;16;1;0;1;1;3;7
9;0920;2;7;18;2;0;3;3;3;4
9;0911;2;7;18;2;0;4;4;3;7
9;0911;2;7;18;1;0;1;1;4;4
12;1207;2;7;19;1;0;3;3;3;7
13;1306;2;7;20;2;0;2;2;1;4
24;2401;2;7;20;1;0;1;1;4;4
13;1301;2;7;20;2;1;0;1;4;4
9;0920;2;7;21;2;0;1;1;3;4
9;0906;2;7;22;1;0;2;2;2;5
9;0918;2;7;23;2;0;5;5;3;7
12;1201;2;1;7;2;0;1;1;1;4
9;0911;2;1;8;2;0;0;0;3;4
24;2401;2;1;8;2;0;23;23;7;4
1;0101;2;1;9;2;0;0;0;3;4
7;0706;2;1;9;2;0;1;1;3;4
9;0901;2;1;9;2;0;1;1;3;7
23;2302;2;1;10;2;0;0;0;3;7
9;0927;2;1;13;2;0;1;1;2;5
9;0906;2;1;17;2;0;1;1;3;7
1;0101;2;1;19;2;0;0;0;7;4
9;0920;2;1;20;2;0;0;0;7;4
17;1703;2;1;21;2;0;0;0;4;4
23;2301;2;2;1;2;0;0;0;3;4
24;2402;2;2;2;1;0;1;1;3;7
24;2402;2;2;6;1;0;0;0;3;7
12;1210;2;2;7;2;0;1;1;3;7
17;1703;2;2;11;2;0;0;0;7;4
7;0701;2;2;16;2;0;3;3;3;7
13;1301;2;2;17;2;0;1;1;3;7
7;0711;2;2;18;2;0;1;1;3;7
24;2401;2;3;0;2;0;2;2;3;7
9;0904;2;3;0;2;0;0;0;7;4
7;0706;2;3;6;2;0;0;0;6;4
9;0922;2;3;8;1;0;1;1;2;5
1;0101;2;3;8;2;0;0;0;5;4
9;0911;2;3;9;2;0;2;2;3;7
9;0921;2;3;10;2;0;1;1;1;4
12;1203;2;3;10;2;0;1;1;7;4
9;0916;2;3;18;2;0;0;0;3;7
12;1207;2;4;6;2;1;0;1;5;4
1;0108;2;4;11;2;0;0;0;3;4
24;2403;2;4;13;1;0;2;2;3;7
9;0911;2;4;13;2;1;0;1;1;4
12;1210;2;4;17;2;0;0;0;3;7
9;0922;2;4;18;2;0;2;2;7;4
13;1313;2;4;19;2;0;2;2;4;4
24;2401;2;4;21;1;0;1;1;3;4
9;0904;2;4;22;2;0;5;5;7;4
13;1301;2;5;5;2;1;12;13;3;7
1;0105;2;5;12;2;0;0;0;4;4
9;0908;2;5;15;2;0;1;1;3;7
9;0903;2;5;17;2;0;3;3;3;4
24;2402;2;5;18;1;0;1;1;5;4
13;1306;2;5;18;2;0;3;3;3;4
9;0910;2;5;21;2;0;2;2;3;4
9;0921;2;5;21;2;0;1;1;3;4
12;1210;2;5;23;2;0;2;2;3;4
1;0104;2;6;0;2;0;0;0;7;4
9;0921;2;6;0;1;0;2;2;7;4
9;0901;2;6;2;2;0;0;0;7;4
24;2402;2;6;2;2;0;0;0;3;4
13;1312;2;6;4;2;0;1;1;7;4
9;0911;2;6;6;2;0;1;1;1;4
9;0901;2;6;6;2;0;1;1;3;4
13;1306;2;6;8;2;0;2;2;3;7
9;0906;2;6;10;2;0;3;3;7;4
24;2402;2;6;10;2;0;1;1;3;4
9;0901;2;6;10;2;0;2;2;7;4
24;2402;2;6;17;1;0;2;2;1;4
17;1703;2;6;17;2;0;0;0;3;7
13;1301;2;6;20;2;0;0;0;7;4
13;1309;2;6;21;2;0;0;0;3;4
9;0919;2;6;21;2;0;1;1;2;5
24;2403;2;6;21;1;0;0;0;3;7
24;2403;2;6;21;1;0;0;0;4;4
9;0920;2;6;21;2;0;1;1;7;4
24;2401;2;6;23;2;0;0;0;1;4
1;0108;2;6;23;2;0;1;1;7;4
13;1301;2;7;0;2;0;1;1;4;4
9;0921;2;7;3;1;0;1;1;7;4
9;0925;2;7;5;2;0;5;5;3;7
9;0901;2;7;6;2;0;1;1;7;4
24;2401;2;7;6;2;0;1;1;3;7
24;2402;2;7;6;1;0;2;2;7;4
9;0911;2;7;7;2;0;0;0;4;4
1;0101;2;7;7;2;0;0;0;7;4
7;0706;2;7;9;2;1;0;1;7;4
11;1111;2;7;11;2;0;1;1;4;4
7;0710;2;7;11;2;0;1;1;3;7
13;1309;2;7;14;2;0;2;2;4;4
24;2403;2;7;14;1;0;0;0;4;4
9;0907;2;7;17;2;0;1;1;3;4
13;1310;2;7;18;2;0;4;4;7;4
9;0918;2;7;18;2;0;1;1;1;4
1;0104;2;7;18;2;0;1;1;3;7
12;1208;2;7;19;1;0;1;1;8;10
24;2403;2;7;19;1;0;1;1;7;4
17;1703;2;7;20;2;0;0;0;4;4
12;1207;2;7;20;1;0;1;1;3;7
9;0911;2;7;20;2;2;0;2;3;4
7;0701;2;7;20;2;0;0;0;3;7
9;0916;2;7;22;2;0;1;1;1;4
7;0706;2;7;22;2;0;0;0;4;4
9;0905;2;7;23;1;0;1;1;3;7
24;2403;2;1;0;1;0;1;1;1;4
12;1203;2;1;2;2;1;0;1;4;4
13;1320;2;1;3;2;0;0;0;4;4
9;0914;2;1;3;2;0;0;0;3;7
24;2401;2;1;4;2;0;0;0;7;4
24;2401;2;1;5;2;1;0;1;7;4
7;0706;2;1;6;2;0;1;1;1;4
24;2401;2;1;9;1;0;1;1;1;4
9;0906;2;1;10;1;0;1;1;1;4
9;0911;2;1;11;2;0;0;0;7;4
7;0702;2;1;14;2;0;1;1;2;5
9;0913;2;1;15;2;0;1;1;2;5
24;2401;2;1;15;2;0;1;1;3;7
12;1208;2;1;15;1;0;2;2;3;7
9;0914;2;1;15;1;0;2;2;3;7
9;0906;2;1;15;2;0;1;1;2;5
9;0912;2;1;15;2;0;1;1;2;5
2;0207;2;1;16;1;0;1;1;5;4
12;1208;2;1;16;2;0;1;1;2;5
24;2401;2;1;17;2;0;2;2;2;5
13;1312;2;1;17;2;0;1;1;3;7
24;2401;2;1;18;2;0;1;1;3;7
24;2403;2;1;18;1;0;1;1;3;4
12;1208;2;1;19;2;0;0;0;7;4
1;0108;2;1;20;2;0;0;0;3;4
9;0911;2;1;21;2;0;1;1;2;5
13;1321;2;1;22;1;0;2;2;3;4
9;0908;2;1;22;2;0;2;2;1;4
1;0105;2;1;22;2;0;2;2;3;7
9;0906;2;1;23;2;0;0;0;7;4
1;0115;2;2;1;2;0;0;0;7;4
13;1306;2;2;2;2;0;0;0;3;7
24;2401;2;2;3;2;0;0;0;7;4
13;1310;2;2;4;2;0;1;1;7;4
13;1314;2;2;6;2;1;0;1;7;7
13;1312;2;2;8;2;0;0;0;7;4
13;1306;2;2;12;2;1;0;1;3;7
9;0919;2;2;13;2;0;3;3;5;4
9;0909;2;2;13;2;0;2;2;3;7
23;2301;2;2;14;2;0;0;0;5;4
9;0911;2;2;15;1;0;1;1;1;4
23;2301;2;2;16;2;0;0;0;3;4
9;0906;2;2;18;2;0;1;1;1;4
9;0927;2;2;18;2;0;1;1;2;5
12;1210;2;2;18;2;1;0;1;3;7
9;0922;2;2;18;1;0;2;2;3;7
23;2301;2;2;19;2;0;0;0;4;4
9;0911;2;2;19;2;0;0;0;3;4
12;1201;2;2;20;2;0;2;2;7;4
11;1111;2;2;22;2;0;0;0;3;4
9;0920;2;3;7;2;0;2;2;2;5
9;0908;2;3;14;2;0;0;0;3;4
17;1703;2;3;15;2;0;0;0;1;4
12;1207;2;3;16;2;0;1;1;5;4
9;0920;2;3;19;1;0;1;1;1;4
13;1314;2;3;20;2;0;1;1;5;4
9;0901;2;3;21;2;0;0;0;4;4
12;1207;2;3;21;1;0;1;1;1;4
1;0101;2;4;1;2;0;0;0;7;4
12;1204;2;4;2;2;0;0;0;4;4
1;0101;2;4;3;2;0;0;0;7;4
24;2402;2;4;6;2;0;2;2;3;7
23;2301;2;4;11;2;0;2;2;3;4
9;0906;2;4;15;2;0;1;1;3;4
9;0911;2;4;15;2;0;2;2;3;7
9;0920;2;4;17;2;0;1;1;3;7
7;0704;2;4;20;2;0;2;2;7;4
24;2401;2;5;7;2;0;0;0;3;7
24;2403;2;5;10;1;0;1;1;7;4
24;2402;2;5;11;2;0;1;1;3;7
9;0906;2;5;19;2;0;2;2;3;7
24;2401;2;5;19;2;0;0;0;3;7
24;2402;2;5;20;1;0;1;1;3;7
13;1309;2;5;23;2;0;1;1;3;4
13;1309;2;6;7;2;0;0;0;3;7
12;1204;2;6;7;2;0;1;1;3;4
13;1303;2;6;8;2;0;0;0;5;4
9;0911;2;6;12;2;1;0;1;3;7
12;1204;2;6;13;2;0;3;3;3;4
9;0904;2;6;15;2;1;0;1;1;4
9;0910;2;6;15;2;0;1;1;2;5
12;1208;2;6;16;1;0;2;2;3;4
9;0904;2;6;20;2;1;0;1;3;4
12;1207;2;6;20;2;0;1;1;5;4
9;0906;2;6;22;1;0;1;1;2;5
9;0916;2;6;23;2;1;2;3;3;4
1;0108;2;6;23;2;0;1;1;1;4
12;1212;2;7;0;2;0;1;1;2;5
9;0916;2;7;3;2;0;0;0;7;4
24;2403;2;7;3;2;0;2;2;7;4
24;2403;2;7;4;1;0;1;1;1;4
9;0912;2;7;4;2;0;1;1;4;4
9;0908;2;7;10;2;0;1;1;2;5
7;0702;2;7;10;2;0;2;2;3;7
9;0908;2;7;11;2;0;2;2;4;4
9;0904;2;7;15;2;0;1;1;2;5
12;1207;2;7;17;1;0;1;1;3;7
9;0901;2;7;18;2;0;1;1;4;4
7;0712;2;7;18;2;0;1;1;1;4
13;1309;2;7;19;2;0;0;0;5;4
12;1208;2;7;20;1;0;1;1;3;7
7;0701;2;1;3;2;1;0;1;3;4
23;2302;2;1;4;2;1;2;3;8;10
9;0916;2;1;5;2;0;0;0;7;4
9;0907;2;1;13;2;0;0;0;7;4
9;0908;2;1;16;2;1;1;2;7;4
9;0920;2;1;21;2;0;0;0;8;10
7;0702;2;1;23;2;0;1;1;1;4
7;0709;2;2;5;2;0;4;4;4;4
9;0920;2;2;7;2;0;1;1;2;5
24;2401;2;2;13;2;0;0;0;5;4
3;0303;2;2;14;2;0;4;4;1;4
13;1312;2;2;17;2;0;0;0;3;4
9;0911;2;2;19;1;0;2;2;3;7
12;1204;2;2;20;2;0;1;1;1;4
9;0912;2;2;20;2;0;1;1;2;5
1;0102;2;2;23;2;0;0;0;7;4
13;1303;2;3;3;2;0;0;0;6;4
24;2403;2;3;4;1;0;1;1;3;7
7;0709;2;3;9;2;0;0;0;7;4
9;0914;2;3;14;2;1;0;1;3;7
9;0925;2;3;15;2;0;2;2;3;4
7;0706;2;3;17;2;0;1;1;3;4
9;0901;2;3;19;2;0;1;1;7;4
24;2403;2;3;20;1;0;2;2;3;7
9;0920;2;3;20;2;0;1;1;3;4
9;0906;2;4;14;2;0;0;0;5;4
24;2401;2;4;15;2;0;0;0;3;7
9;0920;2;4;16;2;0;1;1;2;5
13;1301;2;4;16;2;0;1;1;3;4
9;0908;2;4;17;1;0;1;1;2;5
9;0920;2;4;18;2;1;0;1;3;7
9;0906;2;4;19;1;0;1;1;2;5
9;0910;2;4;19;2;0;1;1;3;7
24;2401;2;4;20;2;0;1;1;2;5
9;0920;2;4;20;2;0;1;1;1;4
9;0920;2;4;20;2;1;1;2;3;4
24;2402;2;4;20;1;0;2;2;5;4
23;2302;2;4;22;2;1;2;3;4;4
12;1207;2;4;23;2;1;1;2;3;7
9;0922;2;5;8;2;0;1;1;6;4
9;0922;2;5;20;2;0;2;2;2;5
13;1321;2;5;20;2;0;1;1;7;4
9;0906;2;5;23;2;0;0;0;3;7
1;0108;2;6;0;2;0;0;0;7;4
9;0907;2;6;1;2;0;0;0;7;4
9;0920;2;6;4;1;0;0;0;7;4
9;0912;2;6;8;1;0;1;1;1;4
9;0921;2;6;12;2;0;0;0;7;4
23;2301;2;6;13;2;0;2;2;3;7
24;2403;2;6;17;2;0;1;1;3;4
9;0910;2;6;20;2;0;2;2;3;7
9;0920;2;6;20;2;2;1;3;4;4
7;0709;2;6;22;2;0;1;1;3;7
9;0911;2;7;0;2;0;1;1;7;4
9;0909;2;7;0;2;0;2;2;4;4
13;1306;2;7;3;2;0;2;2;7;4
9;0908;2;7;4;2;0;1;1;7;4
7;0710;2;7;7;2;0;1;1;3;7
9;0901;2;7;7;2;0;0;0;7;4
13;1309;2;7;9;2;0;1;1;3;7
24;2401;2;7;12;1;0;0;0;4;4
9;0925;2;7;14;1;0;2;2;5;4
23;2301;2;7;17;2;0;2;2;3;4
7;0709;2;7;17;2;0;3;3;7;4
9;0921;2;7;17;2;1;5;6;6;4
9;0916;2;7;17;2;0;0;0;7;4
13;1313;2;7;18;2;0;0;0;7;4
9;0906;2;7;19;2;0;1;1;3;7
9;0908;2;7;20;2;0;1;1;7;4
7;0701;2;7;20;2;0;3;3;5;4
12;1208;2;7;22;2;1;0;1;3;7
9;0911;2;1;5;2;0;1;1;1;4
9;0906;2;1;15;2;0;4;4;3;7
9;0906;2;1;18;2;0;0;0;5;4
24;2401;2;1;18;2;0;2;2;6;4
9;0918;2;1;20;1;0;1;1;2;5
9;0901;2;2;10;2;0;1;1;6;4
24;2402;2;2;12;1;0;3;3;3;7
23;2301;2;2;13;2;0;3;3;3;7
13;1309;2;2;14;2;0;5;5;3;7
9;0906;2;3;8;2;0;1;1;3;7
9;0906;2;3;10;1;0;2;2;3;4
9;0911;2;3;11;2;0;1;1;6;4
13;1301;2;3;12;2;0;0;0;3;7
9;0902;2;3;14;2;0;1;1;2;5
9;0906;2;3;14;1;0;1;1;3;4
9;0909;2;3;16;2;0;2;2;7;4
24;2402;2;3;19;1;0;2;2;1;4
9;0920;2;3;20;2;0;1;1;3;4
9;0911;2;3;23;2;0;0;0;7;4
7;0701;2;4;1;2;1;0;1;4;4
17;1703;2;4;1;2;0;1;1;4;4
13;1310;2;4;11;2;0;2;2;3;7
13;1309;2;4;13;2;0;0;0;3;7
9;0912;2;4;18;2;0;0;0;3;4
13;1310;2;4;19;2;0;2;2;3;7
9;0906;2;4;19;2;1;0;1;7;4
9;0920;2;4;20;1;0;1;1;7;4
9;0911;2;4;20;2;0;2;2;6;4
6;0606;2;4;10;2;0;0;0;5;2
17;1703;2;4;17;2;0;1;1;3;4
18;1809;2;5;4;2;0;1;1;7;4
6;0607;2;5;8;2;1;0;1;1;5
6;0601;2;5;17;2;0;0;0;3;3
6;0607;2;5;18;2;0;0;0;3;3
17;1703;2;5;21;2;0;0;0;3;4
18;1804;2;5;22;2;0;1;1;3;4
17;1703;2;6;2;2;0;1;1;7;4
10;1001;2;6;5;2;1;0;1;7;4
17;1701;2;6;12;2;0;0;0;3;1
22;2201;2;6;22;2;1;0;1;3;9
5;0504;2;7;13;1;0;0;0;3;4
12;1206;2;7;0;2;1;0;1;7;9
17;1701;2;7;0;2;0;1;1;3;4
17;1701;2;7;1;2;0;2;2;4;1
17;1705;2;7;5;2;0;1;1;7;8
5;0505;2;7;8;1;0;1;1;1;4
17;1701;2;7;8;1;0;0;0;3;10
10;1001;2;7;16;2;0;0;0;7;4
6;0605;2;7;17;2;0;1;1;3;3
17;1701;2;7;21;2;0;1;1;1;3
18;1802;2;1;5;2;1;0;1;1;5
18;1807;2;1;11;2;0;0;0;3;4
6;0608;2;1;15;2;0;0;0;3;4
6;0602;2;1;16;2;0;0;0;3;3
17;1701;2;1;19;2;0;0;0;3;4
6;0602;2;2;2;2;1;0;1;3;8
6;0601;2;2;11;2;1;0;1;7;4
8;0802;2;2;15;2;0;2;2;3;4
14;1401;2;2;15;2;0;2;2;7;4
8;0806;2;2;17;2;0;2;2;3;4
22;2201;2;2;18;1;0;2;2;3;4
6;0601;2;2;20;2;0;0;0;3;4
14;1401;2;2;20;2;1;0;1;7;4
3;0303;2;3;5;2;0;1;1;8;4
8;0806;2;3;12;2;0;2;2;3;4
15;1501;2;3;14;2;1;0;1;1;4
11;1103;2;3;17;2;0;2;2;7;6
6;0609;2;3;19;2;1;0;1;3;4
11;1113;2;3;23;2;0;1;1;7;4
11;1103;2;4;6;2;0;1;1;7;6
10;1004;2;4;17;2;0;1;1;5;4
6;0602;2;5;7;2;0;1;1;7;4
16;1601;2;5;14;2;1;1;2;3;4
21;2101;2;5;16;2;0;1;1;3;4
18;1809;2;5;16;2;0;0;0;3;1
17;1705;2;5;18;2;0;1;1;3;4
22;2201;2;5;20;2;0;1;1;5;4
14;1407;2;5;20;2;1;0;1;1;4
17;1701;2;5;21;1;0;0;0;3;4
3;0301;2;5;23;2;0;0;0;5;4
17;1704;2;6;1;2;0;2;2;3;4
17;1701;2;6;3;2;1;0;1;1;3
17;1704;2;6;3;2;1;0;1;1;4
7;0709;2;6;4;2;1;0;1;7;4
17;1707;2;6;5;2;0;4;4;7;8
3;0301;2;6;10;2;1;0;1;1;4
4;0406;2;6;10;1;0;0;0;7;4
13;1322;2;6;10;1;0;2;2;3;4
17;1701;2;6;12;2;0;1;1;3;3
17;1701;2;6;13;2;0;1;1;1;4
13;1302;2;6;14;1;1;5;6;7;4
19;1907;2;6;17;2;2;0;2;1;1
6;0606;2;6;18;2;0;0;0;7;4
14;1401;2;6;18;2;0;0;0;3;1
6;0601;2;6;19;1;0;0;0;7;3
18;1802;2;6;19;2;0;0;0;3;4
3;0304;2;6;20;2;1;2;3;3;4
6;0609;2;6;22;1;0;0;0;5;1
8;0806;2;7;0;2;0;2;2;3;4
11;1109;2;7;1;2;0;0;0;7;4
18;1802;2;7;1;2;0;1;1;1;5
2;0201;2;7;5;2;1;0;1;4;9
5;0505;2;7;6;2;2;2;4;3;4
6;0607;2;7;6;2;0;0;0;7;3
6;0603;2;7;12;2;0;1;1;1;3
2;0202;2;7;14;2;1;0;1;7;4
17;1703;2;7;15;2;0;0;0;3;4
11;1107;2;7;16;1;0;1;1;3;4
18;1808;2;7;17;2;0;0;0;7;4
10;1001;2;7;17;2;0;0;0;3;4
18;1804;2;7;17;2;0;0;0;3;4
17;1701;2;7;20;2;0;3;3;7;4
10;1001;2;7;20;2;1;0;1;3;4
17;1702;2;7;20;2;0;1;1;3;4
4;0406;2;7;21;1;2;1;3;7;4
10;1001;2;7;22;2;1;0;1;1;4
8;0804;2;1;0;1;0;2;2;1;4
2;0201;2;1;9;2;0;0;0;3;7
6;0606;2;1;12;2;0;1;1;1;4
10;1001;2;1;12;2;1;0;1;1;4
6;0605;2;1;15;2;0;0;0;7;8
13;1301;2;1;15;2;0;1;1;1;4
12;1211;2;1;17;2;1;3;4;7;4
17;1701;2;1;17;2;0;1;1;3;7
2;0201;2;1;20;2;0;1;1;1;5
4;0402;2;1;23;1;2;0;2;3;4
18;1805;2;2;1;1;0;0;0;4;4
11;1111;2;2;10;2;0;1;1;3;4
18;1802;2;2;12;2;0;0;0;7;4
22;2201;2;2;12;2;0;1;1;3;4
14;1401;2;2;13;2;0;1;1;3;4
1;0111;2;2;16;2;0;2;2;7;3
6;0601;2;2;18;2;0;0;0;6;8
5;0502;2;2;19;1;1;0;1;3;4
18;1808;2;2;20;1;0;0;0;1;4
21;2104;2;2;22;2;1;0;1;8;4
16;1601;2;3;8;2;1;1;2;3;2
12;1210;2;3;11;1;1;0;1;4;4
4;0401;2;3;18;1;0;0;0;7;10
16;1604;2;4;15;2;1;0;1;6;9
14;1404;2;4;19;1;1;0;1;7;4
6;0603;2;5;3;2;1;0;1;3;4
16;1601;2;5;6;2;3;2;5;3;7
14;1412;2;5;7;2;0;2;2;3;4
6;0605;2;5;14;2;0;0;0;7;2
11;1113;2;5;16;1;0;1;1;4;3
22;2203;2;5;20;2;0;2;2;3;1
6;0601;2;5;20;2;0;0;0;7;4
17;1702;2;6;2;2;0;1;1;3;4
14;1411;2;6;10;2;1;2;3;3;4
13;1305;2;6;20;2;1;0;1;1;4
17;1703;2;6;23;2;1;3;4;7;4
14;1404;2;7;2;2;1;1;2;4;1
14;1407;2;7;3;2;0;0;0;3;4
17;1703;2;7;4;2;1;0;1;7;4
17;1701;2;7;8;2;0;1;1;7;4
17;1701;2;7;14;2;1;1;2;7;3
8;0806;2;7;14;2;1;0;1;3;4
1;0115;2;7;15;2;1;0;1;3;3
2;0201;2;7;16;2;0;1;1;3;2
6;0605;2;7;21;2;1;0;1;3;1
22;2203;2;1;6;2;0;1;1;3;4
18;1807;2;1;6;2;0;3;3;7;4
4;0401;2;1;9;2;0;1;1;5;4
2;0201;2;1;13;2;0;1;1;3;9
17;1701;2;1;14;1;0;1;1;1;4
17;1701;2;1;20;2;0;0;0;4;4
18;1802;2;2;0;2;0;0;0;7;4
19;1901;2;2;1;2;1;0;1;8;4
19;1905;2;2;1;2;1;0;1;7;4
8;0801;2;2;10;2;0;5;5;7;4
18;1809;2;2;11;2;0;1;1;8;4
17;1701;2;2;18;2;1;0;1;7;3
2;0201;2;3;8;2;0;0;0;3;8
15;1501;2;3;9;2;1;0;1;1;5
11;1111;2;3;10;2;0;1;1;6;3
6;0605;2;3;19;2;1;0;1;7;4
14;1401;2;3;19;2;1;0;1;3;4
11;1103;2;3;22;1;0;0;0;4;3
17;1701;2;4;3;2;1;0;1;7;3
14;1404;2;4;12;1;0;1;1;1;4
22;2204;2;4;13;2;0;0;0;7;6
6;0601;2;4;17;2;0;0;0;3;4
6;0607;2;4;19;2;0;0;0;7;3
15;1503;2;4;21;2;5;0;5;3;4
17;1705;2;5;0;2;0;1;1;1;5
2;0203;2;5;4;2;0;3;3;7;4
18;1802;2;5;18;2;0;0;0;3;4
13;1305;2;5;20;1;0;0;0;7;4
17;1701;2;5;22;1;0;0;0;7;4
5;0504;2;6;0;1;0;0;0;3;4
14;1401;2;6;1;1;0;1;1;3;4
10;1001;2;6;9;2;0;2;2;7;4
17;1702;2;6;10;2;1;0;1;3;3
18;1807;2;6;10;2;0;0;0;3;4
17;1701;2;6;14;2;1;1;2;7;3
6;0603;2;6;18;2;1;0;1;1;5
6;0603;2;6;18;2;1;0;1;3;3
17;1701;2;6;22;1;0;0;0;3;1
22;2203;2;7;3;2;1;1;2;7;4
22;2201;2;7;8;1;0;0;0;8;4
17;1701;2;7;9;2;0;1;1;3;1
6;0607;2;7;12;2;0;0;0;3;4
17;1701;2;7;18;1;0;0;0;7;4
17;1703;2;7;20;2;0;1;1;7;4
4;0405;2;7;20;2;1;1;2;3;4
18;1809;2;7;22;2;0;3;3;3;4
18;1807;2;1;7;2;0;1;1;3;4
13;1322;2;1;12;1;0;1;1;8;4
16;1601;2;1;15;2;0;1;1;7;4
8;0804;2;2;11;2;2;0;2;4;9
18;1802;2;2;13;2;1;1;2;3;4
8;0804;2;2;15;2;1;0;1;7;9
2;0201;2;3;14;1;0;5;5;7;4
18;1801;2;3;14;2;0;0;0;3;4
15;1504;2;4;1;2;1;7;8;3;4
14;1404;2;4;3;2;1;1;2;7;4
14;1409;2;4;9;2;0;0;0;3;4
11;1103;2;4;11;2;0;1;1;3;4
17;1701;2;4;0;1;0;0;0;4;3
17;1701;2;4;0;1;0;1;1;3;1
5;0501;2;4;7;1;0;0;0;3;3
5;0501;2;4;7;1;0;0;0;1;9
5;0501;2;4;7;2;0;0;0;7;3
17;1701;2;4;8;1;0;0;0;3;3
7;0701;2;4;10;1;0;1;1;3;7
18;1801;2;4;11;1;0;0;0;3;4
23;2301;2;4;11;1;0;0;0;1;4
17;1701;2;4;12;1;0;0;0;4;3
23;2301;2;4;12;1;0;1;1;1;4
17;1701;2;4;12;1;0;0;0;4;1
7;0701;2;4;15;1;0;1;1;3;4
18;1801;2;4;17;2;0;1;1;1;5
17;1701;2;4;18;2;0;0;0;3;4
17;1701;2;4;21;2;0;0;0;3;1
1;0101;2;4;21;1;0;1;1;3;7
11;1101;2;4;22;1;0;0;0;3;7
17;1701;2;4;22;1;0;0;0;7;4
13;1308;2;5;0;1;0;0;0;4;4
17;1701;2;5;2;1;0;0;0;4;6
17;1701;2;5;2;1;0;0;0;4;3
5;0501;2;5;2;1;0;0;0;7;4
17;1701;2;5;5;2;0;1;1;3;7
17;1701;2;5;5;2;0;0;0;4;4
17;1701;2;5;6;1;0;1;1;3;7
5;0501;2;5;7;1;0;0;0;3;6
1;0101;2;5;7;1;0;1;1;3;7
17;1701;2;5;8;1;0;2;2;3;7
5;0501;2;5;8;1;0;1;1;3;4
17;1701;2;5;9;1;0;0;0;4;6
18;1801;2;5;9;2;0;0;0;3;4
18;1801;2;5;10;2;0;1;1;1;4
9;0907;2;5;10;1;0;0;0;3;4
18;1801;2;5;10;1;0;1;1;3;7
5;0501;2;5;11;1;0;0;0;7;9
18;1801;2;5;11;1;1;0;1;1;4
23;2301;2;5;11;1;0;1;1;3;7
17;1701;2;5;12;1;0;1;1;3;7
23;2301;2;5;14;1;0;2;2;3;7
9;0907;2;5;14;1;0;1;1;3;2
17;1701;2;5;14;1;0;0;0;8;7
11;1109;2;5;14;1;0;0;0;3;1
12;1201;2;5;16;1;0;0;0;7;4
17;1701;2;5;17;1;0;0;0;4;1
1;0101;2;5;18;1;0;1;1;7;4
18;1801;2;5;18;1;0;1;1;3;4
1;0101;2;5;19;2;0;3;3;7;1
5;0501;2;5;20;2;0;0;0;7;9
1;0101;2;5;21;1;0;1;1;3;7
23;2301;2;5;21;2;2;0;2;3;8
17;1701;2;5;22;1;0;0;0;3;4
17;1701;2;5;22;1;0;0;0;3;4
5;0501;2;5;22;2;0;0;0;7;4
23;2301;2;5;22;1;0;0;0;1;4
17;1701;2;5;23;2;0;0;0;3;8
5;0501;2;5;23;2;0;0;0;4;4
23;2301;2;5;23;1;0;4;4;3;8
1;0101;2;6;0;2;0;2;2;4;1
5;0501;2;6;0;1;0;1;1;7;6
11;1101;2;6;0;1;1;0;1;3;1
23;2301;2;6;1;1;0;1;1;3;7
17;1701;2;6;1;2;0;0;0;4;3
1;0101;2;6;1;1;0;0;0;7;4
11;1101;2;6;2;1;0;0;0;4;1
18;1801;2;6;2;1;0;0;0;4;1
17;1701;2;6;4;1;0;0;0;4;3
10;1001;2;6;4;1;0;0;0;4;7
17;1701;2;6;9;1;0;1;1;1;5
17;1701;2;6;11;1;0;0;0;3;2
10;1001;2;6;11;1;0;0;0;3;9
17;1701;2;6;11;2;0;0;0;3;4
9;0907;2;6;12;1;0;1;1;3;4
9;0907;2;6;13;1;0;0;0;4;4
17;1701;2;6;13;1;0;0;0;3;7
17;1701;2;6;13;2;0;0;0;3;4
10;1001;2;6;15;1;0;0;0;3;3
17;1701;2;6;15;1;0;0;0;4;4
13;1308;2;6;15;1;0;0;0;3;3
23;2301;2;6;16;1;0;1;1;4;3
11;1101;2;6;17;1;0;1;1;3;1
17;1701;2;6;17;1;0;0;0;4;3
23;2301;2;6;18;1;0;1;1;7;3
17;1701;2;6;18;1;0;0;0;8;1
10;1001;2;6;18;1;0;0;0;3;8
1;0101;2;6;19;1;0;0;0;7;4
17;1701;2;6;19;1;1;0;1;1;3
1;0101;2;6;19;1;0;0;0;4;4
13;1312;2;6;19;1;0;0;0;3;4
23;2301;2;6;19;1;0;0;0;3;4
23;2301;2;6;20;1;0;0;0;3;4
1;0101;2;6;20;1;0;2;2;3;1
8;0801;2;6;20;2;1;0;1;3;4
17;1701;2;6;21;1;0;0;0;4;8
17;1701;2;6;22;1;0;0;0;3;8
1;0101;2;6;22;2;0;1;1;7;4
1;0101;2;6;22;1;0;0;0;4;4
17;1701;2;7;0;2;0;0;0;4;8
17;1701;2;7;1;1;0;0;0;3;4
17;1701;2;7;2;1;0;0;0;4;2
18;1801;2;7;2;1;0;1;1;3;2
17;1701;2;7;2;1;0;0;0;8;3
18;1801;2;7;2;1;0;2;2;3;1
17;1701;2;7;4;1;0;1;1;7;3
11;1101;2;7;4;1;0;0;0;4;1
5;0501;2;7;4;2;0;0;0;7;4
1;0101;2;7;5;1;0;0;0;7;4
5;0501;2;7;5;2;0;2;2;3;4
11;1101;2;7;5;1;0;0;0;7;1
1;0101;2;7;8;1;0;1;1;1;4
17;1701;2;7;8;1;1;0;1;7;3
17;1701;2;7;8;1;1;0;1;3;4
17;1701;2;7;9;1;0;2;2;3;7
23;2301;2;7;10;1;0;1;1;7;3
5;0501;2;7;10;2;0;1;1;3;5
17;1701;2;7;10;1;0;1;1;3;1
17;1701;2;7;11;1;0;0;0;3;3
17;1701;2;7;11;1;0;1;1;4;6
1;0101;2;7;13;1;0;4;4;3;7
17;1701;2;7;14;1;0;0;0;5;4
10;1001;2;7;14;1;0;1;1;3;4
17;1701;2;7;16;1;0;0;0;4;2
23;2301;2;7;16;1;0;2;2;3;4
17;1701;2;7;17;1;0;1;1;3;4
18;1801;2;7;18;2;0;1;1;1;4
1;0101;2;7;18;1;0;0;0;5;4
1;0101;2;7;19;1;0;1;1;1;5
13;1308;2;7;20;1;0;0;0;3;7
23;2301;2;7;20;1;0;0;0;3;1
5;0501;2;7;22;1;0;1;1;3;6
17;1701;2;7;23;1;0;4;4;3;8
18;1801;2;1;0;1;0;1;1;3;1
18;1801;2;1;0;2;0;0;0;4;1
17;1701;2;1;0;1;0;0;0;4;8
23;2301;2;1;5;1;0;1;1;3;7
9;0907;2;1;6;1;0;0;0;3;4
5;0501;2;1;6;2;0;1;1;7;6
17;1701;2;1;7;2;0;0;0;3;8
17;1701;2;1;9;1;0;2;2;1;5
23;2301;2;1;9;1;0;0;0;3;7
8;0801;2;1;9;1;0;0;0;4;3
7;0701;2;1;10;1;0;1;1;7;3
17;1701;2;1;10;1;0;2;2;3;4
17;1701;2;1;14;1;0;0;0;4;8
13;1308;2;1;14;1;0;1;1;3;7
17;1701;2;1;15;1;0;1;1;8;8
17;1701;2;1;15;2;0;0;0;4;8
18;1801;2;1;15;1;0;0;0;3;7
13;1301;2;1;15;1;0;1;1;3;7
13;1301;2;1;15;1;1;0;1;3;4
17;1701;2;1;16;2;0;1;1;3;2
23;2301;2;1;16;2;0;2;2;3;2
18;1801;2;1;17;1;0;0;0;3;7
1;0101;2;1;17;1;0;0;0;7;4
18;1801;2;1;18;1;0;0;0;4;4
17;1701;2;1;18;1;0;1;1;8;8
17;1701;2;1;19;1;0;1;1;3;4
13;1301;2;1;20;1;0;0;0;3;4
17;1701;2;1;21;1;0;1;1;3;4
13;1308;2;2;6;1;0;0;0;7;6
17;1701;2;2;7;1;0;1;1;3;4
13;1308;2;2;8;1;0;0;0;3;4
7;0701;2;2;12;1;0;1;1;3;4
1;0101;2;2;12;2;0;1;1;8;4
1;0101;2;2;15;1;1;0;1;1;4
10;1001;2;2;15;1;0;0;0;5;8
17;1701;2;2;15;1;0;1;1;8;7
1;0101;2;2;16;1;0;1;1;3;4
10;1001;2;2;16;2;1;2;3;3;3
23;2301;2;2;17;1;0;1;1;3;7
1;0101;2;2;19;1;0;2;2;3;7
17;1701;2;2;20;1;0;1;1;7;3
17;1701;2;2;20;1;0;1;1;4;1
10;1001;2;2;20;1;0;1;1;3;3
13;1308;2;2;21;1;0;3;3;3;4
11;1101;2;2;21;1;0;2;2;1;1
11;1101;2;2;22;1;0;0;0;3;4
11;1101;2;3;1;1;0;0;0;3;1
8;0801;2;3;2;1;0;1;1;7;3
17;1701;2;3;6;2;0;0;0;3;4
17;1701;2;3;7;1;0;0;0;3;1
11;1101;2;3;9;1;0;1;1;3;4
13;1308;2;3;11;1;0;0;0;3;4
17;1701;2;3;12;2;0;0;0;3;2
18;1801;2;3;12;2;0;1;1;1;3
17;1701;2;3;13;1;0;1;1;4;2
18;1801;2;3;13;2;0;0;0;3;4
6;0601;2;3;17;2;0;0;0;4;7
18;1801;2;3;18;1;0;1;1;3;4
1;0101;2;3;18;2;0;1;1;7;1
1;0101;2;3;18;1;0;0;0;3;1
5;0501;2;3;19;2;0;0;0;7;6
17;1701;2;3;19;2;1;1;2;1;4
13;1301;2;3;19;1;0;1;1;4;4
17;1701;2;3;19;1;0;1;1;2;5
5;0501;2;3;20;1;0;0;0;6;4
5;0501;2;3;21;2;1;0;1;1;4
23;2301;2;4;1;1;0;0;0;3;1
18;1801;2;4;3;1;0;0;0;4;3
5;0501;2;4;4;1;0;1;1;7;1
13;1308;2;4;7;1;0;1;1;3;7
17;1701;2;4;7;1;1;0;1;1;5
18;1801;2;4;8;1;0;1;1;3;7
17;1701;2;4;9;1;0;1;1;3;7
10;1004;2;4;11;1;0;0;0;3;7
13;1308;2;4;13;1;0;0;0;3;4
18;1801;2;4;13;2;1;0;1;1;10
18;1801;2;4;14;1;0;0;0;3;2
17;1701;2;4;14;1;0;0;0;3;4
17;1701;2;4;14;2;0;0;0;8;2
7;0701;2;4;15;1;0;1;1;3;3
17;1701;2;4;16;1;0;1;1;1;1
17;1701;2;4;17;2;1;0;1;1;4
18;1801;2;4;17;1;0;1;1;3;4
17;1701;2;4;18;1;0;1;1;3;4
1;0101;2;4;19;1;0;0;0;3;1
5;0501;2;4;19;1;0;1;1;3;1
5;0501;2;4;19;1;0;1;1;7;4
11;1101;2;4;19;2;0;0;0;7;1
17;1701;2;4;20;1;1;0;1;8;3
17;1701;2;4;20;2;0;0;0;5;4
23;2301;2;4;21;1;0;0;0;3;8
8;0801;2;4;21;1;0;1;1;6;6
5;0501;2;4;22;2;0;0;0;3;4
17;1701;2;4;23;1;0;2;2;3;7
17;1701;2;4;23;1;0;1;1;7;3
17;1701;2;5;6;1;0;0;0;3;2
11;1101;2;5;7;1;0;2;2;3;7
17;1701;2;5;7;1;0;0;0;3;1
1;0101;2;5;8;1;0;1;1;3;1
5;0501;2;5;9;1;0;1;1;3;2
1;0101;2;5;11;1;0;1;1;3;7
11;1101;2;5;11;2;0;4;4;3;4
17;1701;2;5;12;2;0;0;0;3;4
17;1701;2;5;12;1;0;1;1;1;5
23;2301;2;5;13;1;0;2;2;3;7
23;2301;2;5;14;1;0;1;1;1;4
1;0101;2;5;15;1;0;1;1;1;1
1;0101;2;5;16;1;0;1;1;3;1
17;1701;2;5;16;1;0;0;0;3;4
17;1701;2;5;17;1;0;1;1;1;5
17;1701;2;5;18;2;0;1;1;3;2
1;0101;2;5;18;1;0;1;1;4;4
1;0101;2;5;18;2;1;0;1;7;4
17;1701;2;5;19;1;0;1;1;1;4
5;0501;2;5;19;2;0;0;0;3;3
17;1701;2;5;20;1;0;1;1;3;1
9;0907;2;5;20;1;0;0;0;5;4
9;0907;2;5;20;1;0;0;0;5;4
23;2301;2;5;21;1;0;1;1;3;2
12;1201;2;5;21;1;0;0;0;3;4
8;0801;2;5;21;2;0;0;0;3;3
8;0801;2;5;21;2;1;0;1;3;3
5;0501;2;5;22;2;0;6;6;3;1
17;1701;2;5;23;1;0;0;0;8;1
9;0907;2;5;23;1;0;0;0;1;1
1;0101;2;5;23;1;0;0;0;7;4
3;0306;2;5;23;2;0;2;2;3;1
1;0101;2;5;23;1;0;1;1;3;1
17;1701;2;6;0;1;0;1;1;1;5
11;1101;2;6;0;1;0;0;0;3;1
7;0701;2;6;0;1;0;0;0;3;7
13;1308;2;6;2;1;0;0;0;4;3
11;1101;2;6;3;1;0;0;0;3;1
17;1701;2;6;4;1;0;0;0;4;3
17;1701;2;6;4;1;0;0;0;4;4
17;1701;2;6;4;2;0;1;1;1;4
11;1101;2;6;5;2;1;0;1;3;4
1;0101;2;6;5;1;0;3;3;3;1
17;1701;2;6;8;1;0;1;1;3;7
23;2301;2;6;9;1;0;1;1;3;1
13;1301;2;6;11;1;0;0;0;3;7
17;1701;2;6;13;1;0;1;1;7;2
23;2301;2;6;14;2;1;1;2;3;2
13;1308;2;6;15;1;0;0;0;8;10
17;1701;2;6;15;1;0;1;1;4;1
13;1308;2;6;20;1;0;0;0;3;4
17;1701;2;6;20;1;0;0;0;4;3
13;1308;2;6;20;1;0;0;0;7;3
17;1701;2;6;20;1;0;0;0;3;3
5;0501;2;6;20;1;0;3;3;3;4
23;2301;2;6;21;1;0;1;1;3;1
9;0907;2;6;21;1;0;0;0;3;2
23;2301;2;6;21;1;0;1;1;1;4
23;2301;2;6;21;1;0;0;0;4;1
5;0501;2;6;21;2;0;0;0;3;4
13;1308;2;6;22;1;0;0;0;3;4
11;1101;2;6;22;1;0;0;0;7;1
17;1701;2;6;22;2;0;0;0;3;1
11;1101;2;7;2;2;1;0;1;1;1
1;0101;2;7;3;1;0;3;3;7;1
13;1301;2;7;5;1;0;0;0;4;7
17;1701;2;7;6;1;0;1;1;3;4
17;1701;2;7;6;1;0;0;0;4;2
17;1701;2;7;7;1;0;0;0;7;3
17;1701;2;7;7;1;0;1;1;3;1
10;1004;2;7;8;1;0;1;1;3;7
17;1701;2;7;8;1;0;0;0;3;2
23;2301;2;7;9;2;0;1;1;7;1
1;0101;2;7;10;1;0;0;0;3;7
23;2301;2;7;11;1;0;0;0;7;3
7;0701;2;7;12;1;0;1;1;3;7
11;1101;2;7;12;2;0;1;1;1;5
17;1701;2;7;13;1;0;0;0;3;4
12;1201;2;7;14;1;0;0;0;7;4
11;1101;2;7;14;1;0;0;0;3;1
23;2301;2;7;15;1;0;2;2;3;4
17;1701;2;7;15;2;0;0;0;4;2
17;1701;2;7;16;2;0;1;1;7;3
8;0801;2;7;16;2;0;1;1;5;3
23;2301;2;7;18;1;0;0;0;7;3
1;0101;2;7;18;2;0;5;5;7;4
11;1101;2;7;20;1;0;0;0;4;1
5;0501;2;7;20;2;0;0;0;7;8
17;1701;2;7;20;1;0;1;1;7;9
23;2301;2;7;20;2;1;0;1;7;8
11;1101;2;7;20;1;0;0;0;3;7
11;1101;2;7;21;2;0;1;1;3;1
13;1301;2;7;21;1;0;1;1;3;7
23;2301;2;7;22;1;0;0;0;3;1
17;1701;2;7;23;1;0;0;0;4;3
11;1101;2;7;23;2;0;0;0;3;1
11;1101;2;7;23;1;0;1;1;3;1
1;0101;2;7;23;1;0;1;1;7;4
23;2301;2;1;0;1;0;1;1;3;7
23;2301;2;1;0;1;0;0;0;4;1
1;0101;2;1;0;1;0;1;1;5;1
13;1308;2;1;1;1;0;0;0;3;4
13;1308;2;1;1;1;0;0;0;3;1
23;2301;2;1;1;1;0;3;3;4;3
11;1101;2;1;5;1;0;2;2;4;4
17;1701;2;1;6;1;0;0;0;6;2
13;1308;2;1;7;1;1;0;1;1;3
17;1701;2;1;8;1;0;0;0;3;2
1;0101;2;1;10;1;0;1;1;1;5
23;2301;2;1;11;1;0;1;1;3;3
23;2301;2;1;11;1;0;1;1;3;2
10;1001;2;1;13;1;0;2;2;5;3
17;1701;2;1;15;1;0;1;1;7;9
17;1701;2;1;16;1;0;2;2;3;1
13;1308;2;1;16;1;0;0;0;3;4
13;1308;2;1;16;1;0;0;0;3;4
1;0101;2;1;16;1;0;3;3;3;4
17;1701;2;1;16;2;0;0;0;3;4
18;1801;2;1;17;2;1;4;5;3;1
13;1308;2;1;18;1;0;1;1;3;4
9;0907;2;1;18;1;0;0;0;3;4
23;2301;2;1;20;1;0;3;3;3;1
17;1701;2;1;20;1;0;0;0;3;6
7;0701;2;1;20;1;0;1;1;3;7
17;1701;2;1;21;1;0;2;2;3;3
1;0101;2;1;21;2;0;0;0;5;1
17;1701;2;1;22;1;0;1;1;7;8
23;2301;2;1;22;1;0;0;0;4;1
1;0101;2;2;0;2;0;0;0;4;4
1;0101;2;2;2;2;0;0;0;7;4
18;1801;2;2;3;1;0;0;0;3;1
18;1801;2;2;3;1;0;0;0;3;4
13;1301;2;2;8;1;0;0;0;7;7
17;1701;2;2;9;1;0;0;0;8;3
1;0101;2;2;10;2;0;1;1;1;4
13;1308;2;2;11;1;0;1;1;3;4
17;1701;2;2;13;1;0;0;0;3;4
17;1701;2;2;14;2;0;0;0;4;3
13;1308;2;2;14;1;0;0;0;7;4
13;1308;2;2;14;1;0;1;1;5;2
17;1701;2;2;17;1;0;0;0;4;2
23;2301;2;2;18;2;0;0;0;7;3
23;2301;2;2;18;1;1;2;3;3;2
13;1308;2;2;19;1;0;0;0;3;4
1;0101;2;2;20;2;0;1;1;3;1
5;0501;2;2;20;2;0;1;1;3;2
11;1101;2;2;21;1;0;0;0;3;1
23;2301;2;2;21;1;0;4;4;3;2
13;1308;2;2;22;1;0;0;0;3;4
17;1701;2;2;22;1;0;1;1;1;4
13;1308;2;3;3;1;0;0;0;4;3
18;1801;2;3;3;2;0;1;1;3;2
5;0501;2;3;4;2;0;0;0;3;2
11;1101;2;3;6;1;0;0;0;3;7
18;1801;2;3;8;1;0;0;0;3;7
17;1701;2;3;8;1;0;0;0;3;4
11;1101;2;3;9;1;0;0;0;3;4
1;0101;2;3;10;1;0;0;0;3;2
23;2301;2;3;11;1;0;1;1;3;4
17;1701;2;3;11;1;0;0;0;4;2
1;0101;2;3;11;1;0;1;1;1;5
5;0501;2;3;12;1;0;1;1;7;7
18;1801;2;3;12;1;0;2;2;1;3
18;1801;2;3;12;1;0;1;1;1;6
17;1701;2;3;13;1;0;0;0;3;7
17;1701;2;3;14;1;0;0;0;4;6
17;1701;2;3;14;2;0;0;0;8;6
17;1701;2;3;14;2;0;0;0;3;2
8;0801;2;3;14;2;0;1;1;6;3
9;0907;2;3;15;1;0;0;0;3;4
13;1308;2;3;15;1;0;1;1;3;4
13;1308;2;3;15;1;0;0;0;3;4
5;0501;2;3;15;1;0;5;5;4;7
17;1701;2;3;17;2;0;1;1;2;5
17;1701;2;3;18;1;0;0;0;8;7
17;1701;2;3;19;1;0;1;1;3;3
17;1704;2;3;19;2;0;1;1;5;4
1;0101;2;3;19;2;0;1;1;1;4
17;1701;2;3;19;1;0;1;1;1;4
13;1308;2;3;20;1;0;0;0;3;4
23;2301;2;3;21;2;0;1;1;7;3
17;1701;2;3;22;1;0;2;2;7;3
23;2301;2;3;23;1;0;0;0;4;3
23;2301;2;4;0;1;0;0;0;7;3
17;1701;2;4;1;1;0;0;0;4;3
17;1701;2;4;3;1;0;0;0;3;7
8;0801;2;4;6;2;0;0;0;7;3
17;1701;2;4;7;1;0;0;0;3;4
17;1701;2;4;7;1;0;0;0;3;4
9;0907;2;4;7;1;0;0;0;7;9
17;1701;2;4;10;1;1;0;1;8;3
23;2301;2;4;11;1;0;1;1;3;7
11;1101;2;4;13;1;0;0;0;3;7
1;0101;2;4;13;1;0;1;1;1;1
7;0701;2;4;13;2;0;1;1;1;5
13;1308;2;4;14;1;0;0;0;4;3
13;1308;2;4;14;1;0;0;0;3;4
1;0101;2;4;14;1;0;1;1;1;5
11;1101;2;4;14;1;0;1;1;3;7
5;0501;2;4;15;1;0;0;0;7;1
13;1308;2;4;16;1;0;1;1;3;4
9;0907;2;4;17;1;0;0;0;8;9
17;1701;2;4;18;1;0;2;2;1;5
6;0601;2;4;18;1;0;1;1;1;7
17;1701;2;4;20;1;0;2;2;3;1
17;1701;2;4;20;1;0;1;1;8;7
17;1701;2;5;0;2;1;1;2;7;3
17;1701;2;5;4;1;0;0;0;8;4
18;1801;2;5;5;2;0;0;0;7;3
17;1701;2;5;5;1;0;1;1;1;5
17;1701;2;5;7;2;1;0;1;1;5
17;1701;2;5;10;2;0;0;0;7;3
1;0101;2;5;10;1;0;0;0;3;7
11;1101;2;5;11;1;0;0;0;3;4
11;1101;2;5;13;1;0;0;0;3;1
18;1801;2;5;14;2;1;0;1;4;10
11;1101;2;5;14;1;0;0;0;3;7
23;2301;2;5;15;1;0;0;0;7;3
23;2301;2;5;15;1;0;1;1;3;7
17;1701;2;5;15;1;0;1;1;3;4
17;1701;2;5;15;2;0;0;0;3;4
17;1701;2;5;16;1;0;1;1;8;7
17;1701;2;5;17;1;0;0;0;3;3
7;0701;2;5;17;1;0;1;1;5;4
17;1701;2;5;18;2;0;1;1;1;5
5;0501;2;5;19;1;0;0;0;1;1
13;1301;2;5;19;1;0;1;1;3;7
1;0101;2;5;20;1;0;0;0;3;1
17;1701;2;5;20;1;0;0;0;3;7
5;0501;2;5;20;2;0;0;0;7;1
17;1701;2;5;23;1;0;2;2;3;1
17;1701;2;5;23;1;0;1;1;3;1
17;1701;2;6;0;1;0;0;0;4;2
5;0501;2;6;0;2;0;0;0;4;4
9;0907;2;6;1;1;0;1;1;3;4
11;1101;2;6;2;1;0;1;1;6;1
1;0101;2;6;5;2;0;1;1;7;1
17;1701;2;6;5;2;0;0;0;3;7
17;1701;2;6;5;1;2;2;4;3;3
13;1308;2;6;8;1;0;1;1;1;1
5;0501;2;6;8;1;0;3;3;3;2
3;0301;2;6;8;2;0;0;0;5;4
17;1701;2;6;11;1;0;1;1;3;2
11;1101;2;6;11;1;0;0;0;4;4
1;0101;2;6;12;1;0;2;2;5;2
9;0907;2;6;13;1;0;1;1;7;2
10;1004;2;6;13;2;0;0;0;4;1
1;0101;2;6;13;2;0;2;2;3;4
1;0101;2;6;13;1;0;1;1;1;4
13;1301;2;6;15;1;0;0;0;3;7
17;1701;2;6;15;1;0;0;0;4;3
1;0101;2;6;15;2;0;1;1;3;1
23;2301;2;6;16;1;0;2;2;3;4
13;1301;2;6;18;1;0;0;0;3;7
9;0907;2;6;19;1;0;1;1;3;7
17;1701;2;6;19;1;0;0;0;3;1
1;0101;2;6;20;1;0;1;1;3;7
11;1101;2;6;20;1;0;0;0;4;1
17;1701;2;6;21;1;0;2;2;8;1
23;2301;2;6;21;2;0;1;1;7;8
13;1308;2;6;22;1;0;1;1;3;4
17;1701;2;6;22;1;0;0;0;4;2
1;0101;2;6;22;1;0;1;1;3;4
13;1301;2;6;22;1;0;0;0;3;7
11;1101;2;6;22;1;0;0;0;4;1
17;1701;2;6;23;2;1;0;1;8;3
17;1701;2;6;23;1;0;0;0;4;3
17;1701;2;7;2;1;0;0;0;4;3
5;0501;2;7;2;2;0;0;0;1;2
9;0907;2;7;4;1;0;2;2;4;4
17;1701;2;7;6;1;0;0;0;3;4
1;0101;2;7;6;1;0;0;0;7;4
17;1701;2;7;9;2;0;0;0;3;1
17;1701;2;7;12;1;0;0;0;6;6
23;2301;2;7;13;1;0;2;2;3;4
1;0101;2;7;14;2;0;1;1;7;1
5;0501;2;7;15;2;0;4;4;4;2
13;1301;2;7;16;1;0;0;0;3;7
5;0501;2;7;16;1;0;0;0;1;7
11;1101;2;7;17;1;0;0;0;3;4
9;0907;2;7;17;1;0;0;0;5;4
11;1101;2;7;17;2;0;0;0;7;4
18;1801;2;7;19;2;0;1;1;1;1
11;1101;2;7;19;1;0;1;1;3;1
17;1701;2;7;19;1;0;0;0;8;1
5;0501;2;7;20;1;0;0;0;5;2
17;1701;2;7;21;2;0;1;1;7;3
9;0907;2;7;22;1;0;1;1;2;9
11;1101;2;7;23;1;0;0;0;3;1
17;1701;2;1;0;1;0;1;1;7;3
17;1701;2;1;1;1;0;0;0;4;1
18;1801;2;1;4;1;0;1;1;7;3
17;1701;2;1;6;1;0;0;0;3;3
11;1101;2;1;7;1;0;0;0;3;1
23;2301;2;1;7;1;0;1;1;3;7
13;1301;2;1;8;1;0;1;1;3;7
17;1701;2;1;8;1;0;1;1;3;7
18;1801;2;1;9;2;0;1;1;3;7
17;1701;2;1;11;1;0;1;1;1;4
23;2301;2;1;12;1;0;0;0;3;4
13;1308;2;1;13;1;0;1;1;7;4
17;1701;2;1;14;1;0;1;1;7;7
17;1701;2;1;17;1;0;1;1;8;2
17;1701;2;1;17;1;0;1;1;4;3
17;1701;2;1;17;1;0;0;0;5;4
18;1801;2;1;19;1;0;1;1;1;4
17;1701;2;1;20;1;0;0;0;3;4
5;0501;2;1;21;1;0;0;0;7;4
18;1801;2;1;22;1;0;1;1;3;7
17;1701;2;1;22;1;0;2;2;4;8
17;1701;2;2;5;2;0;0;0;3;8
5;0501;2;2;6;1;0;1;1;3;2
5;0501;2;2;6;2;0;0;0;1;2
17;1701;2;2;7;2;0;3;3;8;6
9;0907;2;2;7;1;0;1;1;7;2
17;1701;2;2;9;1;0;1;1;2;5
13;1308;2;2;9;1;0;0;0;3;4
17;1701;2;2;9;1;0;1;1;1;5
13;1308;2;2;10;1;0;1;1;3;4
17;1701;2;2;10;1;0;0;0;3;7
17;1701;2;2;11;1;0;0;0;4;3
17;1701;2;2;11;1;0;2;2;1;5
17;1701;2;2;11;1;0;0;0;3;8
11;1101;2;2;12;1;0;1;1;3;4
18;1801;2;2;13;1;1;1;2;2;10
17;1701;2;2;13;1;0;0;0;8;8
17;1701;2;2;13;1;0;0;0;4;4
11;1101;2;2;14;1;0;3;3;3;6
5;0501;2;2;14;1;0;0;0;7;2
17;1701;2;2;14;1;0;0;0;3;8
23;2301;2;2;14;1;0;2;2;3;7
11;1101;2;2;15;2;0;0;0;7;10
17;1701;2;2;16;2;0;0;0;3;8
11;1101;2;2;17;1;0;0;0;8;6
17;1701;2;2;17;1;0;1;1;1;5
17;1701;2;2;19;1;0;0;0;3;8
18;1801;2;2;22;2;0;3;3;1;3
11;1101;2;2;23;1;0;0;0;7;1
18;1801;2;3;7;2;0;0;0;3;4
18;1801;2;3;7;1;0;0;0;3;7
1;0101;2;3;8;1;0;2;2;3;7
1;0101;2;3;9;1;0;1;1;3;4
1;0101;2;3;9;1;0;0;0;4;4
17;1701;2;3;10;1;0;1;1;4;8
17;1701;2;3;10;2;0;0;0;3;4
17;1701;2;3;10;2;0;0;0;3;4
23;2301;2;3;11;1;0;1;1;3;4
5;0506;2;3;12;2;0;0;0;3;2
17;1701;2;3;12;2;0;0;0;4;2
17;1701;2;3;12;1;0;1;1;3;3
17;1701;2;3;13;1;0;0;0;4;6
11;1101;2;3;13;1;0;0;0;5;4
9;0907;2;3;13;1;0;1;1;3;4
17;1701;2;3;14;1;0;0;0;1;5
17;1701;2;3;16;1;0;1;1;3;1
9;0907;2;3;16;1;0;0;0;1;4
17;1701;2;3;17;1;0;0;0;3;4
17;1701;2;3;17;1;0;1;1;1;5
17;1701;2;3;18;1;0;0;0;5;2
9;0910;2;3;19;1;0;0;0;3;4
11;1101;2;3;19;1;0;0;0;1;4
11;1101;2;3;23;1;0;0;0;3;1
18;1801;2;3;23;2;0;1;1;7;3
17;1701;2;4;5;1;0;0;0;4;8
17;1701;2;4;5;1;0;3;3;1;5
17;1701;2;4;5;1;0;1;1;4;3
17;1701;2;4;6;1;1;7;8;4;1
5;0501;2;4;6;2;0;0;0;3;2
1;0101;2;4;7;1;0;2;2;3;7
17;1701;2;4;7;1;0;2;2;3;7
18;1801;2;4;8;2;0;1;1;1;5
19;1901;2;4;10;1;0;1;1;3;1
17;1701;2;4;11;2;0;0;0;3;4
17;1701;2;4;11;2;0;0;0;3;2
17;1701;2;4;12;2;0;1;1;1;4
1;0101;2;4;14;1;0;0;0;3;7
10;1001;2;4;15;1;0;1;1;1;4
13;1301;2;4;17;1;0;1;1;6;7
17;1701;2;4;17;1;0;2;2;3;7
18;1801;2;4;18;2;0;1;1;8;3
1;0101;2;4;18;1;0;1;1;3;7
11;1101;2;4;19;1;0;0;0;3;1
17;1701;2;4;20;1;0;1;1;3;7
17;1701;2;4;20;1;0;0;0;3;4
13;1301;2;4;21;1;0;0;0;3;7
17;1701;2;4;22;1;0;0;0;3;1
9;0907;2;4;23;1;0;1;1;4;3
17;1701;2;4;23;1;0;0;0;4;1
17;1701;2;5;0;1;0;1;1;3;7
17;1701;2;5;2;2;0;0;0;4;4
17;1701;2;5;2;1;0;0;0;4;4
17;1701;2;5;5;1;0;2;2;8;3
17;1701;2;5;10;1;0;1;1;3;7
11;1101;2;5;13;1;0;3;3;3;7
9;0907;2;5;13;1;0;0;0;3;4
1;0101;2;5;14;1;0;1;1;1;4
17;1701;2;5;14;2;0;0;0;3;4
17;1701;2;5;15;1;0;1;1;8;3
5;0501;2;5;16;1;0;0;0;3;2
12;1201;2;5;16;1;1;0;1;7;10
9;0907;2;5;16;1;0;0;0;1;4
5;0501;2;5;17;1;0;0;0;7;2
17;1701;2;5;18;1;0;0;0;3;6
17;1701;2;5;20;1;0;0;0;3;1
13;1301;2;5;21;1;0;0;0;3;7
17;1701;2;5;22;1;0;1;1;3;1
17;1701;2;5;23;1;0;1;1;4;3
11;1101;2;5;23;2;0;0;0;3;1
17;1701;2;5;23;1;0;0;0;7;4
17;1701;2;5;23;1;0;1;1;1;4
18;1801;2;5;23;2;0;0;0;4;1
5;0501;2;6;0;1;0;1;1;4;4
18;1801;2;6;1;2;0;1;1;7;1
18;1801;2;6;1;1;0;0;0;7;1
17;1701;2;6;2;1;0;0;0;4;4
17;1701;2;6;2;1;0;0;0;8;7
18;1801;2;6;2;1;0;0;0;7;1
9;0907;2;6;9;1;0;0;0;3;4
1;0101;2;6;11;1;0;1;1;3;7
5;0501;2;6;13;1;0;0;0;3;2
17;1701;2;6;14;1;0;0;0;3;7
11;1101;2;6;14;1;0;1;1;3;7
5;0501;2;6;14;2;0;0;0;1;2
1;0101;2;6;15;2;0;0;0;7;4
18;1801;2;6;16;2;0;0;0;4;1
13;1308;2;6;16;1;0;0;0;3;4
1;0101;2;6;18;2;0;1;1;3;4
17;1701;2;6;19;1;0;0;0;3;1
17;1701;2;6;19;1;0;1;1;1;1
18;1801;2;6;20;1;0;1;1;3;2
5;0501;2;6;20;1;0;0;0;3;7
17;1701;2;6;22;1;0;0;0;4;1
13;1301;2;6;22;1;0;0;0;8;7
18;1801;2;6;22;1;0;0;0;3;1
17;1701;2;6;22;2;0;0;0;4;3
13;1301;2;6;23;1;0;1;1;3;7
1;0101;2;7;0;1;0;0;0;3;4
1;0101;2;7;0;1;0;1;1;3;7
17;1701;2;7;0;1;0;0;0;4;8
5;0501;2;7;3;1;0;0;0;2;4
13;1301;2;7;4;1;0;0;0;7;7
17;1701;2;7;4;1;0;1;1;8;8
10;1006;2;7;5;2;0;0;0;7;3
9;0907;2;7;7;1;0;0;0;7;2
17;1701;2;7;8;1;0;2;2;3;2
17;1701;2;7;8;1;0;0;0;3;1
5;0501;2;7;10;2;1;0;1;1;1
1;0101;2;7;10;1;0;0;0;3;4
18;1801;2;7;11;2;0;1;1;4;3
11;1101;2;7;12;1;0;0;0;4;1
9;0907;2;7;12;1;0;2;2;1;5
12;1201;2;7;12;1;0;1;1;3;4
10;1001;2;7;12;1;0;0;0;1;4
1;0101;2;7;15;1;0;0;0;3;4
7;0701;2;7;16;1;0;2;2;3;7
17;1701;2;7;17;1;0;6;6;8;1
5;0501;2;7;18;1;0;0;0;3;4
18;1801;2;7;18;2;0;1;1;1;3
1;0101;2;7;19;1;0;1;1;1;4
17;1701;2;7;19;1;1;1;2;4;2
11;1101;2;7;19;1;0;0;0;4;1
17;1701;2;7;20;2;0;0;0;8;1
12;1206;2;7;20;2;0;1;1;7;3
1;0101;2;7;21;2;0;1;1;5;4
13;1301;2;7;21;1;0;0;0;4;7
9;0907;2;7;23;1;0;0;0;1;5
5;0501;2;1;1;1;0;0;0;7;4
17;1701;2;1;4;1;0;1;1;3;1
5;0501;2;1;5;1;0;0;0;1;1
9;0907;2;1;6;1;0;2;2;3;4
17;1701;2;1;6;2;0;0;0;3;4
18;1801;2;1;6;2;0;1;1;1;3
17;1701;2;1;6;1;0;0;0;8;1
17;1701;2;1;7;2;0;0;0;3;4
17;1701;2;1;8;2;0;0;0;3;4
17;1701;2;1;8;1;0;0;0;3;7
1;0101;2;1;10;1;0;3;3;5;1
13;1301;2;1;11;1;0;1;1;3;7
11;1101;2;1;12;1;0;1;1;1;5
18;1801;2;1;12;1;0;0;0;4;3
1;0101;2;1;12;1;0;0;0;3;4
18;1801;2;1;15;2;0;2;2;3;4
9;0907;2;1;15;1;0;1;1;3;7
18;1801;2;1;15;1;0;1;1;1;7
9;0907;2;1;16;1;0;0;0;3;4
8;0801;2;1;16;1;0;0;0;1;3
1;0101;2;1;16;1;0;0;0;3;7
17;1701;2;1;18;1;0;1;1;1;5
9;0907;2;1;19;1;0;0;0;7;2
18;1801;2;1;19;1;0;2;2;3;4
17;1701;2;1;20;1;0;1;1;1;5
17;1701;2;1;21;1;0;0;0;3;8
7;0701;2;1;22;1;0;3;3;3;4
17;1701;2;2;0;1;0;1;1;3;1
17;1701;2;2;1;1;0;0;0;4;3
17;1701;2;2;6;1;0;2;2;3;7
11;1101;2;2;6;2;1;9;10;3;4
17;1701;2;2;7;2;0;1;1;1;4
18;1801;2;2;7;1;0;0;0;3;7
11;1101;2;2;7;1;0;0;0;3;4
17;1701;2;2;8;2;0;0;0;3;3
17;1701;2;2;10;1;0;0;0;3;4
17;1701;2;2;10;1;0;1;1;8;6
17;1701;2;2;11;1;0;1;1;1;4
9;0907;2;2;12;1;0;0;0;6;2
5;0501;2;2;13;1;0;2;2;3;4
10;1001;2;2;13;1;0;1;1;3;4
1;0101;2;2;13;1;0;2;2;3;7
13;1301;2;2;16;1;0;0;0;3;7
5;0501;2;2;18;2;0;0;0;7;4
10;1001;2;2;19;1;1;0;1;1;4
10;1001;2;2;19;1;0;0;0;3;4
17;1701;2;2;20;1;0;0;0;7;4
17;1701;2;2;21;2;0;0;0;8;2
17;1701;2;2;21;2;0;0;0;8;3
17;1701;2;2;23;1;0;0;0;4;2
17;1701;2;3;2;2;0;0;0;4;3
17;1701;2;3;6;2;0;0;0;4;6
17;1701;2;3;6;2;0;2;2;3;4
12;1201;2;3;7;2;0;0;0;3;2
18;1801;2;3;8;1;0;1;1;3;3
17;1701;2;3;8;1;0;0;0;3;7
9;0907;2;3;8;1;0;2;2;3;5
17;1701;2;3;11;1;0;1;1;1;5
18;1801;2;3;11;2;0;0;0;3;7
9;0907;2;3;12;1;0;0;0;1;4
17;1701;2;3;13;2;0;0;0;3;7
17;1701;2;3;15;1;0;1;1;3;7
9;0907;2;3;21;1;0;0;0;5;2
11;1101;2;3;21;1;0;1;1;3;1
5;0501;2;3;21;2;0;0;0;7;4
11;1101;2;3;22;1;0;1;1;4;1
9;0907;2;3;22;1;0;0;0;1;9
17;1701;2;3;23;1;1;0;1;6;3
17;1701;2;4;0;1;0;0;0;4;3
17;1701;2;4;6;1;0;1;1;1;4
17;1701;2;4;9;1;0;0;0;3;3
17;1701;2;4;11;2;0;2;2;4;4
11;1101;2;4;12;1;0;1;1;5;4
17;1701;2;4;12;1;0;1;1;3;7
5;0501;2;4;16;2;0;0;0;8;4
17;1701;2;4;17;1;0;0;0;3;4
9;0907;2;4;17;1;0;1;1;3;3
17;1701;2;4;17;1;0;3;3;3;3
9;0907;2;4;18;1;0;1;1;7;9
9;0907;2;4;18;1;0;1;1;7;9
9;0907;2;4;20;1;0;0;0;3;4
5;0501;2;4;22;1;0;0;0;1;4
17;1701;2;4;23;1;0;0;0;3;7
18;1801;3;5;0;2;0;0;0;7;3
23;2301;3;5;0;1;0;0;0;7;8
18;1801;3;5;2;1;0;0;0;4;1
11;1101;3;5;2;2;0;1;1;3;1
13;1308;3;5;6;1;0;0;0;7;3
5;0501;3;5;8;1;0;0;0;7;3
9;0910;3;5;10;1;0;0;0;1;4
17;1701;3;5;11;1;0;0;0;3;3
17;1701;3;5;11;1;0;0;0;3;4
6;0601;3;5;11;1;0;1;1;3;7
23;2301;3;5;14;1;0;2;2;3;2
12;1201;3;5;15;1;0;0;0;3;4
17;1701;3;5;15;2;0;1;1;8;4
17;1701;3;5;15;2;0;0;0;8;4
13;1308;3;5;16;1;0;0;0;3;4
9;0907;3;5;18;1;0;1;1;3;4
5;0501;3;5;18;2;0;0;0;7;3
17;1701;3;5;19;1;0;0;0;8;1
7;0701;3;5;20;1;0;1;1;1;3
1;0101;3;5;20;1;0;1;1;8;7
23;2301;3;5;20;1;0;1;1;2;5
23;2301;3;5;21;1;0;1;1;7;3
17;1701;3;5;22;1;0;0;0;3;1
23;2301;3;5;23;1;0;0;0;7;3
7;0701;3;5;23;1;0;0;0;7;7
23;2301;3;5;23;1;0;0;0;7;1
6;0601;3;5;23;1;1;0;1;4;7
17;1701;3;5;23;1;0;0;0;3;2
9;0901;3;5;6;1;0;2;2;4;4
9;0901;3;5;9;1;0;1;1;3;4
9;0901;3;5;12;1;0;2;2;3;4
9;0901;3;5;20;1;0;1;1;1;3
9;0901;3;5;23;1;0;1;1;7;10
9;0911;3;5;1;2;0;0;0;7;4
9;0927;3;5;2;2;1;0;1;7;4
9;0921;3;5;3;2;0;0;0;7;4
24;2402;3;5;3;2;0;1;1;3;7
7;0704;3;5;4;2;0;0;0;7;4
9;0914;3;5;9;2;0;0;0;3;7
9;0920;3;5;11;2;0;1;1;3;4
24;2401;3;5;11;1;0;1;1;3;7
9;0918;3;5;14;2;0;0;0;7;4
1;0101;3;5;15;2;0;1;1;3;7
1;0103;3;5;15;2;0;0;0;3;7
9;0916;3;5;16;2;0;2;2;2;5
7;0712;3;5;16;2;0;1;1;7;4
24;2403;3;5;18;1;0;1;1;4;4
13;1309;3;5;19;2;0;2;2;3;4
13;1306;3;5;20;2;0;0;0;3;4
9;0920;3;5;21;2;2;0;2;3;4
9;0906;3;5;22;1;0;0;0;7;4
9;0906;3;5;22;2;0;1;1;4;4
20;2002;3;5;8;2;0;1;1;1;4
19;1901;3;5;13;2;0;0;0;1;5
17;1701;3;5;13;2;0;0;0;3;4
10;1002;3;5;14;2;0;0;0;3;4
5;0503;3;5;15;2;0;1;1;7;8
6;0607;3;5;21;2;0;3;3;6;8
19;1901;3;5;23;1;0;0;0;3;8
17;1701;3;6;1;1;0;1;1;7;2
17;1701;3;6;1;1;0;0;0;3;1
17;1701;3;6;1;1;0;0;0;4;8
17;1701;3;6;2;1;0;1;1;4;2
17;1701;3;6;2;1;1;0;1;1;5
18;1801;3;6;3;2;0;0;0;4;1
1;0101;3;6;5;1;0;1;1;7;4
17;1701;3;6;5;1;0;1;1;3;4
5;0501;3;6;5;1;0;0;0;5;2
17;1701;3;6;6;2;1;0;1;8;3
5;0501;3;6;6;1;0;0;0;7;4
5;0501;3;6;7;2;0;0;0;7;4
17;1701;3;6;7;1;0;0;0;3;8
17;1701;3;6;7;2;1;1;2;3;3
1;0101;3;6;7;1;0;1;1;1;10
17;1701;3;6;8;2;0;0;0;4;8
17;1701;3;6;8;1;1;1;2;3;3
17;1701;3;6;8;2;1;0;1;8;7
17;1701;3;6;8;1;0;3;3;8;1
5;0501;3;6;9;1;0;0;0;3;2
10;1004;3;6;10;1;0;0;0;4;4
17;1701;3;6;11;1;1;0;1;1;4
23;2301;3;6;11;1;0;1;1;1;4
1;0101;3;6;11;1;0;1;1;5;4
11;1101;3;6;12;1;0;1;1;3;4
17;1701;3;6;13;2;1;0;1;8;4
13;1301;3;6;14;1;1;0;1;3;7
18;1801;3;6;14;2;0;1;1;1;5
11;1101;3;6;14;1;0;1;1;4;4
5;0501;3;6;15;2;0;0;0;7;3
17;1701;3;6;16;2;0;1;1;3;2
5;0501;3;6;17;1;0;0;0;5;2
1;0101;3;6;17;1;0;0;0;3;4
17;1701;3;6;18;1;0;1;1;2;5
5;0501;3;6;19;1;0;0;0;3;4
1;0101;3;6;19;1;0;2;2;1;1
18;1801;3;6;20;2;0;0;0;3;1
23;2301;3;6;21;1;0;1;1;7;3
17;1701;3;6;21;1;0;0;0;3;3
13;1308;3;6;22;1;0;1;1;3;4
23;2301;3;6;22;1;0;1;1;2;5
5;0501;3;6;23;1;0;0;0;4;4
18;1801;3;6;23;1;0;1;1;3;1
9;0901;3;6;2;1;0;2;2;7;1
9;0901;3;6;7;1;1;1;2;3;7
9;0901;3;6;9;1;0;1;1;1;4
9;0901;3;6;9;1;0;1;1;4;10
9;0901;3;6;11;1;0;2;2;3;3
9;0901;3;6;13;1;0;2;2;5;3
9;0901;3;6;14;1;0;0;0;3;6
9;0901;3;6;15;1;0;1;1;4;4
9;0901;3;6;15;1;0;1;1;1;3
9;0901;3;6;15;1;0;1;1;4;3
9;0901;3;6;16;1;0;1;1;1;3
9;0901;3;6;16;1;0;0;0;4;1
9;0901;3;6;20;1;0;1;1;3;4
9;0901;3;6;21;1;0;1;1;3;7
9;0906;3;6;0;2;0;2;2;3;4
13;1301;3;6;3;2;1;0;1;3;7
9;0916;3;6;5;2;0;0;0;7;4
9;0921;3;6;6;2;0;0;0;7;4
24;2402;3;6;8;2;0;1;1;3;4
9;0911;3;6;9;2;0;1;1;3;7
23;2302;3;6;12;2;0;2;2;3;7
12;1208;3;6;16;1;0;1;1;3;7
13;1301;3;6;17;2;0;1;1;3;4
12;1204;3;6;17;2;0;1;1;3;4
9;0906;3;6;19;2;0;3;3;8;10
24;2402;3;6;21;2;0;1;1;3;7
1;0108;3;6;23;2;0;1;1;3;7
17;1701;3;6;3;2;1;0;1;7;4
17;1702;3;6;3;2;0;0;0;7;3
17;1702;3;6;11;1;0;0;0;1;4
17;1705;3;6;13;2;1;1;2;5;4
13;1303;3;6;14;2;1;1;2;8;4
17;1701;3;6;21;2;0;0;0;7;4
6;0610;3;6;23;2;0;0;0;7;4
11;1101;3;7;0;1;0;0;0;4;1
17;1701;3;7;0;1;0;0;0;3;1
1;0101;3;7;1;1;0;1;1;3;7
23;2301;3;7;1;1;0;0;0;3;4
17;1701;3;7;2;1;0;0;0;7;8
5;0501;3;7;2;2;0;0;0;7;4
18;1801;3;7;2;1;0;1;1;5;7
17;1701;3;7;3;1;0;0;0;4;3
17;1701;3;7;3;2;0;0;0;6;8
1;0101;3;7;4;2;0;4;4;7;4
1;0101;3;7;5;2;0;0;0;7;4
17;1701;3;7;5;1;0;1;1;7;8
18;1801;3;7;6;2;0;1;1;5;1
17;1701;3;7;8;1;0;0;0;3;1
1;0101;3;7;8;1;0;2;2;3;7
5;0501;3;7;10;1;0;0;0;7;3
7;0701;3;7;12;1;0;1;1;4;7
9;0907;3;7;13;1;0;1;1;2;5
11;1101;3;7;13;2;0;1;1;3;1
12;1201;3;7;13;1;0;1;1;3;4
10;1001;3;7;14;1;1;0;1;1;4
17;1701;3;7;15;1;0;0;0;3;1
23;2301;3;7;16;2;0;1;1;7;3
1;0101;3;7;16;1;1;0;1;1;5
13;1308;3;7;18;1;0;0;0;4;3
17;1701;3;7;18;1;0;1;1;1;5
23;2301;3;7;18;2;0;0;0;4;3
7;0701;3;7;18;2;1;1;2;3;3
1;0101;3;7;19;1;0;0;0;3;7
23;2301;3;7;20;1;1;2;3;3;1
9;0907;3;7;20;1;0;2;2;1;1
13;1308;3;7;20;2;0;0;0;4;3
17;1701;3;7;21;1;0;0;0;4;8
23;2301;3;7;21;1;0;3;3;3;7
10;1006;3;7;21;2;0;0;0;1;4
13;1308;3;7;22;1;0;0;0;4;3
17;1701;3;7;22;1;0;0;0;3;3
23;2301;3;7;22;1;0;2;2;3;4
9;0901;3;7;0;1;0;6;6;3;4
9;0901;3;7;2;1;0;0;0;7;4
9;0901;3;7;2;1;0;2;2;1;5
9;0901;3;7;3;1;0;1;1;6;3
9;0901;3;7;3;1;0;1;1;1;4
9;0901;3;7;6;1;0;0;0;7;3
9;0901;3;7;7;1;0;1;1;3;7
9;0901;3;7;8;1;0;1;1;3;7
9;0901;3;7;12;1;0;0;0;3;1
9;0901;3;7;17;1;0;1;1;3;3
9;0901;3;7;18;1;0;2;2;1;3
9;0901;3;7;20;1;0;2;2;3;3
9;0901;3;7;20;1;0;1;1;7;3
9;0901;3;7;22;1;0;2;2;3;4
9;0921;3;7;0;1;0;0;0;3;7
13;1312;3;7;1;2;0;0;0;7;4
24;2401;3;7;1;2;0;1;1;7;4
13;1306;3;7;1;2;0;0;0;7;4
1;0105;3;7;1;2;0;1;1;7;4
12;1207;3;7;4;1;0;3;3;3;7
24;2403;3;7;5;1;0;1;1;4;4
9;0901;3;7;6;2;0;3;3;3;7
9;9004;3;7;10;2;0;1;1;3;7
2;0206;3;7;10;1;0;1;1;1;4
9;0911;3;7;11;1;0;1;1;3;7
9;0912;3;7;11;1;0;3;3;3;7
9;0912;3;7;11;1;0;1;1;3;7
9;0912;3;7;11;1;0;1;1;2;5
9;0914;3;7;13;2;2;0;2;3;7
9;0924;3;7;16;2;0;2;2;3;7
13;1312;3;7;16;2;0;2;2;2;5
24;2402;3;7;16;1;0;0;0;3;4
1;0101;3;7;17;2;0;0;0;7;4
9;0927;3;7;17;2;0;3;3;7;4
9;0911;3;7;17;1;0;1;1;1;4
9;0919;3;7;18;2;0;1;1;1;4
9;0910;3;7;19;2;0;2;2;5;4
9;0911;3;7;19;1;0;4;4;3;4
9;0906;3;7;20;2;0;1;1;3;4
9;0909;3;7;21;2;0;1;1;5;4
13;1301;3;7;23;2;0;1;1;7;4
12;1201;3;7;2;1;0;1;1;6;4
17;1701;3;7;7;2;0;0;0;7;3
17;1701;3;7;8;2;1;0;1;7;3
13;1304;3;7;9;2;0;1;1;3;4
6;0608;3;7;10;2;0;1;1;7;4
17;1705;3;7;14;2;1;0;1;3;4
17;1701;3;7;15;2;0;1;1;3;4
17;1704;3;7;16;2;0;2;2;7;4
18;1804;3;7;17;2;1;0;1;3;1
5;0505;3;7;20;2;0;0;0;3;4
17;1705;3;7;22;1;0;0;0;3;1
9;0907;3;1;0;1;0;1;1;5;4
23;2301;3;1;1;1;1;0;1;4;8
5;0501;3;1;1;1;0;0;0;7;3
10;1001;3;1;3;1;0;0;0;4;3
5;0501;3;1;6;2;0;0;0;7;3
1;0101;3;1;6;1;0;1;1;3;7
17;1701;3;1;7;1;0;0;0;8;7
17;1701;3;1;7;2;0;0;0;4;6
5;0501;3;1;7;1;0;0;0;4;3
17;1701;3;1;8;1;0;1;1;3;4
5;0501;3;1;9;2;0;1;1;7;3
1;0101;3;1;10;1;0;1;1;3;7
18;1801;3;1;11;2;0;1;1;3;7
5;0501;3;1;13;1;0;1;1;7;4
18;1801;3;1;13;1;0;0;0;6;3
1;0101;3;1;13;1;0;0;0;3;4
11;1101;3;1;13;1;0;1;1;3;7
17;1701;3;1;16;1;0;0;0;3;1
18;1801;3;1;17;1;0;0;0;4;7
23;2301;3;1;17;1;0;0;0;5;4
17;1701;3;1;18;1;0;2;2;1;1
1;0101;3;1;22;1;0;1;1;3;1
9;0901;3;1;6;1;1;0;1;1;3
9;0901;3;1;16;1;0;1;1;1;3
9;0901;3;1;20;1;0;1;1;3;3
9;0901;3;1;21;1;0;1;1;7;3
12;9008;3;1;6;2;0;3;3;3;7
9;0916;3;1;13;2;0;0;0;3;4
9;0922;3;1;16;1;1;0;1;7;4
23;2302;3;1;16;2;0;0;0;3;7
9;0908;3;1;17;2;0;2;2;1;4
6;0607;3;1;0;2;0;1;1;7;1
11;1105;3;1;10;2;0;0;0;7;9
6;0606;3;1;12;2;1;2;3;1;4
12;1211;3;1;12;2;0;1;1;3;4
22;2201;3;1;21;2;0;0;0;3;3
23;2301;3;2;7;2;0;0;0;3;4
7;0701;3;2;7;1;0;1;1;7;7
1;0101;3;2;10;1;0;1;1;8;10
17;1701;3;2;11;2;0;4;4;3;4
18;1801;3;2;12;1;0;0;0;3;7
18;1801;3;2;13;2;0;1;1;1;1
17;1701;3;2;13;1;0;0;0;3;6
5;0501;3;2;14;1;0;1;1;4;3
17;1701;3;2;16;1;1;0;1;3;2
11;1101;3;2;16;1;0;1;1;4;1
17;1701;3;2;19;1;0;0;0;3;6
17;1701;3;2;19;1;0;1;1;7;2
17;1701;3;2;21;1;0;2;2;3;3
17;1701;3;2;21;1;0;0;0;3;1
9;0901;3;2;6;1;0;1;1;3;8
9;0901;3;2;13;1;0;1;1;7;3
9;0901;3;2;13;1;0;3;3;1;7
9;0901;3;2;13;1;0;1;1;3;3
9;0901;3;2;14;1;0;2;2;3;4
9;0901;3;2;15;1;0;2;2;4;3
9;0901;3;2;15;1;0;2;2;3;7
9;0901;3;2;16;1;0;1;1;3;2
9;0901;3;2;16;1;0;1;1;1;5
9;0901;3;2;17;1;0;0;0;3;3
9;0901;3;2;20;1;0;1;1;1;3
9;0901;3;2;21;1;0;0;0;3;3
12;1202;3;2;7;2;0;1;1;7;4
1;0102;3;2;9;2;0;0;0;3;4
13;1303;3;2;12;2;0;3;3;3;4
9;0912;3;2;21;2;0;1;1;2;5
15;1501;3;2;4;2;1;0;1;7;1
16;1601;3;2;12;2;0;0;0;3;4
23;2301;3;3;4;2;0;0;0;4;3
17;1701;3;3;5;1;0;2;2;4;9
1;0101;3;3;7;1;0;1;1;3;7
17;1701;3;3;7;1;0;1;1;3;3
18;1801;3;3;10;1;0;0;0;3;7
1;0101;3;3;10;1;0;0;0;5;4
1;0101;3;3;13;1;0;0;0;3;2
23;2301;3;3;13;1;0;0;0;7;3
1;0101;3;3;13;1;0;0;0;3;1
17;1701;3;3;14;1;0;2;2;3;4
17;1701;3;3;15;2;0;1;1;1;7
1;0101;3;3;16;1;0;0;0;3;7
17;1701;3;3;16;1;0;0;0;4;4
17;1701;3;3;17;2;0;2;2;1;5
9;0907;3;3;17;1;0;0;0;1;5
17;1701;3;3;18;1;0;0;0;8;7
10;1006;3;3;18;2;1;3;4;7;9
17;1701;3;3;19;1;1;0;1;1;5
5;0501;3;3;19;2;0;0;0;7;3
23;2301;3;3;19;1;0;0;0;5;4
23;2301;3;3;20;1;0;2;2;3;2
5;0501;3;3;20;1;0;1;1;3;4
9;0907;3;3;21;1;0;1;1;2;4
9;0901;3;3;0;1;0;0;0;7;3
9;0901;3;3;7;1;0;1;1;1;3
9;0901;3;3;7;1;0;1;1;1;3
9;0901;3;3;8;1;0;0;0;3;3
9;0901;3;3;9;1;0;1;1;3;4
9;0901;3;3;11;1;0;1;1;2;4
9;0901;3;3;13;1;0;0;0;3;4
9;0901;3;3;13;1;0;1;1;1;3
9;0901;3;3;16;1;0;0;0;5;4
9;0901;3;3;16;1;0;1;1;3;4
9;0901;3;3;18;1;0;2;2;3;3
9;0901;3;3;19;1;0;3;3;7;3
9;0901;3;3;20;1;0;1;1;4;3
9;0922;3;3;12;1;0;1;1;1;4
1;0115;3;3;12;2;0;1;1;5;4
9;0906;3;3;15;1;0;2;2;3;7
9;0912;3;3;16;2;0;3;3;3;4
9;0909;3;3;17;1;0;2;2;2;5
13;1309;3;3;19;2;0;0;0;7;4
12;1205;3;3;22;2;0;1;1;7;4
9;0916;3;3;23;2;1;2;3;3;4
6;0602;3;3;1;2;0;0;0;1;4
12;1212;3;3;8;2;0;0;0;3;4
18;1802;3;3;18;2;0;0;0;7;4
18;1801;3;4;6;1;0;1;1;3;7
17;1701;3;4;7;1;0;0;0;3;4
17;1701;3;4;11;1;0;0;0;3;4
17;1701;3;4;11;1;0;0;0;5;2
23;2301;3;4;11;1;0;1;1;1;4
17;1701;3;4;11;1;0;0;0;4;3
17;1701;3;4;13;1;0;1;1;3;4
17;1701;3;4;18;1;0;1;1;1;4
17;1701;3;4;18;1;0;1;1;3;7
23;2301;3;4;19;1;0;1;1;3;7
17;1701;3;4;22;1;0;0;0;3;7
13;1308;3;4;23;1;0;0;0;3;4
17;1701;3;4;23;1;0;0;0;3;7
17;1701;3;4;23;1;0;1;1;1;4
9;0901;3;4;0;1;0;0;0;3;7
9;0901;3;4;9;1;0;1;1;1;4
9;0901;3;4;10;1;0;2;2;5;4
9;0901;3;4;13;1;0;1;1;1;10
9;0901;3;4;15;1;0;1;1;5;3
9;0901;3;4;20;1;0;1;1;1;10
9;0901;3;4;22;1;0;1;1;3;3
9;0901;3;4;22;1;0;1;1;3;3
9;0920;3;4;4;2;0;0;0;4;4
9;0906;3;4;10;2;1;0;1;5;4
9;0911;3;4;15;2;0;0;0;3;7
13;1313;3;4;16;2;0;2;2;7;4
9;0910;3;4;19;2;1;0;1;3;7
1;0105;3;4;20;2;0;1;1;3;7
9;0920;3;4;20;2;1;0;1;1;4
13;1301;3;4;21;2;0;2;2;1;4
5;0505;3;4;6;2;0;0;0;3;4
17;1701;3;4;13;2;0;2;2;7;3
5;0505;3;4;14;1;1;0;1;3;4
5;0504;3;4;20;1;0;0;0;3;1
18;1807;3;4;23;2;0;3;3;7;4
10;1001;3;5;0;1;0;0;0;3;4
1;0101;3;5;0;1;0;1;1;3;1
17;1701;3;5;5;1;0;2;2;3;4
17;1704;3;5;6;2;0;1;1;8;4
17;1701;3;5;6;1;0;0;0;8;7
23;2301;3;5;6;1;0;1;1;3;1
17;1701;3;5;6;1;0;0;0;3;1
1;0101;3;5;6;1;0;0;0;7;4
9;0907;3;5;7;1;0;0;0;2;8
5;0501;3;5;7;1;0;0;0;3;4
17;1701;3;5;8;1;0;1;1;3;3
9;0907;3;5;9;1;0;1;1;3;4
17;1701;3;5;9;1;1;0;1;1;5
17;1701;3;5;10;1;0;0;0;5;4
5;0501;3;5;13;1;0;0;0;3;4
23;2301;3;5;13;1;0;0;0;1;4
17;1701;3;5;14;1;0;0;0;3;2
1;0101;3;5;16;1;0;1;1;3;4
23;2301;3;5;16;2;0;1;1;2;5
5;0501;3;5;17;1;0;0;0;7;3
13;1308;3;5;20;1;0;0;0;3;4
18;1801;3;5;20;1;0;0;0;7;3
18;1801;3;5;20;2;0;0;0;4;3
23;2301;3;5;20;2;0;1;1;4;8
17;1701;3;5;20;1;0;0;0;3;6
17;1701;3;5;22;1;0;1;1;3;2
17;1701;3;5;23;2;0;0;0;4;3
17;1701;3;5;23;1;0;0;0;8;4
17;1701;3;5;23;1;0;0;0;4;3
9;0901;3;5;0;1;0;3;3;3;3
9;0901;3;5;3;1;0;0;0;7;3
9;0901;3;5;9;1;0;1;1;3;3
9;0901;3;5;12;1;0;1;1;4;3
9;0901;3;5;13;1;0;0;0;3;3
9;0901;3;5;13;1;0;1;1;5;4
9;0901;3;5;13;1;0;1;1;1;3
9;0901;3;5;14;1;0;1;1;3;4
9;0901;3;5;15;1;0;2;2;3;7
9;0901;3;5;16;1;0;2;2;1;4
9;0901;3;5;18;1;0;1;1;3;2
9;0901;3;5;18;1;0;0;0;7;6
9;0901;3;5;20;1;0;1;1;3;3
9;0901;3;5;20;1;0;2;2;3;7
9;0901;3;5;22;1;0;1;1;3;3
9;0901;3;5;22;1;0;1;1;3;1
9;0909;3;5;2;2;0;1;1;3;7
23;2301;3;5;5;2;0;0;0;7;4
13;1313;3;5;8;2;0;1;1;3;4
13;1301;3;5;12;2;0;2;2;3;7
9;0906;3;5;14;2;0;0;0;5;4
9;0906;3;5;14;2;0;4;4;3;4
1;0102;3;5;15;2;0;1;1;7;4
9;0920;3;5;15;2;0;0;0;8;10
9;0907;3;5;16;2;0;1;1;7;4
1;0108;3;5;17;2;0;1;1;2;5
1;0101;3;5;19;2;0;0;0;1;4
1;0108;3;5;20;2;0;1;1;2;5
7;0709;3;5;21;2;1;0;1;3;4
12;1207;3;5;22;1;0;1;1;1;4
14;1404;3;5;2;1;1;0;1;4;4
6;0602;3;5;2;2;1;2;3;3;2
17;1701;3;5;7;2;0;1;1;3;4
18;1807;3;5;11;2;0;0;0;3;9
5;0504;3;5;16;2;1;0;1;3;4
4;0401;3;5;22;2;1;0;1;7;1
11;1101;3;6;0;1;0;0;0;3;7
23;2301;3;6;1;1;0;1;1;7;3
7;0701;3;6;2;1;1;0;1;3;7
18;1801;3;6;3;1;0;0;0;4;1
10;1003;3;6;3;2;0;0;0;4;4
17;1701;3;6;5;1;0;0;0;4;7
17;1701;3;6;6;1;0;0;0;4;3
17;1701;3;6;6;1;0;0;0;3;7
17;1701;3;6;8;1;0;0;0;3;4
17;1701;3;6;12;1;0;1;1;1;2
17;1701;3;6;12;1;0;0;0;3;7
18;1801;3;6;13;1;0;1;1;3;7
13;1308;3;6;15;1;0;0;0;3;4
17;1701;3;6;15;1;0;1;1;3;7
1;0101;3;6;17;2;0;1;1;7;4
18;1801;3;6;18;1;0;0;0;4;3
17;1701;3;6;19;1;3;3;6;8;3
17;1701;3;6;19;2;0;1;1;1;1
23;2301;3;6;20;1;0;1;1;3;4
9;0907;3;6;20;1;0;2;2;3;4
18;1801;3;6;20;1;0;1;1;2;1
17;1701;3;6;21;2;0;0;0;4;3
17;1701;3;6;22;1;0;1;1;8;7
17;1701;3;6;22;2;0;1;1;3;2
9;0907;3;6;23;1;0;1;1;3;4
9;0901;3;6;0;1;0;2;2;3;4
9;0901;3;6;0;1;0;1;1;1;10
9;0901;3;6;2;1;0;0;0;7;3
9;0901;3;6;7;1;0;2;2;3;7
9;0901;3;6;13;1;0;1;1;3;3
9;0901;3;6;17;1;0;1;1;3;7
9;0901;3;6;18;1;0;1;1;3;3
9;0901;3;6;18;1;0;1;1;7;3
9;0901;3;6;18;1;0;1;1;1;3
9;0901;3;6;21;1;0;1;1;2;3
9;0901;3;6;22;1;0;1;1;3;1
9;0920;3;6;0;2;0;1;1;2;5
13;1315;3;6;10;2;0;2;2;3;7
13;1302;3;6;12;2;0;3;3;3;7
9;0918;3;6;13;2;0;0;0;3;7
23;2301;3;6;14;2;0;2;2;2;5
9;0906;3;6;14;2;0;1;1;7;4
9;0918;3;6;16;2;0;1;1;7;4
13;1303;3;6;17;2;0;1;1;7;4
9;0924;3;6;17;2;0;2;2;4;4
9;0918;3;6;19;2;1;1;2;3;7
9;0909;3;6;19;2;0;1;1;3;4
9;0911;3;6;19;2;0;2;2;4;4
12;1207;3;6;20;1;0;1;1;7;4
13;1309;3;6;21;2;0;0;0;3;7
9;0908;3;6;21;2;0;3;3;3;7
17;1703;3;6;3;2;2;0;2;7;4
15;1501;3;6;3;1;0;1;1;7;4
4;0403;3;6;6;2;0;1;1;7;3
1;0103;3;6;9;2;0;1;1;3;3
13;1303;3;6;19;1;2;0;2;3;4
17;1703;3;6;20;1;0;2;2;4;3
11;1103;3;6;22;2;0;2;2;3;4
10;1001;3;6;22;2;0;1;1;3;4
23;2301;3;7;0;1;0;0;0;4;3
17;1701;3;7;1;1;0;1;1;3;4
17;1701;3;7;2;1;0;1;1;3;1
1;0101;3;7;2;2;0;0;0;3;1
18;1801;3;7;2;2;0;1;1;7;3
10;1004;3;7;2;1;0;1;1;4;4
18;1801;3;7;3;1;0;0;0;4;1
6;0601;3;7;5;1;1;1;2;8;7
9;0907;3;7;7;1;0;1;1;7;4
10;1001;3;7;8;1;0;0;0;3;7
1;0101;3;7;8;1;0;1;1;7;4
17;1701;3;7;10;1;0;1;1;1;5
1;0101;3;7;10;1;0;4;4;4;4
18;1801;3;7;11;1;0;1;1;1;5
17;1701;3;7;11;1;0;1;1;3;2
17;1701;3;7;11;1;0;1;1;7;2
23;2301;3;7;13;1;0;0;0;3;4
17;1701;3;7;14;2;0;0;0;3;4
17;1701;3;7;14;2;0;0;0;4;3
13;1308;3;7;14;1;0;0;0;7;3
17;1701;3;7;15;1;0;1;1;1;4
17;1701;3;7;15;2;0;0;0;3;4
17;1701;3;7;15;1;0;0;0;3;1
13;1308;3;7;16;1;0;0;0;3;4
17;1701;3;7;17;1;0;0;0;5;1
11;1101;3;7;17;1;0;1;1;3;1
13;1301;3;7;17;1;1;0;1;3;7
5;0501;3;7;18;1;0;1;1;3;4
7;0701;3;7;18;1;0;2;2;3;7
18;1801;3;7;18;1;0;1;1;3;7
7;0701;3;7;19;1;0;0;0;3;1
1;0101;3;7;19;1;0;3;3;3;1
23;2301;3;7;19;1;0;0;0;1;7
23;2301;3;7;19;1;0;0;0;3;3
17;1701;3;7;20;1;0;0;0;4;3
23;2301;3;7;21;2;0;1;1;3;2
5;0501;3;7;21;2;0;0;0;3;2
9;0901;3;7;0;1;0;0;0;7;1
9;0901;3;7;3;1;0;1;1;7;3
9;0901;3;7;6;1;0;1;1;3;3
9;0901;3;7;6;1;0;1;1;7;3
9;0901;3;7;9;1;0;1;1;3;6
9;0901;3;7;10;1;0;3;3;3;3
9;0901;3;7;14;1;0;1;1;4;2
9;0901;3;7;14;1;0;2;2;3;7
9;0901;3;7;15;1;0;1;1;3;3
9;0901;3;7;16;1;0;0;0;5;1
9;0901;3;7;19;1;0;1;1;7;1
9;0901;3;7;19;1;0;1;1;7;10
9;0901;3;7;20;1;0;0;0;3;7
9;0908;3;7;0;2;0;5;5;3;7
9;0911;3;7;1;2;1;0;1;1;4
9;0901;3;7;2;2;0;1;1;7;4
9;0925;3;7;2;1;0;1;1;4;4
12;1207;3;7;4;2;0;1;1;7;4
9;0901;3;7;7;2;0;1;1;7;4
9;0904;3;7;7;2;0;1;1;1;4
12;1207;3;7;8;1;0;2;2;1;4
13;1312;3;7;10;2;0;2;2;7;4
9;0916;3;7;14;2;0;1;1;3;7
9;0916;3;7;14;1;0;1;1;3;7
7;0701;3;7;15;2;0;0;0;7;4
9;0919;3;7;17;1;0;4;4;3;4
13;1309;3;7;19;2;0;0;0;3;4
9;0901;3;7;19;2;0;1;1;1;4
9;0906;3;7;19;2;1;0;1;3;4
23;2301;3;7;19;2;0;1;1;3;4
9;0911;3;7;23;2;0;1;1;1;4
19;1901;3;7;4;2;0;2;2;7;4
17;1703;3;7;4;2;1;0;1;3;4
11;1102;3;7;10;2;0;2;2;3;4
6;0606;3;7;11;2;0;0;0;3;4
6;0604;3;7;17;1;0;0;0;4;4
13;1322;3;7;18;1;0;0;0;1;4
6;0603;3;7;20;2;0;6;6;3;4
10;1001;3;7;21;2;1;0;1;3;4
23;2301;3;1;0;1;0;0;0;1;4
18;1801;3;1;6;1;0;0;0;4;3
13;1308;3;1;7;1;0;0;0;5;4
17;1701;3;1;7;1;0;2;2;3;4
17;1701;3;1;8;1;0;1;1;1;4
17;1701;3;1;8;1;0;0;0;3;7
17;1701;3;1;11;2;0;2;2;3;9
17;1701;3;1;14;1;0;0;0;4;2
11;1101;3;1;15;1;0;0;0;3;7
23;2301;3;1;17;1;0;1;1;1;4
23;2301;3;1;21;1;0;0;0;3;7
23;2301;3;1;21;1;1;0;1;3;7
17;1701;3;1;22;2;0;0;0;4;7
23;2301;3;1;22;1;0;1;1;3;7
17;1701;3;1;23;1;0;1;1;8;3
9;0901;3;1;4;1;0;1;1;7;3
9;0901;3;1;8;1;0;0;0;3;7
9;0901;3;1;11;1;1;0;1;1;4
9;0901;3;1;12;1;0;1;1;3;3
9;0901;3;1;13;1;0;1;1;2;1
9;0901;3;1;15;1;0;1;1;7;9
9;0901;3;1;18;1;0;2;2;5;4
9;0901;3;1;19;1;0;1;1;2;4
24;2403;3;1;7;1;0;1;1;1;4
1;0101;3;1;8;2;0;0;0;3;4
24;2403;3;1;11;1;0;1;1;3;7
9;0912;3;1;12;1;0;1;1;2;5
1;0103;3;1;14;2;0;2;2;7;4
12;1210;3;1;14;2;0;5;5;3;7
17;1703;3;1;16;2;0;1;1;7;4
9;0906;3;1;18;2;0;1;1;1;4
17;1701;3;1;6;2;0;1;1;3;3
17;1703;3;1;16;2;0;0;0;3;4
2;0205;3;1;21;1;0;0;0;3;4
11;1101;3;2;1;1;0;0;0;4;1
17;1701;3;2;6;1;0;0;0;3;7
17;1701;3;2;6;1;1;0;1;2;5
17;1701;3;2;7;1;1;0;1;4;3
18;1801;3;2;7;1;0;0;0;3;7
18;1801;3;2;7;1;0;0;0;3;2
5;0501;3;2;7;2;0;1;1;3;3
17;1701;3;2;8;1;0;1;1;3;3
17;1701;3;2;9;1;0;1;1;2;4
10;1001;3;2;10;1;0;1;1;3;7
17;1701;3;2;12;1;0;0;0;3;4
1;0101;3;2;12;1;0;2;2;3;1
1;0101;3;2;12;1;0;1;1;1;4
23;2301;3;2;14;1;0;1;1;1;4
9;0920;3;2;14;1;0;2;2;7;4
9;0920;3;2;15;1;0;16;16;7;4
17;1701;3;2;16;1;1;0;1;1;4
10;1001;3;2;16;2;0;1;1;1;7
1;0101;3;2;18;1;0;1;1;1;5
23;2301;3;2;19;1;0;1;1;3;1
1;0101;3;2;20;1;0;1;1;3;4
10;1001;3;2;21;1;0;1;1;1;7
18;1801;3;2;21;1;0;1;1;3;7
17;1701;3;2;22;2;0;1;1;3;3
17;1701;3;2;22;1;0;0;0;3;7
9;0901;3;2;0;1;0;0;0;7;3
9;0901;3;2;0;1;0;2;2;3;3
9;0901;3;2;5;1;0;0;0;4;3
9;0901;3;2;9;1;0;0;0;7;3
9;0901;3;2;11;1;0;0;0;4;6
9;0901;3;2;13;1;0;2;2;5;4
9;0901;3;2;13;1;0;1;1;1;3
9;0901;3;2;14;1;0;2;2;3;2
9;0901;3;2;15;1;0;4;4;3;7
9;0901;3;2;17;1;0;1;1;3;7
12;1202;3;2;5;2;0;0;0;7;4
13;1312;3;2;13;2;0;2;2;3;7
23;2301;3;2;13;2;0;1;1;2;5
12;9008;3;2;18;1;0;1;1;1;4
9;0901;3;2;21;2;2;0;2;7;4
13;1306;3;2;21;2;1;0;1;1;4
23;2301;3;2;23;2;0;0;0;7;4
2;0203;3;2;13;1;0;0;0;3;4
6;0601;3;2;17;2;0;0;0;3;3
17;1701;3;2;20;2;0;2;2;3;3
1;0101;3;3;0;1;0;1;1;3;1
11;1101;3;3;2;1;0;0;0;3;1
17;1701;3;3;7;2;0;0;0;3;4
13;1308;3;3;8;1;0;0;0;3;4
1;0101;3;3;8;1;0;2;2;3;4
17;1701;3;3;9;1;0;0;0;3;7
1;0101;3;3;10;1;0;1;1;3;4
11;1101;3;3;11;1;0;1;1;3;4
17;1701;3;3;11;1;0;0;0;3;4
17;1701;3;3;14;1;0;1;1;1;5
23;2301;3;3;14;1;0;3;3;5;4
17;1701;3;3;15;1;0;0;0;8;4
23;2301;3;3;16;1;0;0;0;3;2
13;1308;3;3;16;1;0;3;3;3;4
23;2301;3;3;16;1;0;1;1;3;7
18;1801;3;3;18;1;0;0;0;3;4
17;1701;3;3;19;2;0;1;1;1;5
11;1101;3;3;19;1;0;1;1;3;1
11;1109;3;3;19;1;0;2;2;3;7
17;1701;3;3;21;1;0;1;1;3;7
17;1701;3;3;21;1;0;1;1;3;1
23;2301;3;3;22;1;0;0;0;1;4
11;1101;3;3;22;1;0;0;0;3;1
1;0101;3;3;23;1;0;1;1;3;7
7;0701;3;3;23;1;1;0;1;4;3
9;0901;3;3;6;1;0;1;1;4;3
9;0901;3;3;6;1;0;1;1;3;7
9;0901;3;3;7;1;0;1;1;1;5
9;0901;3;3;10;1;0;2;2;4;10
9;0901;3;3;13;1;0;2;2;1;5
9;0901;3;3;14;1;0;1;1;4;3
9;0901;3;3;14;1;0;1;1;3;3
9;0901;3;3;15;1;0;1;1;7;3
9;0901;3;3;23;1;0;0;0;3;4
12;1201;3;3;5;2;0;6;6;4;4
9;0906;3;3;7;2;0;0;0;4;4
9;0904;3;3;15;2;0;0;0;3;4
9;0906;3;3;16;1;0;1;1;3;7
17;1703;3;3;17;2;0;1;1;3;7
24;2402;3;3;20;1;0;1;1;1;4
18;1807;3;3;7;2;0;1;1;7;4
18;1806;3;3;7;2;0;1;1;7;4
17;1701;3;3;8;2;1;0;1;3;3
11;1102;3;3;12;2;1;0;1;3;4
17;1702;3;3;19;2;0;1;1;3;4
18;1807;3;3;20;2;0;2;2;3;4
17;1701;3;4;2;1;0;0;0;4;4
10;1001;3;4;3;1;0;0;0;1;7
17;1701;3;4;6;1;0;1;1;3;7
5;0501;3;4;6;2;0;1;1;3;4
18;1801;3;4;7;2;0;1;1;4;3
17;1701;3;4;7;1;0;1;1;1;4
17;1704;3;4;7;2;0;0;0;1;4
17;1701;3;4;7;1;0;1;1;3;2
1;0101;3;4;7;1;0;0;0;3;7
17;1701;3;4;9;1;0;0;0;3;2
17;1701;3;4;10;1;0;0;0;3;7
17;1701;3;4;10;1;0;1;1;3;7
6;0601;3;4;10;2;2;0;2;3;7
17;1701;3;4;10;1;0;0;0;3;4
5;0501;3;4;11;1;0;1;1;1;4
17;1701;3;4;12;1;0;0;0;3;4
17;1701;3;4;13;1;0;1;1;1;4
17;1701;3;4;14;1;0;0;0;3;4
17;1701;3;4;14;1;0;0;0;3;4
17;1701;3;4;15;1;0;1;1;1;5
23;2301;3;4;16;1;0;1;1;3;3
13;1308;3;4;17;1;0;0;0;3;4
23;2301;3;4;18;1;0;1;1;3;2
5;0501;3;4;18;1;0;0;0;3;4
9;0907;3;4;19;1;0;1;1;3;4
1;0101;3;4;19;1;0;0;0;3;4
17;1701;3;4;22;1;0;0;0;4;3
5;0501;3;4;23;1;0;1;1;7;3
9;0901;3;4;6;1;0;1;1;3;7
9;0901;3;4;7;1;0;3;3;3;4
9;0901;3;4;7;1;0;0;0;7;10
9;0901;3;4;8;1;0;0;0;3;7
9;0901;3;4;10;1;0;0;0;3;4
9;0901;3;4;13;1;0;1;1;4;4
9;0901;3;4;14;1;0;1;1;1;4
9;0901;3;4;16;1;0;4;4;1;4
9;0901;3;4;19;1;0;1;1;6;3
9;0901;3;4;20;1;0;1;1;3;1
9;0901;3;4;21;1;0;1;1;4;1
9;0901;3;4;22;1;0;1;1;3;4
9;0906;3;4;11;1;0;1;1;3;7
7;0710;3;4;12;2;0;1;1;7;4
1;0110;3;4;15;2;0;2;2;3;4
9;0904;3;4;15;2;0;3;3;3;7
9;0903;3;4;16;2;1;1;2;3;4
24;2402;3;4;17;1;0;1;1;3;7
7;0709;3;4;19;2;0;0;0;3;4
7;0702;3;4;23;2;0;0;0;7;4
14;1405;3;4;9;1;1;0;1;1;4
18;1807;3;4;20;2;0;0;0;3;4
13;1308;3;5;0;2;0;0;0;7;3
17;1701;3;5;0;1;0;0;0;3;1
5;0501;3;5;0;1;0;1;1;1;3
18;1801;3;5;7;1;0;1;1;7;3
17;1701;3;5;8;1;0;0;0;3;4
17;1701;3;5;8;1;0;0;0;3;4
18;1801;3;5;11;1;0;1;1;5;7
5;0501;3;5;13;2;0;0;0;2;4
12;1201;3;5;13;1;0;1;1;3;4
23;2301;3;5;15;1;0;0;0;3;3
1;0101;3;5;15;1;0;1;1;3;4
5;0501;3;5;15;1;0;1;1;3;4
23;2301;3;5;16;1;0;1;1;3;2
5;0501;3;5;16;2;0;0;0;7;3
5;0501;3;5;16;1;0;1;1;1;3
5;0501;3;5;17;2;0;0;0;3;4
17;1701;3;5;18;1;0;0;0;3;7
17;1701;3;5;19;1;1;0;1;2;5
17;1701;3;5;19;2;0;1;1;3;4
17;1701;3;5;21;1;0;0;0;3;1
12;1201;3;5;21;1;0;1;1;1;3
18;1801;3;5;21;2;0;0;0;3;1
17;1701;3;5;21;2;0;1;1;1;1
17;1701;3;5;23;2;0;0;0;3;3
1;0101;3;5;23;1;0;0;0;4;4
17;1701;3;5;23;2;0;0;0;4;3
9;0901;3;5;2;1;0;1;1;7;3
9;0901;3;5;5;1;0;0;0;3;7
9;0901;3;5;6;1;0;1;1;4;3
9;0901;3;5;11;1;0;1;1;3;7
9;0901;3;5;12;1;0;1;1;1;5
9;0901;3;5;15;1;0;0;0;3;3
9;0901;3;5;16;1;0;1;1;3;4
9;0901;3;5;18;1;0;1;1;3;2
9;0901;3;5;18;1;0;2;2;1;7
9;0901;3;5;20;1;0;2;2;1;3
9;0901;3;5;20;1;0;0;0;3;7
9;0901;3;5;20;1;0;1;1;1;3
9;0901;3;5;21;1;0;2;2;3;4
9;0901;3;5;22;1;0;1;1;1;3
9;0906;3;5;0;1;0;0;0;4;4
12;1210;3;5;4;2;1;0;1;7;4
12;1210;3;5;5;2;0;2;2;5;4
9;0913;3;5;12;2;0;1;1;4;4
9;0910;3;5;16;2;0;3;3;3;7
9;0911;3;5;18;1;0;1;1;2;5
24;2403;3;5;18;1;0;1;1;3;7
9;0921;3;5;19;1;0;2;2;1;4
7;0702;3;5;19;2;0;1;1;3;4
13;1306;3;5;21;2;0;0;0;4;4
7;0712;3;5;21;2;0;0;0;3;4
13;1310;3;5;21;2;0;0;0;3;4
6;0607;3;5;1;1;1;0;1;7;3
6;0605;3;5;5;2;1;0;1;7;4
10;1004;3;5;7;1;0;2;2;7;4
17;1703;3;5;18;2;1;1;2;3;4
17;1703;3;5;23;2;0;0;0;4;4
17;1701;3;6;0;1;0;1;1;7;4
13;1308;3;6;0;1;0;0;0;3;4
17;1701;3;6;0;1;0;0;0;3;3
1;0101;3;6;2;1;0;0;0;7;4
18;1801;3;6;2;2;0;1;1;3;3
17;1701;3;6;3;1;0;1;1;4;4
11;1101;3;6;4;1;0;0;0;4;1
1;0101;3;6;4;1;0;0;0;7;4
9;0907;3;6;5;1;1;0;1;7;4
5;0505;3;6;5;1;0;0;0;4;3
18;1801;3;6;6;1;0;0;0;4;1
17;1701;3;6;8;1;0;0;0;3;4
17;1701;3;6;8;2;1;0;1;3;3
13;1308;3;6;9;1;1;1;2;3;4
23;2301;3;6;9;1;0;1;1;3;7
17;1701;3;6;10;1;0;0;0;3;4
18;1801;3;6;10;1;0;0;0;3;7
17;1701;3;6;10;1;0;0;0;8;7
18;1801;3;6;10;2;0;0;0;5;4
23;2301;3;6;11;1;0;1;1;5;4
7;0701;3;6;11;1;0;2;2;5;3
17;1701;3;6;11;1;0;2;2;3;4
1;0101;3;6;13;1;0;1;1;3;7
1;0101;3;6;13;2;1;0;1;7;4
17;1701;3;6;13;1;0;0;0;3;7
18;1801;3;6;15;1;0;0;0;3;4
23;2301;3;6;17;2;0;1;1;7;3
17;1701;3;6;18;1;0;0;0;3;4
5;0501;3;6;18;1;0;2;2;3;4
17;1701;3;6;19;2;0;0;0;4;2
1;0101;3;6;19;1;0;1;1;3;1
11;1101;3;6;19;1;0;0;0;4;1
17;1701;3;6;20;2;0;1;1;3;4
17;1701;3;6;20;1;0;0;0;3;1
17;1701;3;6;21;1;0;0;0;3;1
17;1701;3;6;21;2;0;0;0;3;1
1;0101;3;6;21;1;0;0;0;4;4
12;1201;3;6;21;1;0;1;1;4;4
18;1801;3;6;21;1;0;0;0;3;7
17;1701;3;6;22;1;0;0;0;7;3
1;0101;3;6;22;1;0;3;3;3;1
23;2301;3;6;23;1;0;0;0;3;4
23;2301;3;6;23;1;0;0;0;4;8
9;0901;3;6;1;1;0;1;1;3;3
9;0901;3;6;1;1;0;1;1;3;4
9;0901;3;6;2;1;0;1;1;7;3
9;0901;3;6;3;1;0;1;1;3;4
9;0901;3;6;6;1;0;1;1;7;1
9;0901;3;6;8;1;0;2;2;3;7
9;0901;3;6;10;1;0;2;2;1;4
9;0901;3;6;11;1;0;1;1;1;3
9;0901;3;6;14;1;0;2;2;3;3
9;0901;3;6;16;1;0;2;2;3;3
9;0901;3;6;16;1;0;1;1;1;3
9;0901;3;6;17;1;0;1;1;3;7
9;0901;3;6;17;1;0;1;1;3;3
9;0901;3;6;18;1;0;1;1;3;7
9;0901;3;6;19;1;0;2;2;1;5
9;0901;3;6;19;1;0;1;1;1;3
9;0901;3;6;19;1;0;0;0;3;3
9;0901;3;6;19;1;0;1;1;7;3
9;0901;3;6;20;1;1;0;1;3;3
9;0901;3;6;22;1;0;3;3;3;3
9;0901;3;6;23;1;0;1;1;1;3
9;0901;3;6;23;1;0;0;0;7;3
9;0901;3;6;23;1;0;1;1;7;4
7;0712;3;6;0;2;0;2;2;7;4
9;0906;3;6;4;2;0;0;0;4;4
9;0912;3;6;6;2;0;1;1;2;5
12;1210;3;6;6;2;1;1;2;3;7
9;0909;3;6;8;1;0;1;1;3;7
9;0921;3;6;9;1;0;3;3;4;4
13;1312;3;6;10;2;0;1;1;3;4
9;0912;3;6;16;2;0;1;1;1;4
9;0908;3;6;17;2;0;1;1;7;4
12;9008;3;6;18;2;0;2;2;7;4
13;1301;3;6;19;2;1;0;1;3;4
9;0918;3;6;19;2;0;2;2;1;4
9;0901;3;6;19;2;0;0;0;6;4
9;0906;3;6;19;2;0;0;0;3;7
9;0911;3;6;19;1;0;2;2;3;4
9;0906;3;6;19;1;0;2;2;7;4
23;2301;3;6;19;2;0;2;2;5;4
24;2402;3;6;20;1;0;1;1;2;5
9;0928;3;6;20;2;1;0;1;3;7
9;0916;3;6;20;2;0;1;1;2;5
13;1321;3;6;21;2;0;3;3;4;4
9;0908;3;6;21;2;0;3;3;3;7
9;0901;3;6;22;2;0;0;0;3;7
9;0911;3;6;22;1;0;2;2;3;7
17;1702;3;6;1;2;0;0;0;1;4
17;1701;3;6;2;2;1;0;1;4;4
17;1701;3;6;3;2;0;1;1;7;10
17;1703;3;6;6;2;0;4;4;1;4
17;1701;3;6;10;2;0;0;0;3;4
6;0605;3;6;11;2;1;1;2;7;4
17;1701;3;6;12;2;1;0;1;3;3
6;0601;3;6;18;2;0;3;3;4;4
6;0601;3;6;19;2;0;1;1;1;3
13;1308;3;6;20;2;1;0;1;6;4
6;0607;3;6;21;2;0;0;0;3;4
6;0605;3;6;21;2;0;1;1;7;4
6;0603;3;6;23;2;1;0;1;3;1
13;1308;3;7;0;1;0;1;1;3;4
13;1308;3;7;1;1;0;0;0;7;3
17;1701;3;7;1;1;0;0;0;4;4
11;1101;3;7;2;1;0;0;0;3;7
17;1701;3;7;2;1;0;1;1;3;7
13;1308;3;7;2;1;0;1;1;4;3
18;1801;3;7;3;2;1;0;1;1;3
1;0101;3;7;3;1;0;0;0;4;4
17;1701;3;7;3;1;0;1;1;7;4
13;1308;3;7;3;1;0;0;0;3;4
23;2301;3;7;5;1;1;0;1;3;3
5;0501;3;7;5;2;0;1;1;7;3
23;2301;3;7;6;1;0;0;0;1;4
13;1301;3;7;6;1;0;0;0;4;4
17;1701;3;7;7;1;0;1;1;3;1
18;1801;3;7;7;1;0;2;2;3;7
17;1701;3;7;8;1;0;1;1;3;4
18;1801;3;7;8;1;0;1;1;1;4
17;1701;3;7;9;1;0;0;0;4;3
1;0101;3;7;9;2;0;1;1;1;4
17;1701;3;7;11;1;0;0;0;4;6
17;1701;3;7;11;1;0;0;0;5;1
13;1308;3;7;12;1;0;0;0;3;4
17;1701;3;7;13;1;0;1;1;1;5
18;1801;3;7;14;2;0;1;1;1;1
17;1701;3;7;15;1;0;0;0;8;6
23;2301;3;7;15;1;0;0;0;4;3
13;1309;3;7;16;1;0;0;0;7;3
17;1701;3;7;16;1;0;1;1;3;2
1;0101;3;7;17;1;0;1;1;3;7
13;1308;3;7;18;1;0;1;1;3;4
1;0101;3;7;19;2;0;1;1;3;4
17;1701;3;7;19;1;0;0;0;4;3
5;0501;3;7;19;1;0;0;0;1;3
17;1701;3;7;20;1;0;0;0;8;7
17;1701;3;7;20;2;0;0;0;3;2
17;1701;3;7;21;1;0;1;1;3;1
23;2301;3;7;22;1;0;0;0;3;3
9;0901;3;7;0;1;0;0;0;3;7
9;0901;3;7;1;1;0;1;1;7;3
9;0901;3;7;2;1;0;0;0;7;4
9;0901;3;7;2;1;0;0;0;7;3
9;0901;3;7;3;1;0;0;0;3;4
9;0901;3;7;4;1;0;1;1;1;3
9;0901;3;7;6;1;0;1;1;1;3
9;0901;3;7;7;1;0;0;0;3;7
9;0901;3;7;7;1;0;0;0;4;1
9;0901;3;7;9;1;0;1;1;3;3
9;0901;3;7;10;1;0;3;3;3;7
9;0901;3;7;15;1;0;1;1;3;3
9;0901;3;7;16;1;0;1;1;7;3
9;0901;3;7;16;1;1;0;1;3;3
9;0901;3;7;16;1;0;1;1;1;3
9;0901;3;7;19;1;0;1;1;7;3
9;0901;3;7;19;1;0;1;1;3;3
9;0901;3;7;20;1;0;3;3;7;3
9;0901;3;7;20;1;0;1;1;1;3
1;0101;3;7;1;2;0;0;0;5;4
9;0916;3;7;4;2;0;1;1;4;4
12;1203;3;7;4;2;0;0;0;3;7
23;2302;3;7;5;1;0;3;3;4;4
12;1204;3;7;6;2;0;4;4;3;7
9;0908;3;7;8;1;0;1;1;7;4
1;0105;3;7;10;2;0;0;0;7;4
9;0920;3;7;11;2;0;1;1;3;4
9;0912;3;7;11;2;0;1;1;3;7
9;0911;3;7;14;2;0;1;1;5;4
9;0901;3;7;14;2;0;0;0;3;4
12;1207;3;7;15;1;0;1;1;7;4
9;0918;3;7;16;2;0;1;1;3;4
7;0712;3;7;17;2;0;2;2;3;7
24;2401;3;7;17;1;0;1;1;2;5
24;2401;3;7;18;1;1;0;1;1;4
9;0906;3;7;18;2;0;1;1;3;7
1;0101;3;7;18;2;0;1;1;3;4
13;1301;3;7;19;2;0;0;0;3;7
9;0922;3;7;19;1;0;2;2;3;7
13;1301;3;7;19;2;0;1;1;1;4
1;0101;3;7;21;2;1;0;1;1;4
7;0706;3;7;23;2;0;3;3;1;4
9;0916;3;7;23;2;0;1;1;1;4
10;1001;3;7;0;2;1;0;1;1;4
13;1317;3;7;8;2;1;0;1;3;4
19;1907;3;7;8;2;0;1;1;3;3
8;0804;3;7;13;2;0;0;0;3;4
6;0609;3;7;17;2;2;0;2;3;4
22;2201;3;7;19;2;1;0;1;4;3
3;0304;3;7;19;2;0;2;2;3;4
18;1807;3;7;20;2;0;0;0;3;1
19;1901;3;7;21;2;1;1;2;3;1
13;1301;3;7;21;1;0;0;0;4;9
17;1702;3;7;23;2;0;0;0;7;3
17;1701;3;7;23;2;0;0;0;5;1
17;1701;3;1;0;1;0;0;0;4;4
17;1701;3;1;5;1;0;1;1;3;4
17;1701;3;1;6;1;0;0;0;8;7
18;1801;3;1;7;2;0;4;4;3;3
18;1801;3;1;8;1;0;1;1;3;7
17;1701;3;1;9;1;0;3;3;3;2
8;0801;3;1;9;2;0;0;0;7;3
8;0801;3;1;11;1;0;0;0;3;7
23;2301;3;1;11;1;0;1;1;3;3
17;1701;3;1;13;1;0;1;1;1;5
17;1701;3;1;14;1;0;0;0;3;4
18;1801;3;1;15;1;0;0;0;3;2
23;2301;3;1;15;1;0;2;2;3;7
13;1308;3;1;16;1;0;0;0;3;4
1;0101;3;1;16;1;0;1;1;2;5
17;1701;3;1;17;2;0;0;0;3;2
18;1801;3;1;18;1;0;0;0;3;4
17;1701;3;1;18;1;0;0;0;8;1
5;0501;3;1;18;1;0;2;2;3;3
1;0101;3;1;19;1;0;0;0;3;7
23;2301;3;1;19;1;0;0;0;3;2
11;1101;3;1;19;2;0;1;1;3;4
5;0501;3;1;21;2;1;0;1;7;3
17;1701;3;1;22;1;0;0;0;4;3
9;0901;3;1;0;1;0;1;1;3;2
9;0901;3;1;3;1;0;1;1;3;3
9;0901;3;1;4;1;0;1;1;7;3
9;0901;3;1;6;1;0;1;1;1;3
9;0901;3;1;6;1;0;1;1;1;3
9;0901;3;1;8;1;0;2;2;3;2
9;0901;3;1;9;1;0;1;1;7;10
9;0901;3;1;14;1;0;2;2;3;4
9;0901;3;1;19;1;0;1;1;3;7
9;0901;3;1;19;1;0;0;0;8;10
9;0925;3;1;8;2;0;0;0;7;4
9;0916;3;1;10;2;0;1;1;3;7
13;1312;3;1;12;2;0;1;1;3;7
7;0704;3;1;13;2;0;1;1;3;7
12;1201;3;1;19;2;0;1;1;8;10
9;0920;3;1;19;2;0;2;2;7;4
12;1207;3;1;21;1;0;0;0;5;4
13;1314;3;1;23;2;0;3;3;3;7
17;1705;3;1;6;1;0;0;0;3;3
13;1315;3;1;7;1;0;1;1;3;7
13;1317;3;1;8;2;0;1;1;1;3
17;1701;3;1;23;2;0;1;1;7;1
7;0701;3;2;2;1;0;1;1;7;7
17;1701;3;2;6;2;0;0;0;3;7
17;1704;3;2;6;2;1;0;1;4;4
13;1308;3;2;7;1;0;0;0;3;4
11;1101;3;2;9;1;0;0;0;4;6
23;2301;3;2;10;1;1;1;2;3;7
11;1101;3;2;10;1;0;1;1;3;4
17;1701;3;2;14;2;0;0;0;3;7
17;1701;3;2;14;2;0;0;0;3;3
9;0907;3;2;14;1;0;1;1;8;10
9;0907;3;2;15;1;0;0;0;1;5
9;0907;3;2;15;1;0;2;2;4;1
23;2301;3;2;16;1;0;1;1;3;7
17;1701;3;2;16;2;1;0;1;1;1
17;1701;3;2;16;1;0;0;0;5;2
17;1701;3;2;16;1;0;0;0;3;2
17;1701;3;2;17;1;0;0;0;3;7
17;1701;3;2;18;1;0;1;1;3;7
1;0101;3;2;18;1;0;1;1;1;7
13;1308;3;2;19;1;0;1;1;3;4
17;1701;3;2;22;1;0;2;2;3;1
17;1701;3;2;22;1;0;0;0;3;4
18;1801;3;2;23;1;0;1;1;1;3
9;0901;3;2;7;1;0;1;1;3;7
9;0901;3;2;9;1;0;1;1;2;10
9;0901;3;2;10;1;0;3;3;3;2
9;0901;3;2;10;1;0;1;1;3;4
9;0901;3;2;14;1;0;1;1;1;5
9;0901;3;2;19;1;0;0;0;3;7
9;0914;3;2;0;2;0;2;2;1;4
1;0102;3;2;1;2;0;0;0;7;4
9;0901;3;2;6;2;1;1;2;3;7
9;0911;3;2;6;2;0;1;1;8;10
12;1207;3;2;7;2;0;1;1;3;7
1;0101;3;2;8;2;0;1;1;3;7
1;0108;3;2;10;2;0;4;4;7;4
9;0920;3;2;12;2;0;5;5;3;4
13;1312;3;2;12;2;0;2;2;3;7
9;0914;3;2;13;2;0;3;3;3;4
9;0911;3;2;14;2;0;2;2;3;4
12;1212;3;2;15;2;0;1;1;3;4
9;0928;3;2;17;2;0;1;1;3;7
9;0925;3;2;18;2;0;1;1;3;7
9;0916;3;2;19;2;0;2;2;3;4
9;0911;3;2;20;2;0;0;0;8;10
22;2201;3;2;11;2;0;0;0;3;3
6;0603;3;2;12;1;0;1;1;5;4
23;2301;3;3;0;1;0;1;1;4;8
23;2301;3;3;0;1;0;0;0;4;3
18;1801;3;3;7;1;0;0;0;3;3
17;1701;3;3;7;2;0;1;1;3;4
18;1801;3;3;7;1;0;1;1;1;4
13;1308;3;3;7;1;0;1;1;3;4
17;1701;3;3;8;1;0;0;0;3;4
1;0101;3;3;8;1;0;1;1;1;5
10;1002;3;3;9;1;0;0;0;3;4
9;0907;3;3;9;1;0;0;0;3;4
23;2301;3;3;10;1;0;1;1;3;4
13;1308;3;3;10;1;0;0;0;5;4
17;1701;3;3;12;1;1;0;1;1;5
5;0501;3;3;14;2;0;0;0;3;4
23;2301;3;3;14;1;0;1;1;3;7
17;1701;3;3;15;1;0;0;0;3;2
13;1301;3;3;16;1;0;0;0;3;4
17;1701;3;3;16;1;0;1;1;1;4
17;1701;3;3;16;1;0;2;2;1;5
13;1301;3;3;17;1;0;1;1;3;4
1;0101;3;3;17;1;0;0;0;8;10
1;0101;3;3;19;1;0;0;0;7;4
17;1701;3;3;20;1;0;0;0;3;3
17;1701;3;3;21;1;0;0;0;4;3
17;1701;3;3;21;1;0;0;0;4;1
13;1301;3;3;23;1;0;0;0;8;4
9;0901;3;3;2;1;0;2;2;7;3
9;0901;3;3;6;1;0;1;1;3;3
9;0901;3;3;7;1;0;1;1;7;3
9;0901;3;3;8;1;0;2;2;3;4
9;0901;3;3;9;1;0;4;4;3;7
9;0901;3;3;9;1;0;1;1;7;9
9;0901;3;3;9;1;0;1;1;4;3
9;0901;3;3;16;1;0;0;0;1;3
9;0901;3;3;16;1;0;0;0;4;3
9;0901;3;3;18;1;0;1;1;7;2
9;0901;3;3;19;1;0;1;1;1;3
9;0901;3;3;20;1;0;0;0;7;3
9;0901;3;3;21;1;0;0;0;3;3
13;1321;3;3;2;2;0;1;1;4;4
9;0901;3;3;3;2;2;3;5;3;7
9;0920;3;3;8;2;1;0;1;1;4
7;0702;3;3;11;2;0;4;4;7;4
24;2403;3;3;13;1;0;3;3;3;4
9;0912;3;3;13;2;0;1;1;7;4
9;0911;3;3;14;2;0;1;1;3;4
9;0916;3;3;19;2;0;1;1;3;4
9;0906;3;3;19;2;0;0;0;8;10
1;0103;3;3;21;2;0;1;1;7;4
7;0712;3;3;21;2;0;0;0;3;4
7;0702;3;3;22;2;0;0;0;7;4
9;0916;3;3;23;2;0;1;1;2;5
17;1701;3;3;17;2;2;0;2;3;3
17;1701;3;3;21;1;0;1;1;3;4
13;1308;3;4;0;1;0;0;0;3;4
13;1308;3;4;2;1;0;0;0;7;3
17;1701;3;4;2;1;0;2;2;3;3
1;0101;3;4;6;1;0;1;1;7;4
23;2301;3;4;8;1;0;2;2;6;3
9;0907;3;4;8;1;0;1;1;3;4
18;1801;3;4;9;1;0;0;0;5;4
12;1201;3;4;10;1;0;1;1;3;4
5;0501;3;4;13;2;0;1;1;6;3
1;0101;3;4;13;1;0;2;2;1;5
17;1704;3;4;13;2;0;0;0;3;4
10;1002;3;4;16;1;0;1;1;1;1
1;0101;3;4;16;1;0;2;2;3;4
13;1308;3;4;16;1;0;0;0;3;4
17;1701;3;4;16;1;0;1;1;3;4
13;1308;3;4;17;1;0;0;0;3;4
1;0101;3;4;17;2;0;0;0;7;1
18;1801;3;4;17;1;1;0;1;1;3
17;1701;3;4;18;1;0;2;2;4;1
23;2301;3;4;18;1;0;0;0;1;4
17;1701;3;4;19;2;0;1;1;3;1
1;0101;3;4;19;1;0;3;3;7;2
17;1701;3;4;20;1;0;0;0;3;2
17;1701;3;4;20;1;0;0;0;3;4
11;1101;3;4;21;1;0;0;0;3;7
11;1101;3;4;22;1;0;1;1;3;4
5;0501;3;4;22;2;1;0;1;3;4
13;1301;3;4;23;1;0;0;0;4;7
9;0901;3;4;5;1;1;0;1;1;3
9;0901;3;4;7;1;0;1;1;3;4
9;0901;3;4;8;1;0;0;0;7;3
9;0901;3;4;8;1;0;0;0;3;4
9;0901;3;4;15;1;0;2;2;3;4
9;0901;3;4;15;1;0;1;1;7;10
9;0901;3;4;16;1;0;1;1;3;7
9;0901;3;4;18;1;0;2;2;3;7
9;0901;3;4;20;1;0;1;1;1;7
9;0901;3;4;22;1;0;2;2;3;7
9;0920;3;4;5;2;0;1;1;3;4
7;0701;3;4;6;2;0;2;2;3;7
1;0101;3;4;8;2;0;0;0;3;7
23;2302;3;4;8;2;0;2;2;3;7
13;1301;3;4;11;2;0;4;4;3;7
13;1309;3;4;15;2;0;0;0;3;4
9;0902;3;4;21;2;0;0;0;3;4
11;1116;3;4;6;2;0;1;1;3;4
5;0505;3;4;6;2;0;0;0;3;4
6;0607;3;4;7;2;0;1;1;7;4
5;0505;3;4;8;2;0;2;2;3;4
6;0608;3;4;16;2;2;0;2;3;3
11;1103;3;4;21;2;1;0;1;3;9
6;0607;3;4;23;2;0;1;1;7;3
5;0501;3;5;0;1;0;1;1;7;3
23;2301;3;5;0;1;0;0;0;7;3
17;1701;3;5;4;1;0;0;0;4;3
13;1308;3;5;5;1;0;0;0;4;3
1;0101;3;5;7;1;0;0;0;3;1
17;1701;3;5;7;1;0;1;1;3;2
18;1801;3;5;8;2;0;1;1;3;4
17;1701;3;5;8;1;0;0;0;5;2
12;1201;3;5;9;1;0;0;0;3;4
1;0101;3;5;9;1;0;1;1;3;7
1;0101;3;5;10;1;0;1;1;3;4
17;1701;3;5;12;2;0;1;1;1;5
17;1701;3;5;13;1;0;0;0;8;4
17;1701;3;5;13;1;0;1;1;1;4
17;1701;3;5;14;1;0;1;1;1;5
17;1701;3;5;14;1;0;0;0;8;6
23;2301;3;5;14;1;0;1;1;3;7
17;1701;3;5;15;1;1;0;1;8;4
17;1701;3;5;16;1;0;0;0;3;4
17;1701;3;5;16;2;0;0;0;3;4
17;1701;3;5;16;1;0;1;1;2;7
17;1701;3;5;17;2;0;0;0;3;4
23;2301;3;5;17;2;0;0;0;7;3
1;0101;3;5;17;2;0;2;2;7;1
23;2301;3;5;19;1;1;1;2;3;7
17;1701;3;5;20;1;0;3;3;1;6
18;1801;3;5;21;2;0;0;0;3;3
17;1701;3;5;22;2;0;1;1;3;3
5;0501;3;5;22;2;0;0;0;7;3
18;1801;3;5;23;1;0;0;0;3;1
17;1701;3;5;23;2;0;1;1;1;1
13;1308;3;5;23;1;0;0;0;7;8
10;1004;3;5;23;1;0;0;0;4;4
10;1004;3;5;23;1;0;0;0;4;4
9;0901;3;5;0;1;1;0;1;1;3
9;0901;3;5;1;1;0;1;1;7;3
9;0901;3;5;2;1;0;0;0;8;10
9;0901;3;5;5;1;0;1;1;3;7
9;0901;3;5;5;1;0;1;1;4;3
9;0901;3;5;7;1;0;1;1;2;10
9;0901;3;5;10;1;0;1;1;3;4
9;0901;3;5;12;1;0;1;1;3;7
9;0901;3;5;15;1;0;2;2;3;7
9;0901;3;5;15;1;0;1;1;2;3
9;0901;3;5;20;1;0;1;1;3;7
9;0901;3;5;20;1;0;1;1;5;4
9;0901;3;5;20;1;0;1;1;3;7
9;0901;3;5;21;1;0;1;1;1;3
1;0104;3;5;5;2;0;2;2;3;4
1;0102;3;5;7;2;0;1;1;3;7
17;1703;3;5;8;2;0;1;1;7;4
24;2403;3;5;10;1;0;0;0;3;7
9;0911;3;5;12;1;0;1;1;3;7
9;0911;3;5;14;2;0;1;1;7;4
1;0101;3;5;18;2;0;0;0;3;7
12;1201;3;5;18;2;0;1;1;7;4
12;1204;3;5;18;2;0;3;3;3;7
13;1309;3;5;23;2;0;2;2;3;7
24;2401;3;5;23;2;1;0;1;7;4
2;0205;3;5;0;2;0;0;0;3;4
6;0607;3;5;0;2;0;0;0;8;3
5;0502;3;5;0;2;0;2;2;3;9
17;1701;3;5;0;2;0;0;0;7;3
6;0606;3;5;3;2;1;0;1;7;4
17;1701;3;5;6;2;0;0;0;3;4
19;1907;3;5;7;2;0;0;0;7;8
18;1807;3;5;7;1;0;0;0;3;4
5;0505;3;5;14;2;0;0;0;3;4
17;1704;3;5;15;2;1;0;1;7;6
5;0506;3;5;18;1;0;1;1;3;4
10;1001;3;5;23;1;0;1;1;3;4
6;0602;3;5;23;2;0;1;1;7;6
17;1701;3;6;0;2;0;2;2;1;3
17;1701;3;6;0;1;0;1;1;3;7
18;1801;3;6;1;2;0;0;0;7;1
1;0101;3;6;1;1;0;0;0;7;4
11;1101;3;6;3;1;0;0;0;4;1
23;2301;3;6;4;1;0;1;1;3;7
17;1701;3;6;4;1;0;0;0;3;1
17;1701;3;6;4;1;0;1;1;4;1
11;1101;3;6;6;1;0;0;0;4;4
17;1701;3;6;8;1;0;0;0;8;7
5;0501;3;6;10;1;0;0;0;7;4
18;1801;3;6;13;1;0;1;1;1;4
23;2301;3;6;14;2;0;2;2;3;2
17;1701;3;6;14;1;0;0;0;4;6
12;1201;3;6;16;2;0;1;1;3;4
13;1301;3;6;16;1;0;2;2;3;7
12;1201;3;6;16;1;0;1;1;3;4
18;1801;3;6;17;2;0;1;1;1;3
10;1001;3;6;17;2;0;0;0;4;7
13;1301;3;6;17;1;0;1;1;3;4
10;1001;3;6;17;1;0;0;0;5;7
13;1301;3;6;17;1;0;0;0;3;4
23;2301;3;6;18;1;0;1;1;3;7
18;1801;3;6;18;2;0;0;0;3;7
9;0907;3;6;18;1;0;1;1;3;4
17;1701;3;6;18;1;0;1;1;8;4
17;1701;3;6;18;1;0;1;1;2;4
1;0101;3;6;21;1;0;0;0;7;4
18;1801;3;6;22;1;0;0;0;7;10
23;2301;3;6;22;1;0;0;0;7;3
12;1201;3;6;22;1;1;0;1;7;6
9;0901;3;6;0;1;0;1;1;7;4
9;0901;3;6;1;1;0;1;1;3;7
9;0901;3;6;1;1;0;0;0;7;3
9;0901;3;6;3;1;0;0;0;7;3
9;0901;3;6;3;1;0;1;1;3;3
9;0901;3;6;7;1;0;1;1;1;5
9;0901;3;6;7;1;0;2;2;3;3
9;0901;3;6;10;1;0;1;1;1;3
9;0901;3;6;19;1;0;0;0;3;4
9;0901;3;6;20;1;0;1;1;7;3
9;0901;3;6;21;1;0;1;1;1;5
9;0901;3;6;23;1;0;1;1;3;4
9;0909;3;6;0;2;4;3;7;3;7
9;0916;3;6;1;2;0;2;2;7;4
9;0916;3;6;7;2;0;1;1;3;7
12;1205;3;6;12;2;0;1;1;3;4
13;1303;3;6;12;2;0;0;0;7;4
12;1207;3;6;13;1;0;1;1;5;4
13;1309;3;6;19;2;0;2;2;3;4
12;1207;3;6;19;1;0;4;4;1;4
7;0706;3;6;19;2;0;1;1;3;4
9;0906;3;6;20;2;0;1;1;1;4
9;0920;3;6;20;2;0;2;2;3;7
17;1703;3;6;20;2;0;1;1;2;5
9;0910;3;6;20;2;1;2;3;3;7
9;0905;3;6;20;1;0;2;2;3;7
9;0911;3;6;21;2;0;2;2;1;4
9;0906;3;6;21;2;1;0;1;1;4
24;2402;3;6;21;1;0;1;1;3;7
12;1210;3;6;22;2;0;1;1;7;4
13;1309;3;6;22;2;0;2;2;7;4
17;1702;3;6;0;2;1;0;1;1;4
19;1901;3;6;5;2;0;0;0;3;2
17;1701;3;6;5;2;0;1;1;3;4
18;1804;3;6;9;2;0;1;1;3;4
16;1601;3;6;18;2;0;1;1;7;4
17;1705;3;6;19;2;1;0;1;3;3
23;2301;3;7;0;1;0;1;1;4;8
1;0101;3;7;1;1;0;1;1;7;4
1;0101;3;7;1;1;0;2;2;7;1
18;1801;3;7;2;1;0;2;2;1;5
18;1801;3;7;3;2;0;1;1;3;3
1;0101;3;7;3;1;0;0;0;7;4
23;2301;3;7;4;1;0;1;1;7;8
17;1701;3;7;4;1;0;0;0;4;3
17;1701;3;7;5;1;0;0;0;4;2
18;1801;3;7;5;1;0;0;0;4;3
23;2301;3;7;6;1;0;0;0;4;4
17;1701;3;7;6;1;0;1;1;8;7
18;1801;3;7;6;2;0;0;0;4;3
5;0501;3;7;6;2;0;0;0;4;3
13;1301;3;7;8;1;0;1;1;7;3
18;1801;3;7;9;1;0;1;1;3;7
17;1701;3;7;9;2;0;0;0;3;7
5;0501;3;7;9;2;0;1;1;5;2
17;1701;3;7;10;1;0;0;0;4;3
5;0501;3;7;11;1;0;0;0;7;3
13;1308;3;7;12;1;0;0;0;3;4
18;1801;3;7;13;1;0;0;0;4;9
12;1201;3;7;14;1;0;1;1;7;3
17;1701;3;7;14;1;0;1;1;1;1
17;1701;3;7;14;1;0;0;0;3;8
17;1701;3;7;15;1;1;1;2;2;5
11;1101;3;7;16;1;0;1;1;3;7
17;1701;3;7;17;2;0;0;0;4;1
17;1701;3;7;19;1;0;2;2;3;4
23;2301;3;7;20;1;0;1;1;7;3
11;1101;3;7;20;1;0;0;0;3;1
17;1701;3;7;20;1;0;0;0;3;7
1;0101;3;7;21;1;0;0;0;3;4
11;1101;3;7;21;1;0;0;0;3;1
13;1301;3;7;21;1;0;1;1;4;3
23;2301;3;7;22;1;2;0;2;3;2
23;2301;3;7;22;1;0;0;0;3;7
17;1701;3;7;22;1;0;0;0;4;3
8;0801;3;7;23;1;0;0;0;3;7
9;0907;3;7;23;1;0;0;0;1;4
9;0901;3;7;0;1;0;1;1;7;3
9;0901;3;7;1;1;0;1;1;3;7
9;0901;3;7;2;1;0;0;0;4;1
9;0901;3;7;5;1;0;1;1;7;3
9;0901;3;7;5;1;0;0;0;4;1
9;0901;3;7;6;1;0;0;0;7;3
9;0901;3;7;7;1;0;1;1;3;7
9;0901;3;7;7;1;0;2;2;7;3
9;0901;3;7;8;1;0;1;1;3;7
9;0901;3;7;9;1;0;1;1;3;7
9;0901;3;7;9;1;1;2;3;7;1
9;0901;3;7;9;1;0;1;1;3;7
9;0901;3;7;10;1;0;1;1;4;1
9;0901;3;7;12;1;0;2;2;3;3
9;0901;3;7;13;1;0;2;2;3;3
9;0901;3;7;15;1;0;2;2;1;5
9;0901;3;7;16;1;0;0;0;3;7
9;0901;3;7;17;1;0;1;1;3;7
9;0901;3;7;18;1;0;1;1;3;4
9;0901;3;7;19;1;0;1;1;1;4
9;0901;3;7;19;1;0;3;3;3;3
9;0901;3;7;20;1;0;1;1;3;7
9;0901;3;7;20;1;0;0;0;3;3
9;0901;3;7;20;1;0;3;3;1;3
9;0901;3;7;20;1;0;2;2;1;4
9;0901;3;7;22;1;0;1;1;1;3
24;2403;3;7;0;1;0;0;0;4;4
9;0924;3;7;1;2;0;1;1;7;4
23;2301;3;7;2;2;0;2;2;7;4
3;0303;3;7;2;2;0;1;1;7;4
9;0916;3;7;3;2;0;0;0;7;4
9;0921;3;7;4;2;1;0;1;3;7
12;1207;3;7;8;2;0;2;2;3;7
9;0901;3;7;9;2;1;3;4;4;4
9;0911;3;7;11;1;0;2;2;1;4
7;0712;3;7;16;2;0;0;0;3;4
24;2403;3;7;16;2;0;4;4;4;4
12;1207;3;7;17;1;0;1;1;7;4
9;0908;3;7;17;1;0;2;2;3;7
24;2402;3;7;18;1;0;1;1;3;4
24;2401;3;7;19;2;0;1;1;7;4
9;0911;3;7;19;1;0;1;1;3;7
13;1321;3;7;20;2;0;2;2;7;4
9;0906;3;7;20;1;0;0;0;3;7
7;0709;3;7;20;2;0;2;2;5;4
9;0901;3;7;22;2;0;2;2;3;7
17;1701;3;7;4;2;1;0;1;7;3
17;1701;3;7;10;2;0;1;1;3;3
17;1701;3;7;14;1;0;1;1;3;3
15;1501;3;7;15;2;1;0;1;7;4
6;0604;3;7;22;2;0;0;0;4;3
17;1701;3;1;0;1;0;0;0;8;7
17;1701;3;1;0;1;0;1;1;4;4
8;0805;3;1;6;2;0;0;0;7;3
8;0805;3;1;6;2;0;0;0;7;3
7;0701;3;1;7;1;0;1;1;3;7
1;0101;3;1;9;1;0;1;1;1;4
17;1701;3;1;13;2;0;0;0;3;8
18;1801;3;1;14;2;0;1;1;1;3
18;1801;3;1;15;1;0;0;0;3;7
17;1701;3;1;15;1;0;4;4;8;8
17;1701;3;1;15;1;0;0;0;8;7
17;1701;3;1;15;1;0;0;0;3;8
10;1001;3;1;15;1;0;1;1;3;7
1;0101;3;1;17;1;0;1;1;3;1
17;1701;3;1;17;1;0;0;0;3;8
17;1701;3;1;18;2;2;0;2;8;3
7;0701;3;1;18;1;0;0;0;3;4
18;1801;3;1;18;2;0;0;0;3;3
18;1801;3;1;18;2;0;0;0;4;4
17;1701;3;1;19;1;0;0;0;3;1
5;0501;3;1;19;1;0;0;0;3;4
17;1701;3;1;22;1;0;1;1;3;1
9;0901;3;1;0;1;0;1;1;3;3
9;0901;3;1;4;1;0;0;0;7;3
9;0901;3;1;5;1;0;1;1;3;7
9;0901;3;1;7;1;0;2;2;3;7
9;0901;3;1;8;1;0;1;1;1;3
9;0901;3;1;8;1;0;1;1;3;3
9;0901;3;1;8;1;0;1;1;2;5
9;0901;3;1;12;1;0;1;1;3;3
9;0901;3;1;12;1;0;1;1;3;3
9;0901;3;1;13;1;0;1;1;3;3
9;0901;3;1;13;1;0;0;0;5;4
9;0901;3;1;13;1;0;1;1;3;4
9;0901;3;1;15;1;0;1;1;3;4
9;0901;3;1;16;1;0;0;0;4;3
9;0901;3;1;17;1;0;0;0;3;3
9;0901;3;1;17;1;0;2;2;1;7
9;0901;3;1;17;1;0;0;0;5;4
9;0901;3;1;19;1;0;1;1;3;3
9;0901;3;1;20;1;0;0;0;3;4
9;0901;3;1;21;1;0;2;2;3;7
17;1703;3;1;6;2;0;0;0;7;4
9;0919;3;1;6;2;0;2;2;3;7
24;2402;3;1;9;2;0;2;2;3;7
24;2403;3;1;11;2;0;1;1;2;5
24;2402;3;1;12;1;0;1;1;3;7
12;1207;3;1;13;1;0;0;0;1;4
9;0909;3;1;20;2;0;1;1;4;4
14;1406;3;1;0;2;0;0;0;1;4
18;1802;3;1;9;2;0;1;1;1;4
6;0603;3;1;12;2;0;1;1;3;4
13;1303;3;1;19;1;0;1;1;3;4
13;1301;3;2;0;1;0;0;0;3;3
8;0805;3;2;6;2;0;0;0;7;2
17;1701;3;2;6;2;0;1;1;3;3
10;1001;3;2;7;1;0;0;0;3;7
11;1101;3;2;8;1;0;0;0;5;4
17;1701;3;2;11;1;0;1;1;1;5
11;1101;3;2;12;1;0;0;0;3;4
10;1001;3;2;15;2;0;0;0;3;3
17;1701;3;2;17;1;0;1;1;3;7
23;2301;3;2;17;1;0;0;0;5;4
18;1801;3;2;17;2;0;1;1;3;4
17;1701;3;2;19;1;0;1;1;8;5
17;1701;3;2;19;1;0;1;1;3;2
17;1701;3;2;20;1;0;0;0;3;4
1;0101;3;2;20;2;1;0;1;1;1
17;1701;3;2;21;1;0;0;0;3;1
5;0501;3;2;22;2;0;0;0;7;3
1;0101;3;2;22;1;0;1;1;7;4
11;1101;3;2;23;1;0;0;0;3;7
9;0901;3;2;10;1;0;0;0;8;9
9;0901;3;2;12;1;0;3;3;3;4
9;0901;3;2;16;1;0;1;1;1;3
9;0901;3;2;17;1;0;2;2;3;3
9;0901;3;2;19;1;0;1;1;1;5
9;0901;3;2;19;1;0;0;0;2;3
9;0901;3;2;19;1;0;2;2;3;3
9;0901;3;2;22;1;0;2;2;3;7
9;0906;3;2;1;1;0;0;0;4;4
9;0911;3;2;6;2;0;2;2;3;4
17;1703;3;2;13;2;0;36;36;7;4
9;0910;3;2;13;2;0;2;2;6;4
9;0906;3;2;14;2;0;1;1;3;7
9;0925;3;2;17;1;0;1;1;4;4
9;0916;3;2;22;2;0;2;2;3;4
14;1401;3;2;8;1;1;0;1;3;4
10;1001;3;2;8;2;0;1;1;1;4
18;1802;3;2;12;2;0;0;0;7;4
12;1210;3;2;17;2;0;0;0;3;7
3;0301;3;2;17;2;1;1;2;4;4
6;0607;3;2;17;2;0;0;0;3;3
14;1412;3;2;17;2;1;0;1;6;4
6;0610;3;2;20;2;1;0;1;7;4
14;1401;3;2;21;1;1;0;1;4;4
6;0601;3;3;6;1;0;0;0;1;4
17;1701;3;3;7;2;1;0;1;7;9
5;0501;3;3;7;2;0;0;0;7;2
17;1701;3;3;8;1;0;0;0;3;4
10;1001;3;3;8;1;0;1;1;3;5
11;1101;3;3;8;1;0;1;1;1;5
18;1801;3;3;12;1;0;1;1;3;7
13;1301;3;3;12;1;0;2;2;3;3
17;1701;3;3;15;2;0;1;1;8;1
17;1701;3;3;15;2;0;0;0;6;2
17;1701;3;3;17;1;0;0;0;3;4
23;2301;3;3;18;1;0;1;1;7;3
17;1701;3;3;18;1;0;1;1;3;2
1;0101;3;3;19;1;0;0;0;4;4
7;0701;3;3;20;1;0;1;1;3;7
9;0907;3;3;21;1;0;0;0;1;4
23;2301;3;3;21;1;0;0;0;7;3
9;0901;3;3;1;1;1;0;1;7;3
9;0901;3;3;5;1;0;1;1;3;7
9;0901;3;3;6;1;0;1;1;3;1
9;0901;3;3;7;1;0;2;2;1;3
9;0901;3;3;13;1;0;2;2;3;3
9;0901;3;3;16;1;0;1;1;3;7
9;0901;3;3;19;1;0;1;1;1;1
9;0901;3;3;19;1;0;2;2;3;7
1;0103;3;3;2;2;0;0;0;7;4
9;0920;3;3;5;2;0;2;2;3;4
9;0921;3;3;8;1;0;2;2;3;7
13;1301;3;3;9;2;0;1;1;7;4
23;2302;3;3;12;2;0;1;1;1;4
11;1110;3;3;14;2;0;0;0;3;7
9;0913;3;3;16;2;0;2;2;3;4
24;2402;3;3;16;2;0;2;2;3;7
9;0925;3;3;17;2;0;4;4;3;4
9;0906;3;3;17;2;0;3;3;3;7
9;0916;3;3;17;2;0;1;1;4;4
13;1312;3;3;17;2;0;0;0;3;7
1;0101;3;3;18;2;0;1;1;4;4
9;0903;3;3;19;2;2;1;3;3;7
9;0906;3;3;20;2;0;1;1;1;4
9;0906;3;3;21;2;0;1;1;3;4
17;1701;3;3;5;1;0;1;1;1;4
12;1211;3;3;6;2;0;3;3;3;7
6;0602;3;3;6;2;0;6;6;3;3
22;2201;3;3;13;2;1;0;1;3;1
17;1701;3;3;14;1;0;0;0;3;4
6;0607;3;3;16;2;0;0;0;7;8
17;1703;3;3;19;2;0;0;0;4;4
13;1308;3;4;4;1;0;0;0;7;3
17;1701;3;4;5;1;0;0;0;4;2
17;1701;3;4;6;2;0;1;1;4;2
17;1701;3;4;6;1;0;0;0;3;3
5;0501;3;4;6;2;0;0;0;3;4
5;0501;3;4;6;2;0;0;0;3;4
17;1701;3;4;7;1;0;1;1;3;7
17;1701;3;4;9;1;0;1;1;8;6
13;1308;3;4;9;1;0;1;1;3;7
17;1701;3;4;12;1;0;2;2;8;7
23;2301;3;4;12;1;0;1;1;4;4
18;1801;3;4;12;1;0;1;1;1;4
17;1701;3;4;15;1;0;0;0;4;3
11;1101;3;4;16;1;0;0;0;3;4
17;1701;3;4;17;1;0;1;1;3;2
17;1701;3;4;17;1;0;0;0;5;2
18;1801;3;4;19;1;0;0;0;3;1
11;1101;3;4;19;1;0;0;0;4;7
1;0101;3;4;20;2;0;1;1;3;4
12;1201;3;4;20;1;0;1;1;3;7
17;1701;3;4;22;1;0;0;0;8;4
11;1101;3;4;22;1;0;0;0;5;4
17;1701;3;4;22;1;1;0;1;1;5
17;1701;3;4;22;1;0;0;0;4;2
9;0901;3;4;7;1;0;2;2;1;3
9;0901;3;4;9;1;0;0;0;7;3
9;0901;3;4;12;1;0;1;1;7;3
9;0901;3;4;14;1;0;1;1;3;3
9;0901;3;4;15;1;0;1;1;4;3
9;0901;3;4;16;1;0;0;0;3;7
9;0901;3;4;18;1;0;0;0;3;7
9;0901;3;4;18;1;0;1;1;5;4
9;0901;3;4;18;1;0;1;1;3;4
9;0901;3;4;20;1;0;1;1;1;5
9;0901;3;4;21;1;0;2;2;5;3
12;1202;3;4;5;2;0;2;2;4;4
1;0101;3;4;7;2;0;0;0;3;4
13;1301;3;4;10;2;0;1;1;3;7
9;0904;3;4;11;2;0;5;5;3;7
9;0904;3;4;15;2;0;2;2;3;4
12;1207;3;4;17;2;0;2;2;7;4
13;1312;3;4;18;2;0;3;3;3;4
12;1204;3;4;18;2;0;0;0;7;4
1;0108;3;4;21;2;0;1;1;3;7
9;0901;3;4;22;1;0;1;1;3;7
7;0702;3;4;23;2;0;4;4;3;7
8;0804;3;4;12;2;0;4;4;7;4
6;0603;3;4;14;2;0;3;3;3;6
6;0607;3;4;19;2;1;2;3;3;3
2;0201;3;4;19;2;0;1;1;3;4
19;1905;3;4;20;2;0;0;0;3;4
12;1203;3;4;23;1;0;0;0;4;4
1;0101;3;5;0;1;0;0;0;3;4
17;1701;3;5;1;1;0;0;0;8;4
13;1301;3;5;2;1;0;0;0;4;7
8;0805;3;5;3;1;0;0;0;3;4
18;1801;3;5;6;1;0;0;0;3;1
17;1701;3;5;6;1;0;0;0;4;8
9;0907;3;5;7;1;0;1;1;3;4
17;1701;3;5;8;1;0;0;0;4;8
18;1801;3;5;9;2;0;5;5;3;3
23;2301;3;5;9;1;0;0;0;3;7
17;1701;3;5;10;1;0;3;3;3;4
17;1701;3;5;11;1;0;0;0;4;9
17;1701;3;5;12;1;0;0;0;3;1
17;1701;3;5;13;1;0;0;0;4;2
5;0501;3;5;17;1;0;0;0;5;2
9;0907;3;5;18;1;0;2;2;3;4
17;1701;3;5;19;2;0;13;13;7;3
5;0501;3;5;19;2;0;0;0;1;3
17;1701;3;5;19;1;0;4;4;8;1
17;1701;3;5;19;2;0;0;0;8;3
17;1701;3;5;20;1;0;0;0;3;3
17;1701;3;5;20;1;1;0;1;8;10
10;1003;3;5;21;2;0;0;0;3;4
23;2301;3;5;21;1;0;2;2;3;7
23;2301;3;5;23;1;0;0;0;4;3
17;1701;3;5;23;1;0;0;0;4;3
4;0404;3;5;23;2;0;1;1;1;3
9;0901;3;5;0;1;0;1;1;4;3
9;0901;3;5;0;1;0;1;1;3;1
9;0901;3;5;0;1;1;2;3;4;3
9;0901;3;5;0;1;0;1;1;7;3
9;0901;3;5;1;1;0;2;2;3;7
9;0901;3;5;1;1;1;0;1;1;4
9;0901;3;5;2;1;0;0;0;4;1
9;0901;3;5;3;1;0;1;1;3;7
9;0901;3;5;4;1;0;1;1;3;3
9;0901;3;5;5;1;0;1;1;7;3
9;0901;3;5;5;1;0;0;0;7;3
9;0901;3;5;6;1;0;1;1;7;4
9;0901;3;5;8;1;0;1;1;2;10
9;0901;3;5;10;1;0;3;3;3;2
9;0901;3;5;11;1;0;1;1;1;4
9;0901;3;5;11;1;0;3;3;5;4
9;0901;3;5;12;1;0;1;1;7;9
9;0901;3;5;13;1;0;2;2;3;7
9;0901;3;5;18;1;0;1;1;7;3
9;0901;3;5;18;1;1;0;1;4;3
9;0901;3;5;19;1;0;1;1;1;5
9;0901;3;5;20;1;0;1;1;3;4
9;0901;3;5;20;1;0;1;1;3;3
9;0901;3;5;21;1;0;3;3;3;3
9;0901;3;5;21;1;0;2;2;7;1
13;1309;3;5;1;2;0;0;0;7;4
9;0901;3;5;5;2;0;2;2;7;4
13;1303;3;5;7;2;0;11;11;7;4
9;0901;3;5;11;2;0;0;0;7;4
9;0921;3;5;11;1;0;0;0;3;7
24;2403;3;5;15;2;0;1;1;3;4
17;1703;3;5;15;2;0;2;2;3;7
17;1703;3;5;16;2;0;0;0;7;4
1;0101;3;5;17;2;0;1;1;3;4
13;1301;3;5;18;2;0;0;0;4;4
9;0910;3;5;19;2;1;0;1;3;7
9;0913;3;5;19;2;0;1;1;7;4
12;1201;3;5;19;2;0;1;1;1;4
13;1312;3;5;19;2;0;0;0;3;7
9;0901;3;5;20;2;0;0;0;3;7
3;0302;3;5;5;2;0;1;1;4;7
2;0205;3;5;21;2;0;2;2;7;4
10;1001;3;5;23;2;0;0;0;1;4
11;1101;3;6;0;1;0;1;1;3;4
17;1701;3;6;3;2;0;0;0;4;4
17;1701;3;6;4;2;0;1;1;4;1
17;1701;3;6;6;2;1;0;1;8;1
17;1701;3;6;7;1;0;0;0;3;7
17;1701;3;6;8;2;0;0;0;3;4
17;1701;3;6;8;2;0;1;1;3;2
17;1701;3;6;9;1;0;1;1;7;1
17;1701;3;6;9;1;0;2;2;8;3
17;1701;3;6;10;2;0;1;1;8;6
1;0101;3;6;11;1;0;2;2;3;1
11;1101;3;6;13;1;0;0;0;3;4
10;1002;3;6;15;2;1;1;2;1;4
18;1801;3;6;15;2;0;0;0;3;4
23;2301;3;6;15;1;0;1;1;3;2
5;0501;3;6;16;2;0;0;0;3;4
9;0907;3;6;19;1;0;2;2;2;5
23;2301;3;6;20;1;0;0;0;1;5
17;1701;3;6;21;1;0;1;1;1;4
17;1701;3;6;21;1;0;0;0;3;1
17;1701;3;6;22;1;0;0;0;8;8
17;1701;3;6;23;1;0;0;0;8;1
17;1701;3;6;23;1;0;1;1;7;3
9;0901;3;6;0;1;0;0;0;3;3
9;0901;3;6;3;1;0;0;0;4;4
9;0901;3;6;15;1;0;1;1;3;3
9;0901;3;6;19;1;0;1;1;1;3
9;0901;3;6;19;1;0;1;1;1;3
9;0901;3;6;20;1;0;2;2;3;7
9;0901;3;6;20;1;0;1;1;7;3
9;0901;3;6;22;1;1;0;1;7;3
9;0901;3;6;23;1;0;1;1;7;3
9;0901;3;6;23;1;0;0;0;7;3
7;0706;3;6;6;2;1;0;1;3;7
24;2403;3;6;7;2;0;1;1;3;7
13;1310;3;6;11;2;0;1;1;2;5
7;0701;3;6;11;2;0;1;1;1;4
24;2402;3;6;15;1;0;2;2;3;7
24;2401;3;6;16;2;0;1;1;7;4
24;2402;3;6;16;1;0;2;2;3;7
12;1208;3;6;18;1;0;1;1;7;4
1;0103;3;6;18;2;0;1;1;3;7
9;0906;3;6;18;2;0;1;1;3;4
9;0906;3;6;18;2;0;0;0;3;4
12;1207;3;6;19;2;1;0;1;1;4
9;0906;3;6;20;2;0;1;1;3;7
9;0912;3;6;21;2;0;1;1;7;4
9;0914;3;6;21;1;0;3;3;3;4
24;2401;3;6;23;1;1;0;1;1;4
13;1301;3;6;23;2;0;1;1;6;4
22;2201;3;6;1;2;0;0;0;3;3
6;0607;3;6;4;2;1;0;1;7;4
14;1401;3;6;6;1;0;1;1;4;4
22;2203;3;6;7;1;1;1;2;1;3
5;0505;3;6;15;1;0;1;1;3;1
18;1807;3;6;18;2;0;2;2;7;4
11;1102;3;6;18;1;0;1;1;4;4
10;1001;3;6;20;1;1;0;1;3;4
23;2301;3;7;0;1;0;2;2;7;3
18;1801;3;7;2;2;0;1;1;3;10
17;1701;3;7;2;1;0;1;1;7;4
1;0101;3;7;2;1;0;0;0;4;4
5;0506;3;7;4;2;0;0;0;7;2
5;0501;3;7;5;1;0;0;0;1;5
23;2301;3;7;6;1;0;0;0;3;8
18;1801;3;7;7;1;0;1;1;3;1
23;2301;3;7;7;1;0;0;0;3;7
17;1701;3;7;9;1;0;1;1;3;2
11;1101;3;7;12;1;0;6;6;3;7
17;1701;3;7;14;1;0;0;0;8;1
5;0501;3;7;15;1;0;3;3;7;2
5;0501;3;7;15;1;0;0;0;3;4
17;1701;3;7;16;1;0;0;0;8;4
11;1101;3;7;16;2;0;2;2;3;4
1;0101;3;7;18;2;0;1;1;1;4
5;0501;3;7;19;1;0;0;0;3;4
17;1701;3;7;19;1;0;1;1;3;1
10;1003;3;7;20;1;0;3;3;3;4
11;1101;3;7;21;2;0;2;2;3;4
5;0501;3;7;22;2;0;0;0;7;3
17;1701;3;7;22;2;1;0;1;8;4
23;2301;3;7;22;1;0;0;0;3;3
11;1101;3;7;23;1;0;1;1;7;9
9;0901;3;7;0;1;0;1;1;7;3
9;0901;3;7;1;1;0;0;0;7;3
9;0901;3;7;5;1;0;1;1;4;3
9;0901;3;7;5;1;0;1;1;7;3
9;0901;3;7;7;1;0;1;1;3;10
9;0901;3;7;9;1;0;1;1;7;3
9;0901;3;7;12;1;0;1;1;3;3
9;0901;3;7;15;1;0;1;1;1;3
9;0901;3;7;17;1;0;0;0;3;1
9;0901;3;7;18;1;0;2;2;1;3
9;0901;3;7;19;1;0;0;0;7;1
9;0901;3;7;21;1;0;0;0;7;1
9;0928;3;7;1;2;0;1;1;7;4
9;0911;3;7;3;1;0;1;1;6;4
9;0919;3;7;5;2;0;1;1;7;4
24;2402;3;7;7;2;0;1;1;3;7
1;0115;3;7;9;2;0;2;2;3;7
9;0916;3;7;10;2;0;1;1;4;4
9;0916;3;7;16;2;0;1;1;3;4
2;0206;3;7;16;1;1;0;1;7;4
9;0919;3;7;17;2;1;0;1;3;7
1;0101;3;7;17;2;0;0;0;3;4
9;0901;3;7;18;2;1;1;2;4;4
9;0921;3;7;18;2;0;1;1;7;4
9;0914;3;7;18;2;1;0;1;1;4
9;0921;3;7;19;2;0;1;1;3;7
1;0101;3;7;19;2;0;0;0;3;4
24;2402;3;7;20;1;0;1;1;3;7
9;0925;3;7;20;2;0;2;2;7;4
9;0921;3;7;20;2;0;2;2;3;7
24;2402;3;7;20;1;0;3;3;3;7
12;1205;3;7;21;2;1;1;2;3;4
7;0709;3;7;23;2;1;0;1;1;4
1;0101;3;7;23;2;0;3;3;3;4
3;0301;3;7;0;1;0;0;0;3;7
12;1203;3;7;1;1;0;0;0;1;4
17;1708;3;7;3;2;0;0;0;7;4
18;1808;3;7;4;2;0;1;1;4;4
13;1303;3;7;4;1;0;2;2;3;4
19;1901;3;7;6;2;0;0;0;3;4
13;1317;3;7;8;2;0;0;0;7;9
10;1001;3;7;11;2;1;0;1;3;4
11;1109;3;7;12;2;0;0;0;7;10
8;0804;3;7;14;2;0;2;2;3;4
6;0602;3;7;14;2;0;0;0;3;4
18;1807;3;7;15;2;0;1;1;3;4
13;1303;3;7;21;1;1;0;1;4;4
17;1709;3;7;21;2;2;1;3;7;3
17;1702;3;7;23;2;0;1;1;3;3
6;0601;4;1;17;1;0;1;1;3;7
6;0601;4;2;7;1;0;2;2;3;7
5;0501;4;3;0;1;0;1;1;1;3
9;0907;4;3;9;1;0;0;0;7;4
9;0907;4;3;9;1;0;0;0;3;4
9;0907;4;3;10;1;0;0;0;1;4
9;0907;4;3;9;1;0;2;2;1;4
6;0601;4;4;12;1;0;0;0;1;4
6;0601;4;6;21;1;1;0;1;1;3
11;1101;4;1;18;1;0;0;0;3;7
11;1101;4;1;17;1;0;1;1;3;4
11;1101;4;3;9;1;0;1;1;1;5
11;1101;4;3;11;2;1;0;1;4;10
18;1801;4;1;14;1;0;1;1;3;7
18;1801;4;1;6;1;0;2;2;3;7
18;1801;4;2;9;1;0;2;2;3;7
18;1801;4;3;13;2;0;0;0;5;4
18;1801;4;4;9;1;0;1;1;3;7
18;1801;4;4;10;2;0;1;1;3;3
18;1801;4;6;19;1;0;0;0;4;4
18;1801;4;7;20;1;0;0;0;3;1
18;1801;4;5;16;1;0;2;2;3;7
18;1801;4;5;16;1;0;2;2;3;7
18;1801;4;7;1;2;0;1;1;3;4
1;0101;4;1;6;2;0;1;1;5;4
1;0101;4;1;19;1;0;0;0;3;4
1;0101;4;1;19;2;0;1;1;1;4
1;0101;4;1;23;1;0;1;1;3;2
1;0101;4;2;11;1;0;0;0;3;10
10;1006;4;1;7;2;1;8;9;7;9
10;1001;4;1;7;1;0;2;2;3;7
10;1001;4;2;23;1;0;0;0;3;8
11;1101;4;5;20;1;0;1;1;3;1
11;1101;4;5;10;2;0;0;0;3;4
11;1101;4;6;15;1;0;1;1;3;7
11;1101;4;7;16;2;0;1;1;3;1
1;0101;4;2;15;1;0;0;0;3;7
1;0101;4;5;12;1;0;1;1;1;1
1;0101;4;5;16;2;1;1;2;7;1
1;0101;4;6;13;1;0;2;2;3;7
11;1101;4;4;4;1;0;0;0;7;1
17;1701;4;1;10;1;0;1;1;3;4
17;1701;4;1;7;1;0;0;0;3;2
17;1701;4;1;15;1;0;1;1;3;7
17;1701;4;1;22;1;0;1;1;1;5
17;1701;4;1;16;2;0;0;0;3;7
17;1701;4;1;7;1;0;0;0;3;8
17;1701;4;1;5;1;0;0;0;4;2
17;1701;4;1;17;2;0;1;1;8;4
17;1701;4;1;20;1;1;0;1;1;5
17;1701;4;2;6;1;0;0;0;8;6
17;1701;4;2;9;1;0;0;0;3;7
17;1701;4;2;21;1;0;0;0;3;7
17;1701;4;2;10;1;0;0;0;8;3
17;1701;4;2;12;1;0;0;0;3;4
17;1701;4;2;15;1;0;0;0;3;8
17;1701;4;2;6;1;0;0;0;3;4
17;1701;4;2;19;1;0;0;0;3;7
17;1701;4;2;22;1;0;0;0;4;3
17;1701;4;2;12;1;0;1;1;8;3
17;1701;4;3;15;2;0;0;0;3;7
17;1701;4;3;7;1;0;0;0;3;7
17;1701;4;3;7;1;1;0;1;8;4
17;1701;4;3;12;1;0;0;0;3;4
17;1701;4;3;16;1;0;2;2;1;5
17;1701;4;3;5;2;0;1;1;3;2
17;1701;4;3;18;1;0;0;0;3;1
17;1701;4;3;21;1;0;0;0;4;2
17;1701;4;3;23;2;0;1;1;3;7
17;1701;4;3;3;1;0;5;5;3;8
17;1701;4;3;11;1;1;1;2;8;3
17;1701;4;3;10;1;0;1;1;7;2
17;1701;4;5;8;1;0;1;1;7;3
17;1701;4;5;0;1;0;0;0;3;3
17;1701;4;5;7;1;0;1;1;3;2
17;1701;4;4;18;1;0;0;0;3;4
17;1701;4;5;16;2;0;0;0;4;2
17;1701;4;4;8;1;0;0;0;3;7
17;1701;4;5;21;1;0;0;0;8;1
17;1701;4;4;10;1;0;1;1;1;5
1;0101;4;7;9;1;0;0;0;4;1
17;1701;4;5;12;1;0;2;2;3;1
17;1701;4;4;18;1;0;0;0;3;2
17;1701;4;4;20;1;0;0;0;3;1
17;1701;4;5;13;1;0;0;0;3;6
1;0101;4;7;16;2;0;1;1;1;1
17;1701;4;5;10;1;0;1;1;1;5
1;0101;4;6;22;1;0;1;1;1;1
17;1701;4;4;16;1;0;1;1;2;3
17;1701;4;5;23;1;0;1;1;3;4
17;1701;4;4;19;1;0;0;0;3;2
17;1701;4;6;0;1;0;1;1;8;3
1;0101;4;6;2;1;0;1;1;3;7
17;1701;4;6;18;1;0;1;1;8;3
17;1701;4;4;9;1;0;1;1;8;2
17;1701;4;4;16;1;0;1;1;1;5
1;0101;4;7;1;2;0;2;2;7;1
17;1701;4;4;17;1;0;0;0;3;4
17;1701;4;6;21;1;0;1;1;1;5
17;1701;4;7;6;1;0;1;1;8;7
17;1701;4;6;11;1;0;0;0;3;1
1;0101;4;7;22;1;0;0;0;8;1
17;1701;4;6;11;1;0;0;0;3;7
17;1701;4;7;13;2;0;0;0;3;7
17;1701;4;7;14;1;0;1;1;1;5
1;0101;4;7;4;1;0;1;1;7;4
17;1701;4;6;10;1;0;0;0;3;2
17;1701;4;7;20;2;1;0;1;7;3
17;1701;4;6;22;1;0;0;0;4;2
11;1101;4;4;9;1;0;1;1;3;7
1;0101;4;7;3;1;0;0;0;3;1
17;1701;4;7;1;1;0;1;1;1;4
17;1701;4;6;2;1;0;0;0;4;3
17;1701;4;6;0;1;0;0;0;4;4
17;1701;4;7;0;1;0;0;0;3;2
17;1701;4;6;23;1;0;1;1;7;1
17;1701;4;7;6;2;0;0;0;4;3
17;1701;4;1;14;2;0;1;1;8;3
17;1701;4;7;12;1;0;4;4;8;1
17;1701;4;1;7;1;0;0;0;3;4
13;1301;4;3;2;1;0;1;1;7;3
17;1701;4;1;11;1;0;1;1;3;3
17;1701;4;7;13;2;0;0;0;4;6
17;1701;4;1;21;1;0;1;1;3;1
17;1701;4;7;15;2;0;0;0;3;2
17;1701;4;7;17;2;0;3;3;3;1
17;1701;4;1;4;2;0;1;1;4;3
17;1701;4;7;19;1;0;1;1;1;5
17;1701;4;7;18;2;0;1;1;1;4
17;1701;4;7;16;1;0;0;0;8;3
13;1301;4;3;22;1;0;0;0;3;4
17;1701;4;2;0;1;0;1;1;8;2
1;0101;4;2;23;1;0;0;0;3;7
1;0101;4;3;10;1;0;3;3;3;6
1;0101;4;3;13;1;1;0;1;4;2
1;0101;4;3;19;2;0;0;0;7;1
1;0101;4;4;8;1;0;1;1;1;5
1;0101;4;3;7;1;0;2;2;1;4
1;0101;4;4;22;1;1;0;1;7;4
1;0101;4;3;14;1;0;0;0;3;4
1;0101;4;5;11;1;0;1;1;1;5
1;0101;4;6;8;1;0;1;1;3;4
1;0101;4;5;18;2;0;0;0;8;4
1;0101;4;7;10;1;0;0;0;3;1
1;0101;4;7;15;1;0;2;2;3;1
11;1101;4;5;8;1;0;1;1;3;4
11;1101;4;6;20;1;0;1;1;3;1
11;1101;4;6;13;1;0;2;2;3;4
1;0101;4;7;15;1;0;1;1;7;4
1;0101;4;7;18;1;0;1;1;1;4
1;0101;4;7;18;2;0;1;1;7;4
1;0101;4;7;20;1;0;3;3;1;1
1;0101;4;1;20;1;0;1;1;3;1
13;1308;4;1;3;1;0;0;0;7;3
13;1308;4;2;18;1;0;0;0;3;4
13;1308;4;7;10;1;0;1;1;3;7
13;1308;4;5;22;1;0;0;0;3;4
13;1308;4;3;7;1;0;0;0;4;4
13;1308;4;3;17;1;0;2;2;3;4
13;1308;4;3;19;1;0;1;1;1;3
13;1308;4;4;11;1;0;1;1;3;4
18;1801;4;6;20;1;0;0;0;4;3
18;1801;4;1;5;2;0;0;0;7;1
18;1801;4;6;14;2;0;1;1;7;1
18;1801;4;6;19;1;0;2;2;3;1
18;1801;4;6;11;1;0;0;0;4;1
18;1801;4;5;9;1;0;3;3;3;7
18;1801;4;4;22;1;0;1;1;3;4
18;1801;4;5;17;1;0;0;0;5;4
18;1801;4;4;7;1;0;1;1;3;7
18;1801;4;5;2;2;0;0;0;7;10
18;1801;4;2;20;2;0;0;0;3;2
18;1801;4;3;17;1;0;0;0;3;7
18;1801;4;7;16;1;0;0;0;4;3
18;1801;4;6;19;2;0;0;0;4;3
10;1004;4;4;20;1;0;0;0;3;4
18;1801;4;1;23;2;0;1;1;3;4
18;1801;4;1;22;2;0;0;0;4;1
10;1004;4;4;8;1;0;0;0;3;4
18;1801;4;3;1;1;0;0;0;3;1
18;1801;4;1;8;2;0;0;0;3;7
18;1801;4;4;18;1;0;0;0;4;7
18;1801;4;6;5;1;0;0;0;4;1
18;1801;4;4;0;1;0;0;0;3;4
1;0101;4;2;8;1;0;2;2;3;7
18;1801;4;6;21;2;0;0;0;4;3
18;1801;4;7;2;1;0;0;0;7;3
18;1801;4;7;6;2;0;1;1;8;10
18;1801;4;5;5;2;0;0;0;3;4
18;1801;4;4;13;2;0;1;1;1;4
18;1801;4;5;2;1;0;0;0;4;1
18;1801;4;4;6;2;0;0;0;7;3
10;1004;4;5;19;1;0;2;2;3;4
10;1004;4;2;7;1;0;0;0;3;4
10;1004;4;4;8;1;0;0;0;3;4
1;0101;4;3;6;1;0;1;1;8;10
10;1002;4;1;11;2;0;0;0;7;1
17;1704;4;7;12;2;0;0;0;3;4
17;1701;4;3;22;1;0;1;1;8;2
17;1701;4;5;8;1;0;0;0;5;4
17;1701;4;7;12;1;0;0;0;3;2
17;1701;4;1;16;1;0;0;0;3;4
13;1308;4;7;0;1;2;0;2;4;1
1;0101;4;3;7;1;0;3;3;3;7
17;1701;4;1;8;1;0;1;1;3;4
13;1308;4;2;11;1;0;1;1;4;1
13;1308;4;7;19;1;0;2;2;8;4
1;0101;4;3;18;2;0;2;2;7;9
17;1701;4;2;7;1;0;2;2;8;2
17;1701;4;2;23;1;0;1;1;8;1
17;1701;4;2;12;2;0;0;0;8;6
17;1701;4;2;12;1;1;0;1;1;5
17;1701;4;2;12;1;0;1;1;2;5
17;1701;4;2;15;1;0;0;0;3;2
17;1701;4;2;6;1;0;0;0;3;7
17;1701;4;2;17;1;0;1;1;3;4
17;1701;4;2;15;1;1;0;1;3;7
17;1701;4;2;2;1;0;0;0;4;4
17;1701;4;3;6;1;0;0;0;8;4
17;1701;4;3;9;1;0;1;1;8;7
17;1701;4;3;16;1;1;0;1;8;2
17;1701;4;3;17;1;0;0;0;8;6
17;1701;4;3;16;1;0;0;0;8;4
1;0101;4;3;16;1;0;0;0;3;1
17;1701;4;3;22;2;1;1;2;3;1
17;1701;4;3;14;1;0;1;1;3;3
17;1701;4;3;7;1;0;1;1;3;2
1;0101;4;5;17;1;0;0;0;3;1
1;0101;4;6;8;2;0;1;1;7;4
17;1701;4;3;21;1;0;0;0;4;3
17;1701;4;3;18;1;0;0;0;4;4
17;1701;4;3;8;1;0;0;0;5;4
17;1701;4;4;15;1;0;1;1;1;5
17;1701;4;4;14;1;0;1;1;8;3
23;2301;4;6;13;1;0;1;1;3;7
17;1701;4;4;20;1;1;0;1;8;1
17;1701;4;6;0;1;0;1;1;2;2
17;1701;4;5;12;1;0;0;0;4;3
17;1701;4;6;2;1;0;0;0;4;1
17;1701;4;6;10;1;0;0;0;3;7
17;1701;4;6;11;1;0;1;1;1;5
17;1701;4;6;15;1;0;1;1;1;4
17;1701;4;5;21;1;0;0;0;4;3
17;1701;4;6;23;1;0;0;0;4;1
17;1701;4;5;22;1;1;0;1;1;5
17;1701;4;6;14;1;0;1;1;3;7
17;1701;4;5;19;1;1;1;2;8;2
17;1701;4;5;7;1;0;1;1;3;4
17;1701;4;6;10;1;0;0;0;3;4
17;1701;4;5;3;1;0;0;0;4;4
17;1701;4;6;4;1;0;0;0;4;4
17;1701;4;5;15;2;0;1;1;3;2
17;1701;4;6;18;1;0;1;1;3;4
17;1701;4;6;19;2;0;1;1;1;5
17;1701;4;6;23;2;1;0;1;3;2
17;1701;4;6;9;1;0;0;0;3;3
17;1701;4;5;21;1;0;0;0;3;4
17;1701;4;6;11;1;0;0;0;3;4
17;1701;4;5;10;2;0;0;0;3;4
17;1701;4;7;4;1;0;1;1;8;1
17;1701;4;7;0;1;0;0;0;4;4
17;1701;4;7;6;1;0;1;1;4;1
17;1701;4;7;1;1;0;0;0;3;2
17;1701;4;7;3;1;0;0;0;4;4
17;1701;4;7;5;1;2;1;3;6;3
13;1301;4;4;11;1;0;0;0;3;7
23;2301;4;2;13;1;0;1;1;1;5
23;2301;4;2;7;1;0;2;2;3;7
23;2301;4;2;14;1;0;1;1;1;5
13;1301;4;5;19;1;0;0;0;3;7
23;2301;4;2;3;1;1;2;3;3;8
23;2301;4;6;15;1;0;1;1;3;7
17;1709;4;4;18;1;0;1;1;5;7
23;2301;4;1;12;1;0;1;1;3;4
23;2301;4;7;7;1;0;1;1;1;3
23;2301;4;6;19;1;0;1;1;3;8
17;1709;4;3;14;1;0;1;1;3;2
23;2301;4;5;14;2;0;1;1;5;7
23;2301;4;6;1;1;0;1;1;5;7
23;2301;4;5;22;1;0;2;2;7;7
23;2301;4;6;5;1;0;1;1;3;9
23;2301;4;5;16;1;0;2;2;7;10
1;0101;4;5;21;1;0;1;1;3;4
1;0101;4;5;11;1;0;0;0;3;7
1;0101;4;6;19;1;0;2;2;3;4
8;0801;4;4;4;2;1;0;1;7;3
8;0801;4;3;22;1;0;1;1;3;3
17;1701;4;1;15;1;0;0;0;3;4
17;1701;4;3;11;1;0;0;0;3;4
17;1701;4;5;23;1;0;0;0;4;3
8;0801;4;1;14;1;0;1;1;7;3
17;1701;4;7;20;1;0;0;0;3;8
17;1701;4;7;23;1;1;0;1;7;3
17;1701;4;7;4;2;0;0;0;4;3
18;1801;4;6;20;1;0;0;0;3;1
17;1701;4;1;8;1;0;0;0;4;2
17;1701;4;1;18;1;0;0;0;4;1
17;1701;4;1;21;1;0;0;0;4;3
17;1701;4;1;23;1;0;1;1;1;4
17;1701;4;1;7;2;0;2;2;3;3
18;1801;4;6;6;2;0;1;1;3;4
17;1701;4;1;21;1;0;1;1;3;1
18;1801;4;5;8;1;0;1;1;4;4
1;0101;4;7;17;1;0;1;1;1;1
1;0101;4;7;16;2;0;0;0;7;4
1;0101;4;1;2;1;1;0;1;7;4
17;1701;4;2;9;1;0;0;0;3;7
17;1701;4;2;8;2;0;1;1;3;4
17;1701;4;2;10;2;0;1;1;3;3
18;1801;4;6;20;1;0;1;1;1;7
17;1701;4;2;9;1;0;0;0;4;4
18;1801;4;6;22;1;0;0;0;4;4
17;1701;4;2;8;1;0;1;1;3;4
17;1701;4;2;8;2;0;1;1;3;4
18;1801;4;1;17;1;0;1;1;3;7
17;1701;4;2;5;1;0;10;10;3;2
18;1801;4;4;1;1;0;0;0;4;1
1;0101;4;1;7;2;0;0;0;5;4
18;1801;4;3;10;1;0;0;0;3;7
18;1801;4;3;14;1;0;0;0;3;4
17;1701;4;2;9;2;0;1;1;1;5
18;1801;4;2;19;2;0;1;1;4;3
17;1701;4;2;14;1;0;2;2;3;2
18;1801;4;2;21;1;0;0;0;3;7
18;1801;4;4;16;1;0;0;0;3;7
18;1801;4;4;11;1;0;1;1;1;3
18;1801;4;4;11;2;0;2;2;3;2
1;0101;4;1;12;1;0;0;0;4;4
17;1701;4;3;20;2;0;0;0;5;4
18;1801;4;1;18;2;0;0;0;4;6
17;1701;4;3;13;1;0;0;0;8;7
17;1701;4;3;6;1;0;2;2;7;3
18;1801;4;2;12;2;0;1;1;1;3
17;1701;4;3;7;1;0;1;1;1;5
17;1701;4;3;7;1;0;0;0;3;4
17;1701;4;4;5;1;0;0;0;8;2
17;1701;4;3;8;1;0;1;1;3;7
17;1701;4;3;15;1;0;1;1;8;2
17;1701;4;4;1;1;1;0;1;8;3
18;1801;4;1;15;1;0;0;0;3;2
17;1701;4;3;19;2;0;1;1;8;7
17;1701;4;4;19;1;0;1;1;1;5
1;0101;4;2;13;2;0;2;2;1;4
17;1701;4;5;7;1;1;0;1;3;7
17;1701;4;4;14;1;0;0;0;3;2
18;1801;4;7;15;1;1;1;2;4;3
17;1701;4;4;12;1;0;1;1;3;2
17;1701;4;5;13;1;0;0;0;3;2
17;1701;4;4;12;1;0;1;1;3;7
5;0501;4;5;4;2;0;0;0;7;3
17;1701;4;4;16;1;0;1;1;3;4
1;0101;4;2;18;1;0;1;1;3;7
5;0501;4;4;20;1;1;0;1;3;2
17;1701;4;4;10;1;0;0;0;4;2
17;1701;4;4;22;1;0;0;0;4;3
5;0501;4;4;9;1;0;0;0;3;7
17;1701;4;5;11;1;0;1;1;6;8
6;0601;4;4;12;1;1;0;1;1;4
17;1701;4;5;15;1;0;0;0;3;4
17;1701;4;4;23;1;0;1;1;7;2
10;1001;4;4;11;1;0;1;1;1;4
10;1001;4;4;16;1;0;1;1;7;3
5;0501;4;3;17;2;0;3;3;7;3
6;0601;4;7;8;2;0;0;0;1;4
17;1701;4;4;1;1;0;0;0;7;3
17;1701;4;5;15;1;0;0;0;3;2
17;1701;4;6;15;2;0;0;0;3;8
9;0920;4;4;3;1;0;0;0;4;3
7;0701;4;5;4;1;0;0;0;4;1
17;1701;4;5;22;2;0;0;0;3;4
6;0601;4;3;22;1;0;1;1;3;7
9;0907;4;4;11;1;0;1;1;2;5
9;0907;4;4;19;1;0;0;0;7;1
9;0907;4;4;21;1;0;2;2;2;5
7;0701;4;6;19;1;0;1;1;1;3
23;2301;4;4;0;1;0;2;2;3;1
9;0907;4;7;9;1;0;2;2;3;7
7;0701;4;7;20;1;1;0;1;1;3
10;1001;4;6;8;1;0;1;1;3;4
18;1801;4;7;15;1;0;5;5;4;4
9;0907;4;7;17;1;0;2;2;3;4
7;0701;4;1;12;1;0;1;1;1;3
10;1001;4;7;11;1;0;1;1;3;7
9;0907;4;7;13;1;1;3;4;7;3
7;0701;4;5;16;1;0;2;2;3;3
18;1801;4;7;9;2;0;0;0;4;3
18;1801;4;7;22;1;0;0;0;4;1
7;0701;4;7;19;1;0;1;1;1;3
23;2301;4;3;22;1;0;1;1;5;7
18;1801;4;1;14;2;0;1;1;8;10
7;0701;4;3;21;1;0;2;2;3;3
23;2301;4;3;13;1;0;2;2;3;10
17;1701;4;6;12;1;0;0;0;3;7
9;0907;4;1;1;1;0;0;0;7;3
23;2301;4;5;17;2;0;1;1;3;2
10;1001;4;7;13;1;0;1;1;1;5
1;0101;4;2;21;1;0;2;2;1;1
18;1801;4;1;4;1;0;1;1;1;3
17;1701;4;6;15;1;0;0;0;3;3
7;0701;4;4;20;1;0;2;2;4;7
7;0701;4;1;16;1;0;2;2;4;7
17;1701;4;6;3;1;0;0;0;3;1
23;2301;4;3;20;1;0;0;0;3;7
18;1801;4;1;11;1;0;1;1;3;7
17;1701;4;5;10;2;0;0;0;4;6
17;1701;4;5;2;1;0;0;0;3;1
23;2301;4;3;19;1;0;0;0;1;4
17;1701;4;5;8;1;0;1;1;2;5
10;1001;4;2;14;1;0;1;1;1;4
17;1701;4;6;14;2;0;0;0;3;2
17;1701;4;5;12;1;0;0;0;4;8
10;1001;4;2;6;1;0;1;1;3;7
23;2301;4;1;22;1;0;1;1;7;3
9;0907;4;1;10;1;0;1;1;3;3
17;1701;4;6;6;2;0;0;0;4;2
17;1701;4;7;5;1;0;0;0;8;7
17;1701;4;5;10;2;0;1;1;3;3
23;2301;4;4;15;2;0;0;0;7;3
23;2301;4;1;14;1;0;2;2;4;3
17;1701;4;7;15;1;0;1;1;3;3
10;1006;4;5;18;2;3;1;4;7;6
17;1701;4;5;13;1;0;0;0;3;8
17;1701;4;7;10;1;0;0;0;3;8
10;1005;4;6;13;2;0;0;0;5;3
10;1001;4;6;13;1;0;0;0;3;4
17;1701;4;5;1;1;0;0;0;3;7
23;2301;4;4;23;1;0;0;0;7;3
17;1701;4;7;0;1;0;0;0;7;8
23;2301;4;4;19;1;0;1;1;7;8
23;2301;4;3;7;1;0;1;1;3;4
10;1001;4;7;7;1;0;0;0;3;3
17;1704;4;6;13;2;0;0;0;1;4
23;2301;4;1;19;1;0;0;0;4;4
17;1704;4;5;13;2;0;2;2;7;4
23;2301;4;7;4;1;0;0;0;7;8
23;2301;4;1;6;1;0;1;1;3;7
23;2301;4;7;21;1;0;1;1;4;8
10;1003;4;7;16;1;1;1;2;1;4
23;2301;4;7;16;1;0;1;1;3;3
23;2301;4;7;14;1;0;2;2;3;2
23;2301;4;7;13;1;0;1;1;3;4
9;0907;4;1;12;1;0;1;1;4;3
23;2301;4;6;10;1;1;0;1;7;8
9;0920;4;2;9;1;1;0;1;3;3
23;2301;4;6;22;1;1;4;5;3;1
23;2301;4;1;17;1;0;0;0;5;4
23;2301;4;6;20;1;0;2;2;3;4
9;0907;4;2;14;1;0;0;0;4;3
17;1709;4;6;14;1;0;2;2;3;2
23;2301;4;6;5;1;0;0;0;7;8
23;2301;4;5;16;1;0;2;2;3;7
23;2301;4;5;14;1;0;1;1;7;3
17;1709;4;5;20;1;0;2;2;7;3
23;2301;4;1;7;1;0;0;0;3;7
23;2301;4;7;19;2;0;1;1;3;3
23;2301;4;7;21;1;0;0;0;7;8
9;0907;4;2;17;1;0;0;0;1;6
23;2301;4;7;15;1;0;0;0;4;1
23;2301;4;7;3;1;0;0;0;7;8
9;0907;4;2;19;1;0;1;1;2;9
9;0907;4;4;3;1;0;2;2;7;4
9;0907;4;5;19;1;0;0;0;3;4
9;0907;4;6;1;1;0;1;1;3;4
9;0907;4;6;21;1;0;1;1;3;4
9;0907;4;1;15;1;0;1;1;1;4
9;0907;4;1;21;1;0;0;0;1;4
9;0907;4;6;12;1;0;0;0;1;4
9;0907;4;6;12;1;0;0;0;3;4
9;0907;4;7;13;1;0;1;1;3;4
9;0907;4;1;8;1;0;1;1;3;4
9;0907;4;2;15;1;1;0;1;1;4
9;0907;4;2;21;1;0;0;0;3;4
9;0907;4;3;19;1;0;0;0;1;4
9;0907;4;5;7;1;0;1;1;3;4
9;0907;4;6;9;1;0;1;1;5;4
9;0907;4;7;2;1;0;2;2;4;4
9;0907;4;7;2;1;0;2;2;4;4
9;0907;4;1;6;1;1;0;1;1;4
9;0907;4;1;7;1;0;3;3;3;4
9;0907;4;1;15;1;0;0;0;3;4
5;0501;4;1;12;1;0;1;1;1;4
17;1701;4;7;14;1;0;0;0;3;2
17;1701;4;5;0;1;0;0;0;4;8
17;1701;4;5;16;1;0;1;1;3;8
5;0501;4;1;3;2;0;0;0;7;8
17;1701;4;1;0;1;0;0;0;3;7
17;1701;4;5;15;1;0;0;0;3;4
5;0501;4;3;23;1;0;0;0;3;4
17;1701;4;5;18;1;0;2;2;8;7
17;1701;4;5;2;1;0;0;0;4;8
5;0501;4;5;7;2;0;0;0;2;5
10;1001;4;7;12;1;0;1;1;3;4
5;0501;4;5;14;1;0;1;1;3;4
18;1801;4;6;16;1;0;0;0;3;7
10;1001;4;2;6;1;0;0;0;3;3
18;1801;4;6;21;2;0;0;0;3;7
5;0501;4;6;19;2;0;0;0;1;4
18;1801;4;6;15;1;0;1;1;3;4
5;0501;4;6;12;1;0;0;0;3;4
5;0501;4;7;22;2;0;0;0;7;4
23;2301;4;7;11;1;0;0;0;3;3
5;0501;4;6;19;2;0;0;0;3;4
11;1101;4;6;14;2;0;1;1;3;4
11;1101;4;1;8;1;0;2;2;1;7
23;2301;4;7;3;1;0;0;0;1;4
11;1101;4;1;18;1;0;1;1;5;4
23;2301;4;5;19;1;0;2;2;3;8
11;1101;4;3;17;1;0;0;0;3;7
11;1101;4;4;12;1;0;0;0;3;7
18;1801;4;7;6;2;0;0;0;6;3
11;1101;4;5;7;1;0;0;0;3;7
18;1801;4;1;3;1;0;0;0;6;3
19;1901;4;4;17;1;0;1;1;1;4
23;2301;4;5;18;1;0;3;3;3;3
17;1701;4;7;9;1;0;1;1;3;2
18;1801;4;2;6;2;0;0;0;7;3
11;1101;4;3;11;1;0;0;0;7;6
17;1701;4;7;11;1;0;2;2;3;2
11;1101;4;4;12;1;0;0;0;3;4
17;1701;4;7;2;1;0;0;0;4;8
11;1101;4;5;12;2;0;2;2;3;3
23;2301;4;4;21;1;1;0;1;3;7
17;1701;4;7;0;1;0;0;0;4;4
11;1101;4;7;7;1;0;1;1;3;7
11;1101;4;7;10;1;0;0;0;3;1
23;2301;4;3;15;1;0;0;0;3;4
17;1701;4;7;15;2;0;0;0;4;10
23;2301;4;1;14;1;0;0;0;1;4
23;2301;4;1;12;1;0;0;0;1;4
5;0501;4;6;22;1;0;1;1;7;4
11;1101;4;6;19;1;0;0;0;4;4
11;1101;4;7;15;1;0;3;3;3;7
11;1101;4;7;13;1;0;1;1;6;9
5;0501;4;7;3;1;0;0;0;3;4
11;1101;4;7;17;1;0;1;1;1;4
1;0110;4;7;8;1;0;2;2;3;1
11;1101;4;1;5;1;0;0;0;3;4
10;1004;4;2;21;1;0;0;0;3;4
11;1101;4;1;7;1;0;0;0;5;4
1;0101;4;3;6;1;0;1;1;1;4
11;1101;4;1;13;1;0;1;1;3;7
11;1101;4;1;21;1;0;0;0;1;1
17;1701;4;3;7;1;0;0;0;3;4
1;0101;4;3;7;1;0;1;1;1;4
11;1101;4;2;16;1;0;0;0;4;4
11;1101;4;2;23;2;0;1;1;7;1
17;1701;4;3;19;1;0;0;0;4;7
13;1301;4;2;8;1;0;0;0;3;4
17;1701;4;3;15;1;0;0;0;8;4
17;1701;4;3;17;1;0;1;1;5;4
11;1101;4;4;18;1;0;1;1;3;4
17;1701;4;6;16;1;0;0;0;3;4
17;1701;4;7;13;1;0;0;0;4;3
17;1701;4;1;19;1;0;1;1;1;4
17;1701;4;2;21;1;0;2;2;8;1
17;1701;4;1;20;1;0;0;0;7;6
13;1301;4;5;11;1;0;0;0;3;7
11;1101;4;6;8;2;0;2;2;3;4
17;1701;4;1;6;1;0;0;0;4;3
17;1701;4;2;7;1;1;3;4;3;1
17;1701;4;4;13;1;0;2;2;3;2
17;1701;4;2;13;1;0;2;2;3;3
17;1701;4;4;18;1;0;1;1;3;1
17;1701;4;2;0;1;0;0;0;3;7
17;1701;4;4;11;1;0;0;0;3;4
1;0101;4;4;18;1;0;1;1;6;4
17;1701;4;2;5;1;0;0;0;3;7
17;1701;4;4;17;1;0;1;1;8;4
17;1701;4;4;20;1;1;1;2;4;8
17;1701;4;2;22;1;0;2;2;3;8
17;1701;4;4;23;1;0;0;0;8;4
13;1301;4;5;11;1;0;0;0;3;7
17;1701;4;4;15;1;0;0;0;3;7
17;1701;4;2;20;1;0;2;2;3;7
17;1701;4;4;18;1;0;0;0;3;7
5;0501;4;7;0;1;0;0;0;3;6
13;1301;4;6;18;1;0;0;0;1;7
17;1701;4;4;10;2;0;0;0;8;3
17;1701;4;2;21;1;0;2;2;4;2
1;0101;4;4;23;2;0;1;1;7;4
17;1701;4;2;12;1;0;0;0;7;6
13;1301;4;5;10;1;0;0;0;3;7
17;1701;4;2;2;1;0;1;1;7;3
13;1308;4;7;17;1;0;1;1;3;7
1;0101;4;5;6;1;0;2;2;1;4
5;0506;4;7;9;1;0;0;0;3;4
17;1701;4;3;7;1;1;0;1;1;5
13;1301;4;7;4;1;0;0;0;4;7
1;0101;4;4;8;1;0;1;1;1;4
17;1701;4;3;18;1;0;1;1;1;4
17;1701;4;3;21;1;0;0;0;3;7
13;1308;4;2;8;1;0;1;1;3;2
17;1701;4;5;4;1;0;2;2;4;3
17;1701;4;3;18;1;0;0;0;4;2
13;1301;4;6;13;1;0;2;2;3;7
17;1701;4;5;3;1;0;1;1;7;3
5;0501;4;7;19;2;1;0;1;3;4
17;1701;4;3;21;1;0;0;0;4;4
1;0101;4;5;15;1;0;0;0;4;1
17;1701;4;5;6;1;0;1;1;1;5
17;1701;4;5;5;1;0;0;0;8;2
13;1301;4;1;11;1;0;0;0;3;4
5;0501;4;1;9;2;0;0;0;7;4
17;1701;4;5;16;1;0;0;0;3;1
17;1701;4;6;13;2;0;2;2;8;10
13;1301;4;7;20;1;0;2;2;4;7
17;1701;4;5;18;1;0;1;1;1;1
17;1701;4;6;20;1;0;1;1;1;5
5;0501;4;1;16;1;0;0;0;3;4
17;1701;4;5;19;1;0;0;0;8;3
17;1701;4;6;1;1;0;1;1;1;5
17;1701;4;5;5;1;0;0;0;4;2
17;1701;4;5;19;1;0;0;0;3;7
5;0501;4;5;20;1;0;0;0;3;4
17;1701;4;6;18;2;0;0;0;3;1
17;1701;4;7;7;1;0;2;2;3;1
17;1701;4;6;8;2;0;0;0;3;7
17;1701;4;7;0;1;0;0;0;4;2
17;1701;4;6;18;1;0;0;0;3;8
17;1701;4;6;23;2;0;0;0;3;2
17;1701;4;7;9;1;0;1;1;1;4
5;0501;4;1;22;1;0;0;0;3;4
17;1701;4;6;14;1;0;0;0;3;7
17;1701;4;6;2;1;0;0;0;3;1
5;0501;4;2;21;1;0;0;0;7;4
1;0101;4;6;7;1;0;0;0;3;4
18;1801;4;3;1;2;1;0;1;4;6
5;0501;4;3;18;2;0;1;1;3;4
23;2301;4;2;17;1;0;0;0;3;3
23;2301;4;2;17;1;0;1;1;3;3
23;2301;4;3;19;1;0;0;0;1;4
23;2301;4;3;19;1;0;0;0;1;4
5;0501;4;4;8;2;0;0;0;3;4
17;1701;4;6;14;2;0;0;0;3;1
10;1001;4;2;6;1;1;2;3;3;3
23;2301;4;3;13;1;0;0;0;3;4
23;2301;4;3;13;1;0;0;0;3;4
5;0501;4;4;16;2;0;0;0;7;4
17;1701;4;6;22;1;0;0;0;3;8
10;1001;4;2;13;1;0;0;0;3;4
23;2301;4;3;19;1;0;1;1;3;7
5;0505;4;5;21;2;0;0;0;3;4
10;1001;4;3;21;1;0;2;2;3;4
13;1301;4;3;11;1;0;0;0;1;4
23;2301;4;3;14;1;0;2;2;3;7
13;1301;4;3;19;1;0;0;0;5;4
23;2301;4;7;7;2;0;0;0;7;8
23;2301;4;7;7;2;0;0;0;7;8
13;1301;4;4;13;1;0;1;1;3;7
10;1001;4;5;13;1;0;0;0;7;4
10;1001;4;5;15;1;0;0;0;3;8
13;1301;4;5;20;1;0;0;0;3;7
10;1001;4;1;4;1;1;0;1;5;8
7;0701;4;2;2;1;1;0;1;4;3
7;0701;4;4;17;1;1;0;1;3;4
23;2301;4;7;19;1;0;1;1;3;7
17;1701;4;6;23;2;0;0;0;3;1
13;1301;4;7;1;1;1;0;1;3;7
23;2301;4;6;20;1;0;1;1;3;7
17;1701;4;6;8;1;0;1;1;3;4
5;0501;4;5;19;2;0;0;0;3;4
17;1701;4;6;20;1;0;0;0;3;1
23;2301;4;3;22;1;0;0;0;3;8
17;1701;4;6;16;2;0;0;0;3;4
23;2301;4;6;2;1;0;0;0;4;8
13;1301;4;2;11;1;0;1;1;4;7
8;0801;4;7;8;1;0;1;1;3;4
17;1701;4;6;10;1;0;0;0;3;4
23;2301;4;6;2;1;2;1;3;4;8
17;1701;4;6;10;1;0;0;0;4;10
17;1701;4;6;9;2;0;0;0;4;10
5;0501;4;6;7;2;0;0;0;3;4
23;2301;4;7;8;1;0;0;0;3;7
23;2301;4;7;8;1;0;1;1;3;7
17;1701;4;6;23;2;0;0;0;4;8
17;1701;4;6;22;1;0;0;0;4;8
23;2301;4;4;17;1;0;2;2;3;3
17;1701;4;6;4;1;0;0;0;7;2
13;1308;4;6;13;1;0;0;0;3;4
17;1701;4;6;22;1;0;0;0;7;8
17;1701;4;6;3;2;0;1;1;7;7
5;0501;4;6;6;2;1;0;1;1;4
17;1701;4;6;11;1;0;1;1;7;7
1;0101;4;6;22;1;0;1;1;7;1
17;1701;4;6;23;2;0;1;1;7;8
5;0501;4;7;3;1;0;0;0;3;4
11;1101;4;5;8;1;0;1;1;7;3
5;0501;4;6;15;1;0;1;1;3;4
11;1101;4;7;1;1;0;0;0;3;4
5;0501;4;1;6;1;0;0;0;7;4
11;1101;4;6;2;2;0;2;2;7;1
5;0501;4;1;6;1;0;0;0;7;4
17;1701;4;7;9;1;0;0;0;8;7
5;0501;4;4;1;2;0;1;1;4;4
11;1101;4;7;2;1;0;1;1;7;1
17;1701;4;7;3;2;0;0;0;3;7
5;0501;4;5;14;2;0;2;2;7;4
17;1701;4;7;17;2;0;0;0;4;2
11;1101;4;7;18;2;0;0;0;3;1
5;0501;4;6;18;2;0;0;0;7;4
17;1701;4;7;4;1;0;0;0;4;8
17;1701;4;7;21;1;0;1;1;2;9
17;1701;4;7;0;1;0;2;2;4;8
5;0501;4;2;11;2;0;0;0;3;4
17;1701;4;7;13;1;1;0;1;3;7
11;1101;4;7;16;1;0;3;3;1;4
17;1701;4;7;0;1;0;1;1;4;3
5;0501;4;2;12;1;0;2;2;1;8
17;1701;4;7;13;1;0;0;0;8;3
11;1101;4;1;10;1;0;0;0;8;6
17;1701;4;7;0;1;0;0;0;4;8
5;0501;4;2;17;1;0;3;3;3;3
17;1701;4;7;5;2;0;0;0;4;3
17;1701;4;7;2;2;0;0;0;6;6
17;1701;4;7;3;1;0;0;0;3;1
19;1908;4;2;2;2;0;0;0;7;10
5;0501;4;3;12;2;0;1;1;4;3
5;0501;4;4;3;2;0;0;0;7;4
5;0501;4;4;15;1;0;2;2;3;1
5;0501;4;5;16;1;0;0;0;7;4
5;0501;4;5;19;1;0;5;5;3;4
5;0501;4;6;6;1;0;1;1;7;4
11;1101;4;2;18;1;0;4;4;3;3
5;0501;4;6;18;1;0;0;0;7;1
5;0506;4;6;23;1;0;0;0;3;4
5;0501;4;7;3;1;0;0;0;3;3
5;0501;4;7;3;2;1;0;1;4;4
5;0501;4;7;8;1;0;4;4;3;4
5;0501;4;1;17;1;1;0;1;7;4
5;0501;4;1;20;1;0;0;0;3;3
5;0501;4;2;18;1;0;1;1;1;4
12;1201;4;2;16;1;0;1;1;3;7
12;1201;4;7;7;2;1;1;2;3;1
12;1201;4;6;23;2;0;1;1;7;9
12;1201;4;3;10;1;0;1;1;3;4
17;1701;4;1;5;1;0;0;0;4;3
17;1701;4;1;19;2;0;0;0;3;1
17;1701;4;2;19;1;0;0;0;3;7
17;1701;4;7;5;1;0;0;0;4;3
17;1701;4;1;8;1;0;2;2;7;3
17;1701;4;1;14;1;0;3;3;1;1
17;1701;4;7;23;1;0;3;3;4;3
17;1701;4;1;16;1;0;0;0;5;4
17;1701;4;7;22;2;0;0;0;4;8
17;1701;4;1;20;1;0;1;1;1;5
17;1701;4;2;2;1;0;1;1;4;8
17;1701;4;2;19;1;0;1;1;8;2
17;1701;4;2;8;2;0;0;0;3;4
17;1701;4;2;10;1;0;0;0;4;3
17;1701;4;1;1;2;0;0;0;4;4
17;1701;4;1;6;1;0;0;0;3;8
17;1701;4;2;13;1;0;1;1;1;4
10;1001;4;2;16;1;0;3;3;3;8
13;1308;4;6;17;1;0;0;0;3;4
10;1001;4;6;13;1;0;0;0;3;4
13;1308;4;7;2;1;1;0;1;3;4
10;1001;4;2;18;1;0;1;1;3;7
13;1308;4;6;11;1;0;0;0;4;4
13;1308;4;1;11;1;0;0;0;7;4
10;1001;4;7;20;1;0;2;2;3;7
10;1001;4;2;6;1;0;1;1;3;7
13;1309;4;5;9;1;0;0;0;4;4
13;1308;4;6;12;1;0;0;0;3;4
10;1001;4;1;13;1;0;0;0;5;4
13;1308;4;6;13;1;0;0;0;7;3
13;1308;4;5;16;1;0;0;0;3;7
1;0101;4;7;3;1;0;0;0;7;4
1;0101;4;7;19;2;0;1;1;1;5
1;0101;4;1;12;2;1;0;1;3;2
1;0101;4;1;17;1;0;0;0;3;7
1;0101;4;5;17;1;0;1;1;7;4
1;0101;4;5;17;1;0;0;0;3;2
1;0101;4;6;23;1;0;0;0;7;9
9;0901;4;1;6;1;0;1;1;1;3
9;0901;4;1;11;1;1;0;1;1;3
9;0901;4;1;6;1;0;3;3;8;6
9;0901;4;1;12;1;0;1;1;3;7
9;0901;4;1;14;1;0;1;1;3;4
9;0901;4;1;18;1;1;0;1;4;3
9;0901;4;2;1;1;0;2;2;3;7
9;0901;4;2;3;1;0;1;1;7;3
9;0901;4;2;8;1;0;1;1;1;3
9;0901;4;2;11;1;0;1;1;1;5
9;0901;4;2;17;1;0;1;1;3;7
9;0901;4;2;18;1;0;2;2;3;3
9;0901;4;2;19;1;0;2;2;1;5
9;0901;4;2;20;1;0;0;0;3;7
9;0901;4;3;7;1;0;1;1;1;3
9;0901;4;3;12;1;0;1;1;3;3
9;0901;4;3;11;1;0;1;1;3;3
9;0901;4;3;14;1;0;2;2;3;4
9;0901;4;3;16;1;0;0;0;5;4
9;0901;4;3;15;1;0;1;1;3;7
9;0901;4;3;21;1;0;0;0;4;3
9;0901;4;4;6;1;0;0;0;7;3
9;0901;4;4;7;1;0;1;1;3;2
9;0901;4;4;10;1;0;2;2;3;7
9;0901;4;4;9;1;0;1;1;4;4
9;0901;4;4;19;1;0;1;1;1;3
9;0901;4;4;21;1;0;2;2;3;7
9;0901;4;4;19;1;0;3;3;1;4
9;0901;4;5;5;1;1;0;1;1;10
9;0901;4;4;23;1;0;1;1;3;1
9;0901;4;4;21;1;0;2;2;1;3
9;0901;4;5;6;1;0;0;0;3;3
9;0901;4;5;7;1;0;2;2;3;7
9;0901;4;5;9;1;0;1;1;3;3
9;0901;4;5;11;1;0;1;1;3;7
9;0901;4;5;11;1;0;2;2;3;7
9;0901;4;5;14;1;0;1;1;7;3
9;0901;4;5;20;1;0;2;2;7;3
9;0901;4;5;21;1;0;1;1;7;3
9;0901;4;5;21;1;0;2;2;4;3
9;0901;4;5;21;1;0;1;1;7;3
9;0901;4;5;22;1;1;0;1;7;3
9;0901;4;6;2;1;0;1;1;1;3
9;0901;4;6;4;1;0;0;0;7;3
9;0901;4;6;3;1;0;0;0;7;1
9;0901;4;6;6;1;0;0;0;3;3
9;0901;4;6;6;1;0;1;1;1;3
9;0901;4;6;2;1;0;0;0;4;3
9;0901;4;6;9;1;0;2;2;3;2
9;0901;4;6;17;1;0;2;2;1;5
9;0901;4;6;10;1;0;1;1;3;2
9;0901;4;6;14;1;0;0;0;4;3
9;0901;4;6;21;1;0;0;0;3;7
9;0901;4;6;18;1;0;2;2;3;4
9;0901;4;6;20;1;0;1;1;3;7
9;0901;4;7;0;1;0;0;0;4;4
9;0901;4;7;3;1;0;0;0;4;3
9;0901;4;7;2;1;0;0;0;4;3
9;0901;4;7;3;1;0;2;2;7;3
9;0901;4;7;7;1;0;8;8;3;7
9;0901;4;7;4;1;0;0;0;7;3
9;0901;4;7;4;1;0;0;0;4;1
9;0901;4;7;4;1;0;0;0;4;3
9;0901;4;7;8;1;1;0;1;3;1
9;0901;4;7;14;1;0;1;1;6;3
9;0901;4;7;15;1;0;2;2;3;7
9;0901;4;7;14;1;0;1;1;3;7
9;0901;4;7;20;1;0;1;1;6;3
9;0901;4;1;5;1;0;0;0;3;4
9;0901;4;1;8;1;0;0;0;4;7
9;0901;4;1;10;1;0;2;2;4;4
9;0901;4;1;11;1;0;0;0;4;4
9;0901;4;1;14;1;0;1;1;1;3
9;0901;4;1;17;1;0;1;1;3;3
9;0901;4;1;14;1;0;2;2;1;3
9;0901;4;1;21;1;0;1;1;1;3
9;0901;4;1;20;1;0;2;2;3;3
9;0901;4;2;4;1;0;1;1;3;3
9;0901;4;2;7;1;0;1;1;3;3
9;0901;4;2;7;1;0;2;2;1;3
9;0901;4;2;10;1;0;1;1;1;3
9;0901;4;2;9;1;0;1;1;3;7
9;0901;4;2;10;1;0;1;1;3;3
9;0901;4;2;10;1;0;1;1;3;7
9;0901;4;2;9;1;0;0;0;4;3
9;0901;4;2;16;1;0;1;1;2;3
9;0901;4;2;23;1;0;1;1;7;3
9;0901;4;2;14;1;0;0;0;3;6
9;0901;4;2;18;1;0;0;0;8;10
9;0901;4;3;6;1;0;1;1;3;10
9;0901;4;3;13;1;0;0;0;3;3
9;0901;4;3;16;1;0;1;1;5;4
9;0901;4;3;17;1;0;1;1;1;4
9;0901;4;3;19;1;0;1;1;3;3
9;0901;4;3;17;1;0;2;2;3;4
9;0901;4;3;22;1;0;1;1;1;3
9;0901;4;3;20;1;0;1;1;7;3
9;0901;4;3;17;1;0;2;2;3;3
9;0901;4;3;23;1;0;0;0;4;3
9;0901;4;3;22;1;0;3;3;3;4
9;0901;4;4;2;1;1;0;1;7;3
9;0901;4;4;5;1;0;0;0;5;1
9;0901;4;4;5;1;0;2;2;4;1
9;0901;4;4;6;1;0;1;1;1;4
9;0901;4;4;9;1;0;1;1;3;7
9;0901;4;4;14;1;0;1;1;3;4
9;0901;4;4;6;1;0;1;1;1;7
9;0901;4;4;17;1;0;2;2;1;5
9;0901;4;4;20;1;0;2;2;7;3
9;0901;4;4;23;1;0;1;1;3;3
9;0901;4;4;22;1;0;3;3;3;7
9;0901;4;5;0;1;0;0;0;3;1
9;0901;4;5;4;1;0;0;0;7;3
9;0901;4;5;6;1;0;1;1;3;3
9;0901;4;5;0;1;0;2;2;3;1
9;0901;4;5;6;1;0;1;1;3;7
9;0901;4;5;7;1;0;1;1;3;7
9;0901;4;4;23;1;1;0;1;4;3
9;0901;4;5;9;1;0;1;1;3;7
9;0901;4;5;10;1;0;0;0;3;3
9;0901;4;5;13;1;0;1;1;3;3
9;0901;4;5;17;1;0;1;1;7;3
9;0901;4;5;17;1;0;2;2;3;7
9;0901;4;5;17;1;0;1;1;3;7
9;0901;4;5;17;1;0;2;2;1;5
9;0901;4;5;21;1;0;1;1;3;7
9;0901;4;5;21;1;0;1;1;3;2
9;0901;4;5;23;1;0;2;2;5;4
9;0901;4;6;3;1;1;0;1;4;3
9;0901;4;6;5;1;0;1;1;7;4
9;0901;4;6;6;1;0;1;1;7;3
9;0901;4;6;7;1;0;2;2;3;4
9;0901;4;6;8;1;0;1;1;3;7
9;0901;4;6;5;1;0;0;0;7;3
9;0901;4;6;8;1;0;2;2;1;3
9;0901;4;6;10;1;0;1;1;1;3
9;0901;4;6;11;1;0;1;1;3;7
9;0901;4;6;10;1;1;1;2;1;4
9;0901;4;6;10;1;0;2;2;3;7
9;0901;4;6;15;1;0;1;1;7;3
9;0901;4;6;15;1;0;1;1;3;7
9;0901;4;6;14;1;0;1;1;3;3
9;0901;4;6;15;1;0;1;1;3;4
9;0901;4;6;23;1;0;1;1;4;3
9;0901;4;6;23;1;0;1;1;7;3
9;0901;4;6;18;1;0;1;1;8;3
9;0901;4;6;23;1;1;1;2;4;3
9;0901;4;7;2;1;0;1;1;2;3
9;0901;4;7;3;1;0;0;0;7;3
9;0901;4;6;21;1;0;1;1;7;3
9;0901;4;7;2;1;0;0;0;7;3
9;0901;4;7;3;1;1;0;1;7;3
9;0901;4;7;2;1;0;0;0;3;3
9;0901;4;7;7;1;0;1;1;1;4
9;0901;4;7;4;1;0;1;1;7;3
9;0901;4;7;1;1;0;0;0;7;1
9;0901;4;7;1;1;0;4;4;7;3
9;0901;4;7;4;1;0;0;0;3;1
9;0901;4;7;6;1;0;0;0;4;1
9;0901;4;7;18;1;0;1;1;1;9
9;0901;4;7;6;1;0;2;2;3;4
9;0901;4;7;13;1;0;1;1;2;3
9;0901;4;7;7;1;0;1;1;4;1
9;0901;4;7;7;1;0;1;1;7;3
9;0901;4;7;7;1;0;1;1;3;3
9;0901;4;7;10;1;0;1;1;1;3
9;0901;4;7;14;1;0;0;0;3;3
9;0901;4;1;0;1;0;1;1;4;3
9;0901;4;1;9;1;0;1;1;1;4
9;0901;4;1;1;1;0;0;0;7;4
9;0901;4;1;6;1;0;1;1;2;3
9;0901;4;1;9;1;0;0;0;3;3
9;0901;4;1;7;1;0;2;2;7;6
9;0901;4;1;11;1;0;1;1;3;3
9;0901;4;1;16;1;0;1;1;3;3
9;0901;4;1;18;1;0;1;1;1;3
9;0901;4;1;14;1;0;1;1;4;4
9;0901;4;1;13;1;0;2;2;3;10
9;0901;4;1;22;1;1;0;1;1;5
9;0901;4;2;4;1;0;0;0;7;1
9;0901;4;2;7;1;0;2;2;3;4
9;0901;4;2;7;1;0;1;1;3;7
9;0901;4;2;9;1;0;1;1;8;3
9;0901;4;2;10;1;0;1;1;3;7
9;0901;4;2;10;1;0;1;1;1;3
9;0901;4;2;14;1;0;1;1;1;5
9;0901;4;2;16;1;0;2;2;3;7
9;0901;4;2;12;1;0;0;0;4;3
9;0901;4;2;21;1;0;1;1;3;4
9;0901;4;2;15;1;0;1;1;3;7
9;0901;4;3;6;1;0;1;1;3;4
9;0901;4;3;8;1;0;4;4;3;7
9;0901;4;3;9;1;0;3;3;1;3
9;0901;4;3;10;1;0;2;2;7;10
9;0901;4;3;12;1;0;3;3;3;7
9;0901;4;3;14;1;0;0;0;3;10
9;0901;4;3;14;1;0;0;0;3;3
9;0901;4;3;13;1;0;0;0;3;3
9;0901;4;3;20;1;0;1;1;3;3
9;0901;4;3;22;1;0;2;2;7;4
9;0901;4;3;0;1;0;0;0;7;3
9;0901;4;4;0;1;0;1;1;1;3
9;0901;4;4;0;1;0;1;1;3;7
9;0901;4;3;19;1;0;0;0;7;3
9;0901;4;4;8;1;0;1;1;1;4
9;0901;4;4;0;1;0;0;0;3;3
9;0901;4;4;6;1;0;0;0;3;7
9;0901;4;4;11;1;0;1;1;1;5
9;0901;4;4;9;1;0;2;2;2;4
9;0901;4;4;7;1;1;0;1;1;3
9;0901;4;4;18;1;0;1;1;7;3
9;0901;4;4;20;1;0;1;1;3;3
9;0901;4;4;14;1;1;0;1;5;4
9;0901;4;4;22;1;0;2;2;1;3
9;0901;4;4;23;1;0;0;0;4;3
9;0901;4;4;22;1;0;0;0;7;3
9;0901;4;4;22;1;0;2;2;3;3
9;0901;4;5;0;1;0;0;0;7;3
9;0901;4;5;5;1;0;1;1;7;10
9;0901;4;5;2;1;0;0;0;7;3
9;0901;4;5;2;1;0;2;2;7;3
9;0901;4;5;7;1;0;1;1;7;8
9;0901;4;5;7;1;0;1;1;7;8
9;0901;4;5;8;1;0;2;2;7;8
9;0901;4;5;14;1;0;1;1;3;7
9;0901;4;5;13;1;0;3;3;1;5
9;0901;4;5;18;1;0;1;1;3;7
9;0901;4;5;18;1;0;0;0;3;3
9;0901;4;5;17;1;0;1;1;3;7
9;0901;4;5;14;1;0;2;2;7;10
9;0901;4;5;16;1;0;1;1;7;3
9;0901;4;6;3;1;0;1;1;3;3
9;0901;4;6;9;1;0;1;1;1;3
9;0901;4;6;8;1;0;6;6;3;7
9;0901;4;5;22;1;0;1;1;3;3
9;0901;4;6;9;1;0;1;1;1;3
9;0901;4;6;12;1;0;1;1;1;3
9;0901;4;6;15;1;0;1;1;3;7
9;0901;4;6;18;1;0;2;2;3;3
9;0901;4;6;20;1;0;1;1;1;3
9;0901;4;6;10;1;0;0;0;5;3
9;0901;4;6;18;1;0;1;1;7;1
9;0901;4;7;4;1;0;1;1;1;3
9;0901;4;6;21;1;0;2;2;3;3
9;0901;4;7;2;1;0;0;0;3;7
9;0901;4;7;5;1;0;1;1;3;7
9;0901;4;7;9;1;0;1;1;3;3
9;0901;4;7;9;1;0;0;0;7;3
9;0901;4;7;11;1;0;1;1;1;5
9;0901;4;7;15;1;0;4;4;3;7
9;0901;4;7;16;1;0;1;1;1;3
9;0901;4;1;0;1;0;1;1;3;3
9;0901;4;7;20;1;0;0;0;3;1
9;0901;4;1;7;1;0;1;1;3;4
9;0901;4;1;13;1;0;1;1;3;7
9;0901;4;1;15;1;0;3;3;3;7
9;0901;4;1;17;1;0;1;1;1;5
9;0901;4;1;22;1;0;1;1;7;3
9;0901;4;2;0;1;0;1;1;3;4
9;0901;4;2;8;1;0;2;2;1;3
9;0901;4;2;8;1;0;2;2;7;3
9;0901;4;2;7;1;0;1;1;1;3
9;0901;4;2;8;1;0;0;0;3;4
9;0901;4;2;9;1;0;1;1;4;3
9;0901;4;2;12;1;0;1;1;3;4
9;0901;4;2;16;1;0;1;1;3;10
9;0901;4;2;9;1;0;4;4;3;7
9;0901;4;2;16;1;0;1;1;1;5
9;0901;4;2;14;1;0;1;1;1;3
9;0901;4;2;18;1;0;2;2;3;7
9;0901;4;2;22;1;0;1;1;1;3
9;0901;4;2;17;1;0;0;0;8;10
9;0901;4;3;3;1;0;1;1;7;3
9;0901;4;3;7;1;0;1;1;1;4
9;0901;4;3;6;1;0;1;1;5;4
9;0901;4;3;8;1;0;1;1;6;3
9;0901;4;3;11;1;0;1;1;3;7
9;0901;4;3;10;1;0;1;1;3;4
9;0901;4;3;14;1;0;0;0;3;7
9;0901;4;3;13;1;0;1;1;3;4
9;0901;4;3;16;1;0;2;2;6;3
9;0901;4;4;6;1;0;2;2;3;3
9;0901;4;4;5;1;0;1;1;3;3
9;0901;4;4;13;1;0;2;2;3;3
9;0901;4;4;16;1;0;1;1;3;7
9;0901;4;4;10;1;0;2;2;1;5
9;0901;4;4;13;1;0;1;1;1;4
9;0901;4;4;15;1;0;1;1;5;4
9;0901;4;4;18;1;0;2;2;7;3
9;0901;4;4;13;1;0;2;2;3;4
9;0901;4;4;23;1;0;0;0;7;3
9;0901;4;4;17;1;0;2;2;3;7
9;0901;4;4;22;1;0;3;3;3;3
9;0901;4;5;8;1;1;0;1;3;7
9;0901;4;5;8;1;0;1;1;3;3
9;0901;4;5;7;1;0;1;1;3;3
9;0901;4;5;3;1;1;0;1;7;1
9;0901;4;5;9;1;0;1;1;3;7
9;0901;4;4;23;1;0;1;1;3;6
9;0901;4;4;20;1;0;0;0;6;3
9;0901;4;5;15;1;0;1;1;1;3
9;0901;4;5;16;1;0;1;1;3;7
9;0901;4;5;17;1;0;1;1;7;3
9;0901;4;5;20;1;0;3;3;4;3
9;0901;4;5;21;1;0;3;3;3;3
9;0901;4;6;0;1;0;1;1;7;3
9;0901;4;6;3;1;0;1;1;7;3
9;0901;4;6;4;1;0;1;1;7;3
9;0901;4;6;6;1;0;0;0;7;3
9;0901;4;6;7;1;0;0;0;4;3
9;0901;4;6;6;1;0;1;1;4;1
9;0901;4;6;12;1;0;1;1;7;3
9;0901;4;6;14;1;0;2;2;3;2
9;0901;4;6;17;1;0;1;1;3;4
9;0901;4;6;15;1;0;1;1;1;3
9;0901;4;6;19;1;0;1;1;7;3
9;0901;4;6;16;1;0;1;1;3;4
9;0901;4;6;23;1;1;0;1;3;7
9;0901;4;6;21;1;0;2;2;3;7
9;0901;4;6;22;1;0;1;1;7;1
9;0901;4;7;1;1;0;2;2;7;1
9;0901;4;7;8;1;0;2;2;3;2
9;0901;4;7;8;1;0;0;0;7;3
9;0901;4;7;9;1;0;1;1;7;3
9;0901;4;7;8;1;0;1;1;3;3
9;0901;4;7;11;1;0;1;1;7;3
9;0901;4;7;13;1;0;1;1;3;4
9;0901;4;7;15;1;0;1;1;3;2
9;0901;4;7;17;1;0;1;1;1;5
9;0901;4;7;13;1;0;1;1;3;2
9;0901;4;7;17;1;0;2;2;3;7
9;0901;4;7;14;1;0;1;1;7;3
9;0901;4;7;16;1;0;3;3;7;3
9;0901;4;7;21;1;0;0;0;5;4
9;0901;4;7;18;1;0;0;0;3;7
9;0901;4;7;22;1;0;1;1;7;3
9;0901;4;1;1;1;0;0;0;4;3
9;0901;4;1;5;1;0;1;1;7;3
9;0901;4;1;6;1;0;0;0;7;3
9;0901;4;1;7;1;0;2;2;3;3
9;0901;4;1;8;1;0;1;1;1;3
9;0901;4;1;9;1;0;1;1;1;3
9;0901;4;1;14;1;0;1;1;1;10
9;0901;4;1;7;1;0;2;2;7;3
9;0901;4;1;10;1;0;1;1;3;3
9;0901;4;1;14;1;0;1;1;3;7
9;0901;4;1;13;1;0;1;1;3;7
9;0901;4;1;16;1;0;1;1;3;7
9;0901;4;1;19;1;0;2;2;3;2
9;0901;4;2;0;1;0;1;1;6;3
9;0901;4;2;10;1;0;2;2;1;3
9;0901;4;2;13;1;0;1;1;1;5
9;0901;4;2;14;1;0;1;1;2;3
9;0901;4;2;15;1;0;0;0;3;3
9;0901;4;2;22;1;0;2;2;1;3
9;0911;4;1;4;2;0;1;1;6;4
12;1207;4;1;2;1;0;1;1;3;7
12;9008;4;1;1;1;0;1;1;7;4
24;2401;4;1;5;2;0;2;2;3;7
1;0101;4;1;7;2;1;5;6;3;7
9;0918;4;1;6;1;0;1;1;1;4
13;1301;4;1;23;2;0;0;0;7;4
12;1208;4;1;16;1;0;1;1;7;4
12;1207;4;1;20;2;0;1;1;1;4
9;0906;4;1;20;1;0;0;0;3;7
9;0906;4;1;18;2;0;0;0;7;4
9;0901;4;1;19;2;0;1;1;1;4
13;1314;4;1;19;2;0;3;3;3;7
9;0919;4;1;17;2;0;1;1;7;4
1;0102;4;2;2;2;0;0;0;7;4
17;1703;4;2;15;2;0;1;1;3;7
9;0916;4;3;0;2;0;0;0;7;4
9;0911;4;2;10;2;0;1;1;2;5
1;0101;4;3;13;2;0;0;0;3;7
9;0907;4;3;13;2;1;2;3;5;4
9;0920;4;3;16;2;0;1;1;3;7
13;1315;4;3;19;2;1;0;1;2;5
13;1301;4;4;4;2;0;1;1;6;4
12;1201;4;4;0;2;0;2;2;7;4
9;0920;4;4;4;2;0;4;4;4;4
9;0906;4;3;19;2;0;1;1;3;4
13;1309;4;4;9;2;0;2;2;3;4
1;0105;4;4;15;2;0;1;1;3;7
9;0920;4;4;18;2;0;0;0;6;4
17;1703;4;4;14;2;0;0;0;5;4
24;2403;4;4;19;2;1;0;1;1;4
9;0911;4;4;19;2;0;1;1;1;4
9;0923;4;4;12;1;0;2;2;3;7
9;0909;4;5;0;1;0;0;0;4;4
24;2401;4;3;16;2;0;2;2;3;4
12;1207;4;4;18;2;0;0;0;7;4
9;0901;4;4;3;2;0;0;0;4;4
9;0925;4;5;10;2;0;1;1;1;4
24;2403;4;5;9;1;1;0;1;7;4
7;0706;4;4;16;2;0;1;1;3;7
9;0925;4;4;15;1;0;1;1;1;4
9;0921;4;4;13;2;0;2;2;4;4
9;0901;4;4;0;2;0;0;0;3;4
9;0906;4;5;10;2;0;0;0;1;4
9;0920;4;5;13;2;0;0;0;7;4
24;2402;4;5;19;1;0;0;0;4;4
9;0920;4;5;21;2;0;2;2;3;7
9;0916;4;6;4;1;0;0;0;4;4
7;0706;4;5;18;2;0;3;3;3;4
12;1208;4;5;18;1;2;0;2;3;7
9;0906;4;5;17;1;0;1;1;3;7
7;0702;4;5;4;2;0;1;1;1;4
9;0906;4;5;21;2;0;1;1;3;7
24;2403;4;6;14;1;0;1;1;3;7
24;2402;4;5;23;1;0;1;1;3;4
7;0712;4;6;19;2;1;0;1;3;4
9;0906;4;6;19;2;0;3;3;3;7
13;1301;4;6;22;2;0;1;1;3;7
9;0916;4;7;0;2;0;1;1;7;4
9;0925;4;6;8;2;0;2;2;5;4
12;1207;4;6;14;2;0;3;3;4;4
12;1208;4;6;18;2;0;1;1;1;4
2;0206;4;7;0;1;0;1;1;7;4
12;1208;4;6;19;1;0;1;1;1;4
1;0103;4;6;14;2;0;2;2;3;7
24;2401;4;7;7;2;0;2;2;7;4
12;1208;4;6;22;1;0;1;1;1;4
1;0103;4;7;7;2;0;0;0;7;4
2;0207;4;7;3;1;0;1;1;8;10
17;1703;4;6;15;2;0;1;1;4;4
9;0901;4;7;2;2;0;0;0;6;4
9;0916;4;7;4;2;0;0;0;4;4
24;2403;4;7;11;2;0;1;1;3;7
9;0911;4;6;22;2;0;1;1;4;4
13;1312;4;7;7;2;0;1;1;4;4
9;0912;4;6;13;2;0;0;0;7;4
1;0101;4;7;12;2;0;0;0;3;4
17;1703;4;7;14;2;0;1;1;7;4
9;0925;4;7;13;2;0;1;1;1;4
9;0912;4;7;15;2;0;3;3;3;7
24;2402;4;7;21;1;0;1;1;3;7
9;0918;4;7;19;2;0;1;1;3;7
24;2401;4;1;0;2;0;1;1;7;4
12;1208;4;7;18;1;0;2;2;3;7
9;0920;4;1;13;2;0;1;1;1;4
9;9004;4;6;9;2;0;0;0;7;4
13;1314;4;1;12;2;0;1;1;6;4
9;0916;4;1;18;1;0;1;1;3;7
24;2401;4;1;19;2;0;0;0;1;4
24;2401;4;1;19;2;0;1;1;1;4
24;2401;4;1;22;2;0;1;1;3;4
23;2301;4;1;22;2;0;2;2;5;4
9;0916;4;1;20;2;0;2;2;1;4
12;1207;4;1;15;1;0;4;4;3;7
9;0920;4;2;1;2;0;1;1;7;4
13;1306;4;1;13;2;0;0;0;3;4
9;0919;4;2;19;2;0;1;1;3;7
12;1203;4;2;18;2;0;6;6;3;7
13;1321;4;2;17;2;0;0;0;3;7
9;0916;4;2;10;2;0;0;0;3;4
7;0712;4;2;15;2;0;5;5;7;4
9;0918;4;3;12;2;0;2;2;3;4
24;2401;4;3;19;2;0;4;4;3;4
24;2403;4;3;21;1;0;2;2;4;4
9;0901;4;4;2;2;0;0;0;5;4
24;2402;4;3;20;2;0;1;1;4;4
9;0916;4;3;20;2;1;0;1;2;5
9;0906;4;3;20;1;0;2;2;3;4
12;1210;4;4;1;2;0;0;0;7;4
9;0920;4;3;16;2;0;1;1;7;4
7;0712;4;4;11;2;0;1;1;3;4
1;0108;4;4;2;2;0;0;0;3;7
24;2401;4;2;19;1;1;0;1;1;4
24;2402;4;2;22;1;0;1;1;3;7
24;2402;4;3;2;1;0;0;0;3;7
1;0108;4;2;19;2;0;2;2;3;7
24;2402;4;4;19;2;0;2;2;3;4
12;1210;4;4;15;2;0;2;2;5;4
9;0906;4;4;20;2;0;1;1;3;4
24;2402;4;5;3;2;0;1;1;3;4
9;0925;4;5;9;2;0;1;1;3;4
9;0910;4;5;18;2;0;2;2;3;7
9;0921;4;5;21;1;0;2;2;1;4
9;0916;4;5;23;2;0;1;1;3;4
24;2401;4;5;16;2;0;3;3;3;4
9;0921;4;5;19;2;0;1;1;7;4
1;0105;4;5;18;2;0;0;0;7;4
24;2401;4;6;7;2;0;2;2;7;4
9;0911;4;5;17;2;0;0;0;3;4
1;0104;4;5;16;2;0;1;1;1;4
7;0701;4;6;1;2;0;0;0;7;4
24;2403;4;6;12;1;0;3;3;3;7
9;0910;4;6;2;2;0;1;1;1;4
13;1307;4;6;20;2;0;1;1;3;7
9;0909;4;6;22;2;0;1;1;3;4
9;0911;4;6;19;2;0;1;1;3;4
9;0906;4;7;5;1;0;0;0;4;4
9;0924;4;6;19;2;0;2;2;1;4
9;0906;4;6;13;1;0;0;0;4;4
9;0916;4;6;17;2;0;1;1;5;4
7;0701;4;6;8;2;0;1;1;4;4
9;0909;4;7;8;2;0;1;1;6;4
13;1306;4;7;8;2;0;1;1;3;7
1;0101;4;7;12;2;0;0;0;3;4
12;1210;4;7;10;2;1;0;1;7;4
9;0911;4;6;19;2;0;2;2;6;4
12;1207;4;7;18;2;0;1;1;7;4
9;0902;4;7;18;2;1;0;1;1;4
9;0902;4;7;18;2;0;1;1;8;10
1;0101;4;7;13;2;3;12;15;7;4
9;0906;4;6;18;2;0;1;1;1;4
2;0206;4;7;10;1;0;5;5;3;7
12;1208;4;7;23;1;0;1;1;7;4
9;0911;4;7;15;2;0;1;1;3;4
1;0101;4;7;19;2;0;1;1;3;4
9;0910;4;1;12;2;1;0;1;3;7
9;0908;4;6;1;2;0;2;2;2;5
9;0908;4;7;8;2;0;1;1;7;4
12;1207;4;7;20;1;0;1;1;3;7
13;1313;4;5;15;2;0;2;2;3;7
9;0920;4;7;23;1;0;1;1;8;10
13;1301;4;1;2;2;0;0;0;7;4
12;1210;4;1;15;2;0;1;1;2;5
12;1207;4;1;14;2;0;1;1;3;4
1;0101;4;2;5;2;0;1;1;7;4
9;0920;4;2;10;2;0;2;2;5;4
9;0924;4;2;10;2;0;2;2;3;4
9;0922;4;7;19;2;0;3;3;3;7
24;2403;4;2;0;2;0;0;0;4;4
24;2402;4;2;19;1;0;1;1;2;5
9;0906;4;6;10;1;0;0;0;4;4
9;0925;4;6;23;2;0;0;0;4;4
9;0925;4;7;19;2;0;1;1;1;4
9;0906;4;7;15;1;0;1;1;5;4
9;0906;4;7;11;2;0;1;1;1;4
9;0906;4;1;15;2;0;1;1;7;4
9;0910;4;3;10;2;0;1;1;1;4
9;0914;4;3;12;2;0;1;1;1;4
12;1208;4;1;14;1;0;2;2;7;4
9;0904;4;2;20;2;0;1;1;4;4
13;1301;4;2;21;2;0;1;1;3;7
24;2401;4;3;13;2;1;2;3;7;4
9;0906;4;1;19;1;0;1;1;3;7
24;2401;4;3;14;2;0;1;1;3;7
13;1312;4;3;18;2;0;2;2;7;4
9;0920;4;4;5;2;1;1;2;4;4
9;0916;4;2;16;2;0;0;0;3;7
9;0901;4;4;11;2;0;1;1;3;7
9;0902;4;4;13;2;0;0;0;3;4
13;1301;4;4;13;2;0;1;1;3;7
24;2402;4;4;14;1;0;1;1;3;7
13;1312;4;4;18;2;1;0;1;3;4
9;0916;4;4;19;2;0;0;0;5;4
9;0911;4;4;2;2;1;1;2;3;4
9;0920;4;5;5;2;0;1;1;7;4
12;9008;4;4;20;1;0;1;1;7;4
9;0906;4;4;19;2;0;1;1;3;7
24;2402;4;4;18;1;0;0;0;4;4
9;0904;4;4;5;2;0;0;0;7;4
9;0910;4;5;5;2;0;1;1;3;4
9;0909;4;5;7;2;0;0;0;7;4
9;0909;4;5;12;2;1;0;1;3;4
24;2403;4;5;1;1;1;1;2;3;4
1;0103;4;4;17;2;0;1;1;7;4
17;1703;4;5;11;2;0;0;0;7;4
9;0920;4;5;13;2;0;1;1;3;7
12;1207;4;5;13;2;0;2;2;1;4
24;2403;4;5;15;1;0;2;2;3;7
9;0906;4;5;20;1;0;1;1;1;4
9;0914;4;5;19;2;0;2;2;3;7
9;0903;4;1;3;2;0;0;0;5;4
9;0904;4;4;7;2;0;1;1;3;4
9;0908;4;5;6;2;1;2;3;7;4
7;0712;4;5;18;2;1;1;2;3;7
13;1309;4;6;7;2;0;1;1;7;4
9;0901;4;5;8;2;0;0;0;4;4
9;0914;4;6;13;2;0;2;2;3;7
9;0901;4;6;7;2;0;0;0;7;4
13;1309;4;6;12;2;0;0;0;3;4
9;0914;4;6;10;2;0;1;1;4;4
7;0702;4;6;6;2;0;4;4;4;4
12;1207;4;5;23;2;0;0;0;5;4
9;0910;4;6;19;2;0;1;1;3;4
9;0916;4;6;10;1;0;4;4;3;4
9;0914;4;6;10;2;0;1;1;6;4
1;0102;4;6;10;2;0;1;1;3;4
1;0102;4;6;13;2;0;2;2;5;4
9;0901;4;6;22;2;0;1;1;7;4
9;0916;4;7;8;2;0;0;0;4;4
23;2302;4;6;18;2;0;1;1;7;4
9;0909;4;7;10;2;0;1;1;8;10
1;0105;4;7;0;2;0;1;1;5;4
9;0921;4;7;6;1;0;1;1;3;7
13;1306;4;7;8;2;0;1;1;3;7
9;0901;4;7;9;2;0;0;0;7;4
24;2402;4;7;13;1;0;3;3;3;7
12;1212;4;7;15;2;1;2;3;7;4
24;2403;4;6;22;2;0;1;1;7;4
13;1321;4;6;23;2;0;1;1;1;4
1;0101;4;6;15;2;0;1;1;1;4
9;0902;4;1;0;2;0;2;2;3;7
9;0904;4;7;5;2;0;2;2;3;7
12;1202;4;7;17;2;0;1;1;8;10
13;1319;4;7;21;2;0;2;2;3;4
9;0909;4;7;17;2;0;5;5;3;7
7;0702;4;7;22;2;0;0;0;7;4
17;1703;4;7;15;2;0;0;0;7;4
12;1202;4;7;19;2;0;1;1;3;4
9;0916;4;4;5;2;0;1;1;1;4
13;1309;4;7;18;2;0;1;1;3;7
13;1306;4;7;13;2;0;1;1;3;7
9;0902;4;1;21;2;0;2;2;3;7
9;0918;4;1;16;2;0;0;0;3;4
9;0906;4;1;20;2;0;1;1;5;4
7;0711;4;6;22;2;0;1;1;3;7
7;0706;4;2;4;2;0;0;0;4;4
1;0102;4;1;16;2;0;0;0;4;4
24;2401;4;2;6;2;1;0;1;7;4
9;0906;4;1;21;2;0;0;0;7;4
12;1210;4;1;20;2;0;1;1;3;4
9;0916;4;2;6;2;1;1;2;3;4
24;2401;4;1;18;1;0;1;1;3;7
1;0103;4;4;17;2;0;1;1;7;4
24;2403;4;1;22;2;0;0;0;7;4
9;0904;4;5;21;1;0;2;2;3;4
9;0920;4;2;10;2;0;2;2;3;4
9;0904;4;6;4;2;0;0;0;7;4
12;1202;4;2;14;2;0;1;1;5;4
9;0902;4;2;15;2;0;2;2;6;4
12;1210;4;2;18;2;1;0;1;1;4
9;0925;4;1;3;2;0;0;0;4;4
17;1703;4;2;14;2;0;1;1;7;4
13;1309;4;2;19;2;0;1;1;3;7
9;0904;4;2;22;2;0;1;1;7;4
12;1204;4;2;6;2;1;0;1;3;7
9;0909;4;3;6;2;1;0;1;7;4
12;1204;4;3;5;2;0;0;0;7;4
9;0906;4;3;9;2;0;1;1;3;4
9;0909;4;3;17;2;0;0;0;8;10
9;0903;4;5;4;2;0;1;1;3;7
9;0922;4;3;18;1;0;1;1;3;4
9;0906;4;3;19;2;0;1;1;1;4
12;1207;4;2;0;2;0;1;1;3;4
12;1207;4;2;2;1;0;2;2;8;10
9;0920;4;3;17;2;0;0;0;3;4
9;0911;4;2;18;2;0;1;1;3;7
9;0902;4;4;11;2;0;2;2;7;4
9;0908;4;4;17;1;0;0;0;6;4
12;1203;4;1;13;2;0;1;1;3;7
2;0206;4;1;15;1;0;1;1;7;4
9;0927;4;4;15;2;0;2;2;3;7
24;2401;4;5;5;1;0;1;1;1;4
9;0906;4;4;13;2;0;0;0;7;4
9;0906;4;5;7;2;0;1;1;2;5
9;0921;4;4;18;1;0;0;0;3;7
24;2401;4;6;2;2;0;2;2;3;7
9;0901;4;6;0;2;0;1;1;7;4
7;0702;4;5;20;2;0;0;0;3;4
9;0914;4;5;20;2;1;0;1;4;4
1;0101;4;5;14;2;0;1;1;7;4
1;0101;4;5;16;2;0;0;0;3;4
12;1212;4;6;6;2;1;0;1;3;4
9;0921;4;6;4;2;0;1;1;3;7
9;0911;4;3;5;2;0;11;11;3;4
9;0907;4;6;12;2;0;0;0;7;4
9;0920;4;6;21;2;0;1;1;6;4
9;0920;4;6;19;2;1;0;1;1;4
24;2402;4;6;21;1;0;0;0;4;4
9;0922;4;7;0;1;0;1;1;3;7
9;0912;4;7;1;1;0;1;1;7;4
7;0702;4;6;22;2;0;2;2;7;4
1;0101;4;6;17;2;0;6;6;3;7
13;1321;4;6;17;2;0;1;1;7;4
13;1301;4;7;3;2;0;0;0;4;4
9;0918;4;6;20;2;0;2;2;1;4
23;2301;4;6;6;2;0;0;0;7;4
12;1203;4;7;7;2;1;0;1;7;4
9;0901;4;6;13;2;0;1;1;3;7
13;1313;4;6;19;2;1;0;1;3;4
24;2403;4;7;7;1;0;1;1;2;5
9;0911;4;4;23;2;0;1;1;7;4
24;2402;4;7;8;1;0;0;0;7;4
9;0906;4;6;1;1;0;1;1;7;4
13;1312;4;6;17;2;0;1;1;1;4
9;0911;4;5;19;2;0;1;1;1;4
9;0918;4;6;21;2;0;0;0;3;4
7;0709;4;6;19;2;0;1;1;1;4
24;2401;4;7;4;1;1;2;3;3;7
9;0925;4;7;2;2;0;1;1;7;4
12;1204;4;6;18;2;0;1;1;3;7
12;1210;4;7;14;2;0;0;0;4;4
9;0906;4;6;12;2;0;0;0;3;4
9;0902;4;7;11;2;0;1;1;5;4
23;2301;4;7;13;2;1;0;1;1;4
9;0912;4;7;10;1;0;3;3;3;7
9;0911;4;6;16;2;0;1;1;1;4
9;0922;4;7;22;2;0;1;1;1;4
17;1703;4;6;13;2;0;0;0;4;4
9;0920;4;1;0;1;0;1;1;7;4
24;2401;4;1;0;2;1;0;1;3;4
9;0906;4;7;15;2;0;0;0;3;4
9;0921;4;7;19;2;0;6;6;3;7
9;0909;4;1;1;2;0;1;1;8;10
12;1208;4;7;12;1;0;4;4;3;7
9;0906;4;7;14;2;0;1;1;7;4
9;0916;4;1;5;2;1;0;1;7;4
17;1703;4;7;18;2;0;1;1;4;4
12;1208;4;7;16;1;0;2;2;3;4
12;1207;4;7;17;1;0;1;1;1;4
9;0906;4;7;3;2;0;3;3;3;4
24;2403;4;5;11;1;1;0;1;3;7
9;0916;4;7;5;2;1;0;1;7;4
24;2402;4;7;20;1;0;1;1;3;4
13;1312;4;1;15;2;0;1;1;3;7
17;1703;4;1;15;2;0;1;1;7;4
9;0921;4;1;15;1;0;3;3;3;7
24;2402;4;1;22;2;0;1;1;7;4
9;0913;4;5;20;2;1;0;1;1;4
9;0913;4;5;1;2;1;0;1;1;4
1;0103;4;1;17;2;0;0;0;7;4
9;0921;4;1;19;2;0;1;1;4;4
1;0103;4;1;19;2;0;0;0;5;4
9;0916;4;7;9;2;0;1;1;7;4
9;0916;4;6;14;1;0;1;1;2;5
9;0903;4;7;14;2;0;0;0;3;7
9;0903;4;6;19;2;0;2;2;4;4
13;1301;4;2;12;2;0;0;0;3;7
9;0911;4;5;20;2;0;1;1;1;4
9;0910;4;2;18;2;0;1;1;8;10
9;0911;4;5;12;2;0;1;1;3;7
9;0925;4;7;16;2;0;1;1;3;7
7;0702;4;2;15;2;0;0;0;3;7
12;9008;4;2;23;2;0;1;1;7;4
12;1210;4;2;20;2;0;0;0;4;4
9;0916;4;6;7;1;0;0;0;3;4
9;0911;4;2;15;2;0;0;0;3;7
9;0911;4;1;5;2;1;0;1;1;4
9;0911;4;2;8;1;0;1;1;3;7
9;0911;4;2;7;2;0;2;2;7;4
9;0911;4;6;11;2;0;1;1;1;4
7;0701;4;2;18;2;0;2;2;3;7
2;0205;4;1;5;2;0;0;0;3;4
1;0111;4;1;2;2;1;0;1;7;4
6;0602;4;1;8;2;0;0;0;7;4
6;0603;4;1;15;2;0;0;0;7;8
6;0607;4;1;21;2;0;0;0;3;4
19;1905;4;2;8;2;0;0;0;3;9
11;1111;4;1;13;2;0;3;3;3;3
17;1702;4;2;13;2;1;0;1;5;4
17;1705;4;3;2;1;0;0;0;4;8
6;0606;4;2;17;2;0;0;0;3;2
6;0601;4;2;15;2;0;2;2;3;4
22;2201;4;3;9;2;0;1;1;1;10
14;1406;4;3;17;1;1;0;1;1;4
14;1409;4;3;18;2;1;3;4;6;4
11;1109;4;4;0;2;0;1;1;3;8
12;1210;4;3;20;2;1;0;1;3;9
6;0607;4;4;13;2;0;0;0;3;4
21;2104;4;4;7;1;0;1;1;7;4
6;0607;4;4;17;2;0;1;1;7;4
10;1001;4;4;0;2;0;0;0;7;4
11;1103;4;4;19;2;0;1;1;3;3
17;1701;4;1;8;2;0;0;0;7;4
8;0804;4;4;8;2;0;0;0;6;4
12;1202;4;4;20;2;2;0;2;1;4
14;1402;4;5;17;2;0;0;0;3;4
5;0504;4;5;11;1;0;0;0;3;1
3;0303;4;5;22;2;1;0;1;7;4
3;0307;4;6;7;2;1;0;1;1;4
6;0607;4;5;10;2;0;0;0;3;3
6;0601;4;7;3;2;0;0;0;7;4
6;0607;4;6;18;2;1;0;1;1;5
18;1806;4;6;14;2;0;1;1;3;4
18;1802;4;7;1;2;0;0;0;2;10
5;0502;4;6;22;1;0;2;2;3;4
13;1304;4;6;13;1;0;1;1;3;4
17;1703;4;4;16;2;1;3;4;3;4
3;0301;4;7;18;1;0;2;2;3;4
14;1401;4;6;13;1;0;1;1;1;4
14;1401;4;7;8;1;0;0;0;3;4
11;1102;4;7;23;2;0;1;1;3;3
17;1703;4;6;3;2;3;0;3;3;4
17;1703;4;6;17;2;1;0;1;1;4
17;1703;4;6;21;2;1;1;2;4;4
22;2201;4;2;12;1;0;1;1;3;3
18;1807;4;1;0;2;0;1;1;7;4
18;1804;4;2;18;2;0;0;0;3;4
6;0607;4;3;12;2;0;0;0;7;4
17;1705;4;3;11;1;0;2;2;2;5
17;1703;4;3;16;1;0;1;1;3;7
6;0606;4;2;9;1;0;0;0;7;4
6;0601;4;3;10;2;0;1;1;7;4
22;2201;4;3;17;1;0;2;2;4;7
5;0505;4;3;11;2;0;1;1;1;4
13;1303;4;3;19;2;0;1;1;4;9
22;2201;4;4;12;1;1;0;1;3;3
19;1906;4;4;7;2;0;0;0;3;4
6;0607;4;3;22;2;0;0;0;3;3
5;0504;4;4;20;2;0;0;0;3;4
10;1002;4;3;16;1;0;0;0;3;4
8;0804;4;5;8;2;1;0;1;3;4
10;1001;4;4;23;2;0;3;3;3;4
7;0707;4;4;21;1;0;1;1;1;9
2;0204;4;4;20;1;0;1;1;3;4
5;0505;4;5;21;1;1;0;1;3;4
5;0505;4;6;2;2;1;1;2;3;4
5;0505;4;5;16;2;0;1;1;3;4
12;1209;4;5;6;2;1;0;1;3;4
6;0601;4;4;19;2;0;0;0;3;4
6;0601;4;5;22;2;0;0;0;3;1
16;1601;4;6;0;1;3;0;3;3;3
11;1111;4;5;10;2;4;1;5;7;10
11;1113;4;7;3;2;0;1;1;4;3
11;1103;4;6;23;2;0;1;1;3;3
22;2203;4;6;21;2;2;0;2;1;3
18;1802;4;6;2;2;0;2;2;3;4
17;1703;4;6;14;1;1;0;1;2;4
6;0607;4;6;15;2;0;0;0;3;3
2;0201;4;6;17;2;1;0;1;7;4
12;1213;4;7;21;1;0;1;1;3;9
19;1906;4;6;21;2;1;0;1;3;4
22;2203;4;7;16;2;0;1;1;3;3
18;1807;4;7;10;2;1;2;3;4;4
6;0608;4;7;3;2;0;0;0;7;3
10;1001;4;7;20;2;0;0;0;3;4
6;0601;4;7;22;2;0;0;0;3;1
19;1907;4;1;1;2;0;1;1;3;3
19;1902;4;1;6;2;1;1;2;7;3
5;0505;4;7;2;1;0;1;1;3;1
18;1807;4;7;13;2;0;0;0;3;4
6;0606;4;1;17;2;0;0;0;7;3
8;0806;4;2;7;2;1;0;1;2;4
13;1317;4;2;12;2;0;2;2;3;4
17;1702;4;2;14;2;1;0;1;1;3
17;1701;4;7;15;1;1;2;3;7;8
10;1002;4;2;19;1;0;1;1;1;4
11;1103;4;2;11;2;0;0;0;3;3
8;0807;4;4;11;2;0;1;1;7;4
13;1301;4;4;8;2;0;1;1;3;4
8;0804;4;4;19;2;0;5;5;3;9
15;1507;4;6;10;2;0;1;1;1;2
18;1808;4;4;22;1;0;0;0;4;4
18;1809;4;5;22;2;1;0;1;1;5
2;0201;4;6;19;1;0;1;1;7;4
12;1211;4;7;10;1;0;4;4;3;9
5;0505;4;7;22;2;0;1;1;3;4
6;0602;4;5;9;2;0;0;0;3;3
6;0607;4;7;2;2;0;0;0;4;3
17;1709;4;1;8;2;1;0;1;7;4
11;1107;4;1;11;2;0;1;1;3;3
11;1106;4;2;4;2;0;4;4;7;3
8;0804;4;1;21;2;1;0;1;1;4
13;1301;4;1;14;1;0;4;4;3;4
5;0505;4;2;15;2;0;1;1;7;4
6;0607;4;1;21;1;0;0;0;3;1
6;0601;4;2;6;2;0;0;0;7;2
2;0201;4;7;13;1;0;0;0;3;4
2;0201;4;1;9;2;0;1;1;3;4
3;0304;4;1;20;2;0;1;1;7;4
5;0504;4;2;19;1;1;0;1;1;5
17;1705;4;3;2;1;1;0;1;7;8
17;1701;4;7;18;1;1;1;2;6;4
18;1802;4;2;16;2;0;0;0;7;4
18;1802;4;2;20;2;0;1;1;3;8
18;1805;4;3;16;2;0;1;1;7;4
18;1807;4;4;8;2;0;1;1;3;4
3;0301;4;3;21;2;1;0;1;7;7
17;1701;4;2;8;1;0;5;5;3;4
6;0607;4;3;14;2;0;0;0;3;8
3;0302;4;4;7;2;0;1;1;7;7
5;0505;4;5;16;1;0;1;1;3;1
5;0505;4;5;23;2;0;3;3;3;1
5;0506;4;5;17;2;0;1;1;7;4
10;1002;4;5;22;2;1;0;1;1;3
2;0204;4;5;4;2;0;1;1;7;4
20;2003;4;6;3;1;1;0;1;3;4
1;0103;4;6;10;1;0;4;4;3;7
14;1405;4;6;5;2;1;0;1;7;4
12;1211;4;6;19;1;0;1;1;3;1
13;1314;4;6;17;2;0;2;2;3;4
1;0104;4;7;15;2;0;1;1;3;4
22;2203;4;7;13;1;1;1;2;3;4
22;2201;4;7;19;2;0;1;1;3;4
14;1405;4;7;9;2;1;0;1;7;4
17;1701;4;6;21;1;0;0;0;3;4
3;0301;4;6;22;2;1;0;1;3;4
18;1803;4;7;10;1;0;1;1;1;4
18;1809;4;7;0;2;1;0;1;1;4
12;1211;4;7;18;2;1;0;1;3;8
13;1304;4;1;8;1;0;2;2;3;4
13;1304;4;1;9;1;0;1;1;3;4
17;1703;4;5;16;2;1;0;1;7;4
8;0804;4;2;7;2;1;0;1;7;4
17;1705;4;7;23;2;0;0;0;7;1
17;1701;4;6;14;2;1;0;1;7;3
17;1701;4;7;10;2;0;1;1;7;3
17;1701;4;2;8;2;0;0;0;3;3
17;1701;4;5;1;2;0;0;0;3;1
17;1705;4;7;3;2;0;2;2;3;1
18;1801;5;6;12;1;0;1;1;3;3
18;1801;5;7;14;2;0;1;1;3;3
10;1001;5;3;6;1;0;0;0;3;3
23;2301;5;1;14;1;0;1;1;5;4
23;2301;5;1;13;1;0;2;2;3;4
23;2301;5;1;21;1;0;1;1;3;4
23;2301;5;3;7;1;0;0;0;1;4
23;2301;5;3;20;1;0;2;2;7;3
17;1701;5;5;3;2;0;0;0;4;4
23;2301;5;4;10;1;0;0;0;4;4
23;2301;5;4;17;1;0;1;1;1;4
23;2301;5;3;21;1;0;0;0;4;7
23;2301;5;5;15;1;0;2;2;1;5
23;2301;5;5;22;1;0;0;0;6;7
23;2301;5;6;1;2;0;2;2;7;3
11;1101;5;3;0;1;0;1;1;3;7
23;2301;5;5;14;2;0;1;1;3;3
11;1101;5;3;16;1;0;0;0;4;1
11;1101;5;6;19;1;0;2;2;3;3
23;2301;5;5;20;1;0;1;1;7;3
11;1101;5;4;16;1;0;0;0;3;4
23;2301;5;4;9;1;0;1;1;4;4
23;2301;5;7;9;1;0;0;0;3;4
23;2301;5;5;18;1;0;1;1;3;4
23;2301;5;7;1;1;0;0;0;7;1
23;2301;5;7;0;1;0;1;1;3;4
23;2301;5;6;13;1;0;0;0;3;4
13;1308;5;3;17;1;0;0;0;3;4
13;1308;5;3;13;1;0;0;0;3;4
13;1308;5;5;16;1;0;1;1;3;4
13;1308;5;5;14;1;0;0;0;4;4
13;1308;5;1;12;1;0;1;1;3;4
13;1308;5;1;10;1;0;1;1;3;4
23;2301;5;3;14;1;0;1;1;3;7
13;1308;5;1;13;1;0;0;0;3;4
13;1308;5;1;9;1;0;0;0;3;4
23;2301;5;4;12;1;0;0;0;4;3
23;2301;5;7;23;1;1;1;2;3;7
13;1308;5;1;15;1;0;1;1;4;9
23;2301;5;1;1;1;0;0;0;4;3
23;2301;5;1;15;1;0;2;2;3;2
13;1308;5;1;16;1;0;0;0;5;4
23;2301;5;1;17;1;0;1;1;2;5
13;1308;5;1;15;1;0;0;0;3;4
13;1308;5;5;9;1;0;1;1;3;4
13;1308;5;5;9;1;0;0;0;3;4
13;1308;5;2;14;1;0;0;0;5;4
13;1308;5;5;9;1;0;0;0;3;4
13;1308;5;4;10;1;1;0;1;4;9
13;1308;5;1;8;1;0;1;1;3;4
23;2301;5;2;16;1;0;1;1;3;4
23;2301;5;1;17;1;0;2;2;7;8
23;2301;5;1;19;1;0;1;1;3;7
23;2301;5;3;10;1;0;0;0;3;7
1;0101;5;3;16;1;0;2;2;3;2
1;0101;5;3;19;1;0;1;1;3;1
1;0101;5;3;12;1;0;1;1;1;4
1;0101;5;4;6;1;0;0;0;3;4
1;0101;5;4;12;1;0;1;1;1;5
23;2301;5;4;6;1;0;1;1;3;7
23;2301;5;4;2;1;0;0;0;3;4
1;0101;5;5;12;1;0;0;0;4;4
23;2301;5;4;22;1;0;1;1;4;3
1;0101;5;5;1;1;0;0;0;4;4
1;0101;5;5;22;1;0;0;0;7;1
23;2301;5;5;3;1;0;0;0;4;3
1;0101;5;5;19;1;0;1;1;3;2
11;1101;5;5;19;1;0;0;0;4;1
11;1101;5;5;20;1;0;1;1;3;1
18;1801;5;6;3;1;0;0;0;4;1
11;1101;5;6;1;1;0;0;0;3;1
11;1101;5;6;19;2;0;0;0;3;1
11;1101;5;6;22;1;0;0;0;4;1
18;1801;5;6;18;1;0;1;1;1;3
11;1101;5;7;13;1;0;1;1;7;3
11;1101;5;7;23;1;0;3;3;7;3
1;0101;5;5;21;1;0;0;0;7;4
1;0101;5;6;22;1;0;0;0;3;1
1;0101;5;6;23;1;0;1;1;4;4
1;0101;5;7;4;1;0;0;0;4;4
1;0101;5;1;7;1;1;0;1;5;4
9;0907;5;3;0;1;0;1;1;7;9
9;0907;5;3;23;1;0;0;0;4;2
9;0907;5;4;20;1;0;0;0;1;5
9;0907;5;5;7;1;0;0;0;3;2
9;0907;5;3;11;1;1;0;1;3;4
11;1101;5;1;9;1;0;1;1;3;4
11;1101;5;1;4;1;0;1;1;7;3
11;1101;5;2;12;1;0;2;2;3;6
9;0907;5;6;1;1;0;0;0;4;3
11;1101;5;2;19;2;1;3;4;3;1
9;0907;5;3;11;1;0;1;1;1;5
9;0907;5;7;7;1;0;1;1;3;2
10;1004;5;1;20;1;0;0;0;3;4
13;1308;5;5;9;1;0;0;0;3;4
13;1308;5;3;11;1;0;1;1;3;4
9;0907;5;2;6;1;0;1;1;3;4
1;0110;5;5;22;1;0;1;1;3;7
9;0907;5;5;2;1;0;0;0;7;4
11;1101;5;6;11;1;0;1;1;3;3
9;0907;5;5;9;1;0;2;2;3;4
11;1101;5;7;12;2;0;2;2;3;1
9;0907;5;5;16;1;0;0;0;3;4
11;1101;5;7;13;1;0;0;0;4;1
9;0907;5;5;21;1;0;0;0;1;4
11;1101;5;7;15;1;0;1;1;1;1
9;0907;5;6;22;1;0;0;0;4;4
11;1101;5;7;18;1;0;1;1;3;4
9;0907;5;7;16;1;0;0;0;7;10
11;1101;5;7;20;1;0;1;1;3;4
9;0907;5;7;18;1;0;0;0;3;1
11;1101;5;7;21;1;1;0;1;3;3
9;0907;5;1;8;1;0;0;0;1;9
9;0907;5;1;13;1;0;1;1;3;4
17;1701;5;3;9;1;0;1;1;8;4
17;1701;5;3;8;1;0;2;2;3;7
17;1701;5;3;2;1;0;0;0;6;3
17;1701;5;3;5;1;0;1;1;1;5
17;1701;5;3;14;1;0;1;1;3;1
17;1701;5;3;13;1;0;1;1;1;5
17;1701;5;3;19;1;0;1;1;3;1
17;1701;5;3;22;2;0;0;0;6;3
17;1701;5;3;16;1;0;0;0;4;6
17;1701;5;5;0;1;0;2;2;8;1
13;1308;5;4;13;1;0;0;0;3;7
13;1308;5;4;10;1;0;0;0;3;7
13;1308;5;4;10;1;0;0;0;3;4
13;1308;5;4;21;1;0;0;0;8;4
13;1308;5;5;19;1;0;0;0;3;4
13;1308;5;5;20;1;0;0;0;3;4
13;1308;5;6;8;1;0;0;0;3;4
13;1308;5;4;21;1;0;0;0;8;10
17;1701;5;5;3;1;1;0;1;3;4
17;1701;5;4;7;1;0;1;1;1;4
17;1701;5;5;4;1;0;0;0;4;4
17;1701;5;4;20;2;1;0;1;1;5
17;1701;5;5;16;2;0;2;2;1;5
17;1701;5;4;6;2;0;1;1;3;7
17;1701;5;4;11;1;0;0;0;3;4
17;1701;5;4;21;1;0;0;0;4;3
17;1701;5;4;9;2;0;0;0;4;6
17;1701;5;4;1;1;0;1;1;7;3
17;1701;5;5;22;2;0;1;1;3;1
17;1701;5;6;19;1;0;0;0;8;1
17;1701;5;5;12;1;0;1;1;3;2
13;1308;5;5;20;1;0;0;0;3;4
17;1701;5;5;13;2;0;0;0;4;3
13;1308;5;6;10;1;0;0;0;3;4
17;1701;5;5;11;1;0;1;1;1;4
13;1308;5;6;11;1;0;0;0;3;7
13;1308;5;6;11;1;0;0;0;3;2
13;1308;5;6;12;1;0;0;0;5;4
17;1701;5;1;7;2;0;0;0;5;2
17;1701;5;5;4;2;0;2;2;3;3
17;1701;5;5;6;1;0;2;2;3;8
17;1701;5;1;22;2;0;1;1;3;4
17;1701;5;1;9;1;0;1;1;1;5
17;1701;5;5;8;1;0;0;0;3;3
17;1701;5;1;17;2;0;1;1;3;4
17;1701;5;7;0;2;1;0;1;8;8
17;1701;5;1;15;2;0;0;0;7;2
17;1701;5;5;3;1;1;2;3;3;7
17;1701;5;1;12;1;0;0;0;3;3
17;1701;5;7;2;1;0;0;0;3;8
17;1701;5;2;19;1;0;0;0;3;9
13;1308;5;3;21;1;0;0;0;3;4
17;1701;5;2;19;1;0;1;1;2;4
17;1701;5;5;16;2;0;0;0;3;2
17;1701;5;7;8;1;0;0;0;4;8
17;1701;5;2;6;1;0;0;0;3;3
13;1308;5;3;9;1;0;0;0;5;4
17;1701;5;5;17;1;0;0;0;3;4
17;1701;5;7;9;1;0;0;0;3;2
13;1308;5;5;21;1;0;0;0;6;4
17;1701;5;2;7;2;0;1;1;5;2
17;1701;5;5;1;1;0;1;1;3;4
17;1701;5;6;0;2;0;2;2;3;1
17;1701;5;7;7;1;0;0;0;5;1
17;1701;5;2;8;1;0;2;2;3;8
17;1701;5;7;7;1;0;1;1;3;1
13;1308;5;4;21;1;0;0;0;7;6
17;1701;5;6;0;1;0;1;1;1;5
17;1701;5;6;12;2;0;1;1;2;4
17;1701;5;7;5;1;0;1;1;7;8
17;1701;5;2;11;1;0;0;0;5;4
17;1701;5;7;18;1;0;1;1;3;6
13;1308;5;7;8;1;0;0;0;5;4
17;1701;5;6;18;1;0;1;1;3;3
17;1701;5;7;22;1;0;1;1;7;2
17;1701;5;6;19;1;0;0;0;3;1
1;0101;5;1;7;1;0;3;3;3;7
13;1308;5;7;9;1;0;0;0;4;9
17;1701;5;2;0;1;0;0;0;4;3
17;1701;5;6;23;1;0;0;0;3;4
17;1701;5;3;9;2;0;1;1;3;8
17;1701;5;6;1;2;0;0;0;4;8
13;1308;5;6;16;1;0;0;0;8;9
17;1701;5;3;23;1;0;0;0;3;4
13;1308;5;6;18;1;0;1;1;1;4
17;1701;5;6;9;1;0;0;0;4;6
17;1701;5;6;20;1;0;0;0;3;8
13;1308;5;6;10;1;0;2;2;3;4
17;1701;5;6;7;1;0;0;0;4;3
17;1701;5;3;1;1;0;2;2;4;3
17;1701;5;6;9;1;0;0;0;3;7
17;1701;5;4;22;1;0;1;1;8;2
17;1701;5;3;11;1;1;0;1;1;4
17;1701;5;5;0;1;0;0;0;8;2
18;1801;5;3;15;1;0;1;1;1;7
17;1701;5;3;23;1;0;0;0;4;4
13;1308;5;6;19;1;0;0;0;5;4
17;1701;5;3;8;1;0;0;0;3;8
17;1701;5;4;21;1;0;2;2;1;4
17;1701;5;3;12;1;0;1;1;1;4
13;1308;5;7;12;1;0;1;1;3;4
17;1701;5;5;0;1;0;0;0;4;4
17;1701;5;4;5;1;0;1;1;2;5
1;0101;5;1;13;1;0;1;1;5;4
17;1701;5;5;6;2;0;1;1;5;4
18;1801;5;3;6;1;0;0;0;3;1
13;1309;5;7;16;1;0;1;1;3;4
17;1701;5;6;1;1;0;0;0;4;1
17;1701;5;4;5;1;0;1;1;3;2
17;1701;5;7;12;1;0;0;0;4;1
17;1701;5;4;9;1;0;0;0;3;7
17;1701;5;5;17;1;0;0;0;3;4
17;1701;5;7;2;1;0;0;0;4;8
1;0101;5;1;23;1;0;1;1;7;4
17;1701;5;4;18;1;0;2;2;8;7
17;1701;5;7;7;1;0;0;0;4;3
17;1701;5;6;1;2;0;0;0;4;2
17;1701;5;5;17;1;0;1;1;8;2
17;1701;5;7;19;2;0;0;0;3;7
17;1701;5;6;17;1;0;1;1;1;4
17;1701;5;5;17;1;0;1;1;3;2
17;1701;5;7;23;1;0;0;0;4;1
17;1701;5;6;1;1;0;0;0;4;3
17;1701;5;7;15;1;0;2;2;3;4
17;1701;5;5;19;1;0;0;0;3;6
17;1701;5;6;7;1;0;0;0;3;7
1;0101;5;1;17;1;0;1;1;7;4
13;1308;5;1;10;1;0;0;0;7;9
17;1701;5;6;19;1;0;2;2;3;7
17;1701;5;4;16;1;0;0;0;3;2
17;1701;5;5;21;1;0;0;0;3;1
13;1308;5;5;13;1;0;1;1;8;4
17;1701;5;5;18;1;0;1;1;1;5
13;1308;5;1;11;1;0;0;0;4;9
13;1308;5;1;15;1;0;0;0;5;4
13;1308;5;1;12;2;0;0;0;3;4
17;1701;5;4;22;1;0;1;1;3;7
17;1701;5;4;13;1;0;2;2;3;4
17;1701;5;5;20;2;0;0;0;8;4
17;1701;5;6;20;1;0;1;1;4;1
17;1701;5;4;18;1;0;2;2;3;1
17;1701;5;5;9;1;0;0;0;3;3
17;1701;5;6;1;1;0;0;0;3;4
17;1701;5;4;8;1;0;0;0;3;4
17;1701;5;6;8;1;0;1;1;4;2
17;1701;5;5;13;1;0;0;0;3;3
17;1701;5;4;13;1;0;0;0;4;3
17;1701;5;7;15;1;0;0;0;3;7
17;1701;5;7;0;2;0;1;1;8;2
17;1701;5;7;11;1;0;1;1;3;7
17;1701;5;7;1;2;0;0;0;8;3
17;1701;5;7;6;1;0;2;2;3;1
17;1701;5;7;1;1;0;0;0;3;4
17;1701;5;7;11;2;0;0;0;3;3
17;1701;5;7;4;1;0;0;0;4;3
17;1701;5;7;0;1;1;0;1;4;3
17;1701;5;7;15;1;0;2;2;4;1
17;1701;5;7;6;1;1;2;3;7;3
17;1701;5;7;9;2;0;0;0;7;1
17;1701;5;3;1;1;0;0;0;3;3
17;1701;5;4;15;1;0;1;1;3;7
17;1701;5;3;19;2;0;0;0;3;2
17;1701;5;3;23;1;0;0;0;3;4
17;1701;5;4;0;1;0;1;1;8;3
1;0101;5;2;13;1;0;1;1;3;4
17;1701;5;3;23;1;0;0;0;8;4
17;1701;5;4;7;1;0;0;0;3;7
17;1701;5;3;13;2;0;5;5;3;4
17;1701;5;3;23;1;0;2;2;3;7
1;0101;5;7;2;1;0;0;0;4;1
1;0101;5;2;17;1;0;1;1;1;4
1;0101;5;2;15;1;0;1;1;2;5
1;0101;5;2;18;1;0;1;1;3;4
1;0101;5;2;17;1;0;1;1;3;4
1;0101;5;3;15;1;0;1;1;3;4
1;0101;5;5;15;1;0;0;0;3;4
18;1801;5;4;11;1;0;1;1;1;5
1;0101;5;5;14;1;0;0;0;3;4
18;1801;5;3;8;1;0;0;0;4;4
18;1801;5;6;14;2;0;1;1;1;3
18;1801;5;5;22;1;0;1;1;7;2
18;1801;5;6;2;1;0;0;0;7;1
1;0101;5;5;15;1;0;2;2;3;4
18;1801;5;4;2;1;0;0;0;7;4
18;1801;5;1;12;1;0;0;0;3;4
18;1801;5;2;19;2;0;0;0;4;4
6;0601;5;4;2;1;1;0;1;4;7
18;1801;5;2;7;1;0;0;0;5;4
18;1801;5;6;8;1;0;0;0;3;7
18;1801;5;1;8;1;0;0;0;3;7
18;1801;5;3;3;1;0;0;0;3;1
1;0101;5;6;7;1;0;2;2;7;4
1;0101;5;4;18;1;0;0;0;4;4
18;1801;5;2;8;1;0;0;0;5;4
18;1801;5;1;17;1;0;1;1;3;7
18;1801;5;6;19;2;0;1;1;3;3
18;1801;5;6;16;2;0;1;1;1;5
18;1801;5;7;2;1;0;0;0;4;1
18;1801;5;6;12;2;0;0;0;4;1
18;1801;5;6;10;2;0;1;1;2;5
18;1801;5;6;9;2;0;1;1;1;4
23;2301;5;4;18;1;0;1;1;3;8
1;0101;5;6;2;1;0;0;0;7;4
1;0101;5;6;20;1;0;2;2;3;7
18;1801;5;5;23;1;1;0;1;4;3
1;0101;5;6;20;1;1;1;2;3;7
18;1801;5;5;19;2;1;0;1;1;3
23;2301;5;1;17;1;0;0;0;7;3
23;2301;5;6;17;1;0;0;0;5;4
23;2301;5;7;9;1;0;2;2;5;8
23;2301;5;7;22;1;0;1;1;3;7
23;2301;5;7;4;2;0;0;0;4;8
23;2301;5;7;22;2;0;1;1;2;3
23;2301;5;6;20;1;0;0;0;3;1
23;2301;5;7;2;1;0;1;1;4;1
23;2301;5;7;0;1;1;1;2;3;7
23;2301;5;5;7;1;0;2;2;3;4
17;1709;5;4;18;1;0;2;2;7;9
23;2301;5;3;4;2;3;29;32;7;8
23;2301;5;3;18;1;0;1;1;3;7
23;2301;5;2;12;1;0;1;1;3;3
23;2301;5;2;19;1;0;2;2;3;4
23;2301;5;3;13;1;0;0;0;3;4
17;1701;5;6;21;2;1;1;2;8;4
17;1701;5;7;23;1;0;0;0;8;7
17;1701;5;7;23;2;0;0;0;4;3
17;1701;5;7;17;1;0;0;0;3;7
17;1701;5;7;15;2;0;0;0;4;8
23;2301;5;5;15;2;0;0;0;7;3
23;2301;5;5;23;1;0;0;0;4;4
23;2301;5;7;2;1;0;0;0;3;3
23;2301;5;6;8;1;0;0;0;3;8
23;2301;5;6;9;1;0;1;1;3;8
23;2301;5;7;14;1;0;2;2;3;7
23;2301;5;7;21;1;0;0;0;3;2
23;2301;5;7;19;1;0;0;0;3;4
23;2301;5;1;8;1;0;1;1;3;7
18;1801;5;5;1;1;0;1;1;7;4
18;1801;5;5;8;1;0;1;1;3;7
18;1801;5;7;22;1;0;2;2;3;7
1;0101;5;1;6;1;0;3;3;3;4
1;0101;5;1;6;2;0;1;1;7;4
1;0101;5;1;11;1;0;1;1;1;4
11;1101;5;1;17;1;0;0;0;3;7
1;0101;5;1;18;1;0;2;2;3;1
1;0110;5;2;17;1;1;0;1;2;5
11;1101;5;2;19;1;0;4;4;4;4
11;1101;5;2;18;1;0;0;0;3;3
11;1101;5;6;15;2;0;1;1;1;4
11;1101;5;6;21;1;0;1;1;3;1
11;1101;5;5;12;1;0;0;0;3;4
11;1101;5;6;18;1;0;0;0;4;4
17;1701;5;3;19;1;0;1;1;1;5
11;1101;5;6;0;1;0;0;0;4;4
17;1701;5;2;23;2;0;0;0;8;7
11;1101;5;7;10;1;0;0;0;3;7
17;1701;5;1;6;1;0;1;1;1;5
11;1101;5;7;15;1;0;0;0;3;7
11;1101;5;2;19;1;0;1;1;3;1
17;1701;5;1;14;1;0;1;1;1;1
17;1701;5;1;13;2;0;0;0;3;1
17;1701;5;1;13;1;0;0;0;3;4
17;1701;5;1;18;2;0;0;0;3;2
17;1701;5;1;19;1;0;1;1;3;2
17;1701;5;1;7;1;0;0;0;3;4
17;1701;5;1;6;1;0;0;0;4;3
17;1701;5;1;13;1;0;1;1;4;1
17;1701;5;2;20;2;0;0;0;8;2
17;1701;5;2;19;2;0;1;1;1;5
17;1701;5;2;18;2;0;1;1;3;7
17;1701;5;2;20;1;0;2;2;3;7
17;1701;5;2;0;1;0;0;0;3;1
17;1701;5;2;11;1;0;0;0;3;4
17;1701;5;2;11;1;0;0;0;3;4
17;1701;5;2;14;2;0;1;1;3;3
17;1701;5;3;9;2;0;0;0;8;2
17;1701;5;3;18;1;0;0;0;3;3
18;1801;5;7;17;2;0;0;0;3;7
17;1701;5;3;17;1;0;0;0;3;7
18;1801;5;7;11;1;0;0;0;3;4
17;1701;5;3;14;1;0;0;0;4;8
17;1701;5;3;23;1;0;0;0;4;8
18;1801;5;7;21;2;0;1;1;1;3
17;1701;5;3;3;1;0;1;1;4;4
18;1801;5;6;5;1;0;0;0;4;3
18;1801;5;7;4;2;0;1;1;7;3
18;1801;5;6;16;2;0;0;0;3;7
18;1801;5;3;17;2;0;1;1;1;3
18;1801;5;2;8;2;0;1;1;1;4
1;0101;5;3;20;1;0;0;0;3;1
18;1801;5;1;6;1;0;0;0;3;7
17;1701;5;4;21;1;0;1;1;1;5
1;0101;5;3;18;2;0;4;4;1;4
17;1701;5;4;16;1;0;1;1;1;5
1;0101;5;4;18;1;0;1;1;3;1
1;0101;5;4;21;2;0;1;1;7;1
18;1801;5;7;1;1;0;0;0;4;3
1;0101;5;5;8;1;0;0;0;5;4
18;1801;5;3;19;2;0;1;1;1;3
18;1801;5;4;16;1;0;1;1;3;4
23;2301;5;4;14;1;0;0;0;3;7
23;2301;5;6;3;1;0;0;0;3;4
23;2301;5;5;14;1;0;1;1;2;5
23;2301;5;6;16;1;0;2;2;7;2
23;2301;5;7;10;1;0;1;1;3;7
23;2301;5;6;21;2;0;0;0;1;4
23;2301;5;6;16;1;0;0;0;1;4
17;1701;5;4;14;1;0;1;1;3;2
10;1006;5;5;10;2;0;1;1;3;3
10;1001;5;4;19;1;0;1;1;1;4
18;1801;5;5;23;1;0;1;1;3;7
17;1701;5;4;19;1;0;2;2;3;2
17;1701;5;4;8;1;0;0;0;3;3
23;2301;5;7;19;1;0;0;0;3;7
23;2301;5;4;19;1;0;1;1;5;2
17;1701;5;4;6;2;0;0;0;3;1
17;1701;5;4;12;1;0;0;0;3;4
17;1701;5;4;3;2;0;0;0;4;4
18;1801;5;1;22;2;0;1;1;4;1
18;1801;5;1;19;2;0;0;0;3;1
18;1801;5;1;13;2;0;1;1;1;4
1;0101;5;5;17;2;0;0;0;4;4
18;1801;5;5;17;1;0;0;0;3;4
18;1801;5;4;10;2;0;1;1;3;4
18;1801;5;5;22;1;0;1;1;3;7
1;0101;5;5;18;1;0;0;0;7;4
1;0101;5;4;18;2;0;2;2;5;4
10;1001;5;4;18;1;0;1;1;3;4
10;1001;5;5;11;1;0;1;1;3;4
10;1006;5;4;16;2;0;0;0;1;4
1;0101;5;4;19;1;0;4;4;3;4
10;1001;5;6;13;1;0;0;0;3;4
10;1001;5;7;7;1;0;0;0;3;3
10;1001;5;7;11;1;0;1;1;4;1
10;1006;5;7;15;2;1;0;1;7;3
10;1001;5;3;16;1;0;1;1;3;3
1;0101;5;3;11;1;0;1;1;1;4
10;1001;5;1;10;1;0;1;1;3;3
1;0101;5;6;3;1;0;0;0;4;4
1;0101;5;7;0;2;0;1;1;7;1
10;1001;5;6;17;1;0;1;1;3;7
10;1001;5;5;11;1;0;1;1;3;4
17;1701;5;4;2;2;0;0;0;4;4
17;1701;5;4;11;1;0;0;0;4;3
17;1701;5;4;11;1;0;1;1;7;3
17;1701;5;4;6;1;0;1;1;7;8
6;0601;5;5;7;2;1;0;1;1;7
18;1801;5;5;12;1;0;1;1;3;7
14;1411;5;5;10;1;1;1;2;3;7
18;1801;5;6;3;2;0;0;0;7;3
6;0601;5;4;13;1;0;1;1;1;7
18;1801;5;1;10;2;0;1;1;3;2
6;0601;5;7;9;1;0;1;1;1;7
17;1701;5;5;7;2;0;1;1;3;7
17;1701;5;5;10;1;0;1;1;3;7
13;1301;5;1;10;1;0;0;0;3;4
13;1301;5;3;16;1;0;2;2;5;4
17;1701;5;5;13;2;0;0;0;5;4
10;1003;5;7;14;1;0;1;1;1;7
17;1701;5;5;11;2;0;0;0;8;4
13;1301;5;1;7;1;0;0;0;3;3
17;1701;5;5;4;1;0;0;0;4;4
17;1701;5;5;7;2;0;0;0;3;7
10;1003;5;6;15;2;0;3;3;3;4
17;1701;5;6;7;1;0;2;2;8;3
13;1301;5;2;14;1;0;0;0;3;7
17;1701;5;5;9;2;0;1;1;1;4
17;1701;5;6;18;1;1;0;1;8;3
17;1701;5;5;7;1;0;0;0;8;7
17;1701;5;5;21;1;0;0;0;4;1
17;1701;5;6;21;1;0;2;2;8;3
17;1701;5;5;5;1;0;0;0;4;3
17;1701;5;5;14;1;0;1;1;1;5
17;1701;5;5;10;1;0;1;1;1;5
13;1301;5;3;15;1;0;0;0;3;3
17;1701;5;6;17;2;0;1;1;1;5
18;1801;5;7;1;2;0;0;0;4;1
17;1701;5;5;14;1;0;2;2;3;3
17;1701;5;6;15;1;0;1;1;1;5
17;1701;5;5;20;1;0;1;1;7;3
18;1801;5;5;6;1;0;0;0;4;3
10;1002;5;2;16;1;0;0;0;5;7
17;1701;5;6;19;1;0;1;1;1;5
13;1301;5;6;22;1;0;0;0;3;7
17;1701;5;1;0;1;1;0;1;4;3
17;1701;5;1;6;1;0;0;0;3;4
17;1701;5;6;17;2;0;1;1;3;7
18;1801;5;6;17;1;0;0;0;8;10
17;1701;5;7;1;2;0;0;0;3;1
17;1701;5;7;8;1;1;0;1;1;5
17;1701;5;6;17;1;0;1;1;3;2
18;1801;5;3;13;2;0;0;0;3;2
17;1701;5;7;13;2;0;1;1;7;6
17;1701;5;6;20;1;0;0;0;3;1
17;1701;5;7;6;2;0;0;0;4;3
17;1701;5;6;21;1;0;0;0;3;7
17;1701;5;7;4;2;0;0;0;4;3
17;1701;5;6;9;1;0;0;0;3;4
17;1701;5;7;7;2;0;0;0;3;4
17;1701;5;6;15;2;0;0;0;3;2
17;1701;5;7;4;1;0;0;0;4;4
17;1701;5;6;6;2;0;0;0;4;8
1;0101;5;4;18;1;0;0;0;3;4
17;1701;5;6;22;1;0;0;0;4;4
1;0101;5;1;16;1;0;1;1;3;4
17;1701;5;6;5;2;0;0;0;4;4
17;1701;5;6;16;1;0;0;0;4;2
1;0101;5;2;12;1;0;1;1;3;4
17;1701;5;6;5;1;0;0;0;4;4
18;1801;5;2;15;1;0;1;1;1;5
18;1801;5;7;13;1;0;0;0;3;7
18;1801;5;5;10;1;0;0;0;3;7
1;0101;5;2;18;1;0;0;0;3;4
1;0101;5;2;20;1;0;0;0;4;4
18;1801;5;2;11;2;0;0;0;3;7
1;0101;5;3;2;1;0;1;1;7;4
18;1801;5;3;10;1;0;1;1;5;6
10;1002;5;4;14;1;1;1;2;7;4
1;0101;5;3;18;1;0;1;1;3;4
18;1801;5;2;5;1;0;0;0;3;10
1;0101;5;3;8;1;0;0;0;3;7
1;0101;5;3;21;1;0;1;1;3;4
1;0101;5;3;7;1;0;2;2;3;1
1;0101;5;4;7;1;0;0;0;3;7
1;0101;5;5;7;1;0;1;1;3;4
1;0101;5;3;17;1;0;1;1;3;4
1;0101;5;4;13;1;0;2;2;3;2
11;1101;5;5;14;1;0;1;1;3;4
1;0101;5;4;21;1;0;1;1;3;7
1;0101;5;5;16;1;0;1;1;3;1
11;1101;5;4;20;1;0;0;0;3;7
1;0101;5;6;0;1;0;2;2;7;4
11;1101;5;5;1;1;1;0;1;7;3
11;1101;5;5;5;1;0;0;0;3;4
10;1004;5;2;13;1;0;0;0;1;7
1;0101;5;5;8;1;0;0;0;5;4
11;1101;5;6;2;1;0;0;0;7;4
19;1901;5;5;15;1;0;1;1;3;4
1;0101;5;6;15;1;0;1;1;1;4
11;1101;5;6;4;1;0;0;0;4;4
11;1101;5;7;5;1;0;0;0;3;1
1;0101;5;6;16;2;0;1;1;3;1
11;1101;5;7;5;1;0;0;0;8;4
11;1101;5;7;5;1;0;0;0;4;1
11;1101;5;7;1;1;0;0;0;3;1
11;1101;5;2;7;1;0;0;0;3;9
11;1101;5;3;21;1;0;0;0;3;7
1;0101;5;6;22;1;0;1;1;3;1
1;0101;5;1;2;1;0;0;0;7;4
1;0101;5;1;21;1;0;0;0;4;1
1;0101;5;2;7;1;0;3;3;3;4
17;1701;5;7;1;1;0;2;2;4;3
17;1701;5;2;11;1;0;1;1;3;4
17;1701;5;1;14;1;0;1;1;1;4
17;1701;5;1;23;1;0;1;1;3;4
17;1701;5;1;17;1;0;0;0;3;1
17;1701;5;1;15;1;0;1;1;3;7
17;1701;5;1;7;2;0;1;1;3;2
17;1701;5;1;16;1;0;2;2;4;2
17;1701;5;1;6;1;0;0;0;4;6
17;1701;5;1;14;2;0;0;0;7;4
17;1701;5;2;10;2;0;0;0;8;6
17;1701;5;2;12;1;0;1;1;1;5
17;1701;5;2;10;1;0;1;1;3;2
17;1701;5;2;16;1;0;0;0;3;4
17;1701;5;2;16;1;0;0;0;3;7
17;1701;5;2;19;1;0;1;1;3;7
17;1701;5;2;7;1;0;0;0;3;7
17;1701;5;2;6;1;0;0;0;3;4
17;1701;5;2;20;1;0;0;0;3;7
17;1701;5;2;16;1;0;0;0;3;4
17;1701;5;2;16;1;0;0;0;3;4
17;1701;5;2;10;2;0;1;1;4;3
17;1701;5;2;18;2;1;0;1;7;3
17;1701;5;3;0;1;0;0;0;8;7
17;1701;5;3;17;1;1;0;1;1;5
17;1701;5;3;18;1;0;1;1;1;5
17;1701;5;3;10;1;0;1;1;3;2
17;1701;5;3;16;1;0;0;0;3;2
17;1701;5;3;14;1;0;2;2;3;3
17;1701;5;3;20;1;0;0;0;4;3
17;1701;5;3;14;1;0;0;0;4;3
17;1701;5;3;22;1;0;0;0;4;1
17;1701;5;4;20;2;1;1;2;1;5
17;1701;5;4;12;2;0;2;2;1;4
17;1701;5;4;17;1;0;1;1;1;5
17;1701;5;4;15;1;0;0;0;3;2
17;1701;5;4;14;2;0;3;3;3;7
17;1701;5;4;14;2;0;0;0;5;2
17;1701;5;5;0;1;1;0;1;8;7
17;1701;5;5;20;1;0;0;0;8;7
17;1701;5;5;17;1;1;0;1;1;5
17;1701;5;5;19;1;0;1;1;1;4
17;1701;5;5;14;1;0;0;0;3;2
17;1701;5;5;7;1;0;1;1;3;7
17;1701;5;5;20;2;0;1;1;3;7
17;1701;5;5;1;1;0;1;1;3;1
17;1701;5;5;18;1;0;1;1;3;7
17;1701;5;5;21;1;0;0;0;3;2
17;1701;5;5;8;2;0;0;0;4;6
17;1701;5;5;13;1;0;0;0;4;2
18;1801;5;4;5;1;0;1;1;7;1
13;1301;5;6;23;1;0;1;1;3;4
13;1301;5;1;8;1;0;1;1;3;7
17;1701;5;5;7;2;0;2;2;3;7
17;1701;5;5;16;1;0;1;1;3;7
5;0501;5;3;18;2;0;1;1;3;3
17;1701;5;7;5;1;0;0;0;8;1
17;1701;5;7;7;1;0;1;1;8;1
17;1701;5;7;16;2;0;3;3;8;4
17;1701;5;6;18;1;0;1;1;1;4
13;1301;5;6;12;1;0;1;1;6;7
17;1701;5;6;17;2;0;1;1;8;3
17;1701;5;7;7;1;0;2;2;1;5
17;1701;5;7;19;1;0;1;1;3;1
17;1701;5;6;21;1;0;0;0;4;3
17;1701;5;6;21;1;0;0;0;5;1
17;1701;5;7;23;1;0;0;0;3;3
17;1701;5;6;23;1;1;0;1;3;1
17;1701;5;6;9;2;0;1;1;8;2
17;1701;5;6;22;1;0;1;1;4;2
17;1701;5;6;10;1;0;0;0;8;7
17;1701;5;6;16;1;0;0;0;3;2
17;1701;5;7;2;1;0;1;1;3;7
5;0501;5;5;1;1;0;0;0;7;3
17;1701;5;7;4;2;0;1;1;7;6
5;0501;5;4;12;2;1;0;1;4;4
17;1701;5;7;6;1;0;1;1;7;3
17;1701;5;7;19;1;0;0;0;4;1
13;1301;5;1;19;1;0;0;0;3;7
13;1301;5;7;7;1;0;0;0;3;3
5;0501;5;5;16;2;0;0;0;7;3
1;0101;5;6;9;1;0;1;1;3;4
5;0501;5;5;16;1;0;0;0;3;4
1;0101;5;2;16;1;0;2;2;1;4
8;0801;5;5;22;1;0;0;0;4;1
1;0101;5;2;18;2;0;1;1;3;4
8;0801;5;4;10;2;0;1;1;1;3
10;1001;5;5;10;1;0;2;2;3;4
1;0101;5;3;10;1;0;2;2;4;4
10;1001;5;7;16;2;0;1;1;1;4
10;1001;5;7;9;2;0;0;0;7;3
1;0101;5;3;12;1;0;1;1;3;4
10;1001;5;4;4;2;0;1;1;3;7
1;0101;5;3;17;1;0;1;1;7;9
10;1003;5;3;18;1;0;0;0;4;4
1;0101;5;4;13;1;0;0;0;7;4
18;1801;5;3;16;2;0;0;0;3;4
1;0101;5;4;4;2;0;0;0;4;4
18;1801;5;4;16;1;0;0;0;3;1
18;1801;5;5;14;2;0;0;0;5;4
1;0101;5;4;9;1;0;1;1;3;4
8;0801;5;6;13;1;0;0;0;3;7
9;0907;5;6;19;1;0;1;1;2;9
1;0101;5;4;17;1;0;1;1;3;4
8;0801;5;4;21;1;0;2;2;3;7
9;0907;5;5;17;1;0;1;1;2;9
9;0907;5;7;2;1;0;0;0;3;7
9;0907;5;2;1;1;0;2;2;3;4
5;0501;5;6;22;1;0;0;0;4;3
5;0501;5;6;23;1;0;0;0;7;3
5;0501;5;7;2;1;0;2;2;7;3
5;0501;5;7;21;1;0;1;1;3;3
5;0501;5;1;20;2;0;0;0;7;4
9;0907;5;1;12;1;0;0;0;2;9
9;0907;5;2;10;1;0;0;0;5;4
5;0501;5;2;8;1;0;0;0;3;3
5;0501;5;2;10;2;0;0;0;7;3
5;0501;5;2;5;2;0;1;1;4;3
5;0501;5;2;9;1;0;0;0;3;3
17;1701;5;3;13;2;0;0;0;7;3
5;0501;5;4;8;2;0;0;0;3;3
5;0504;5;3;21;1;0;0;0;7;3
5;0501;5;4;19;2;0;0;0;7;3
5;0501;5;5;7;1;0;0;0;3;4
5;0501;5;5;12;2;0;0;0;7;3
18;1801;5;5;19;2;0;1;1;4;1
18;1801;5;7;20;2;0;1;1;1;4
11;1101;5;4;14;1;0;0;0;3;7
11;1101;5;4;19;1;0;0;0;3;1
1;0101;5;4;22;1;0;0;0;3;7
1;0101;5;5;17;1;0;2;2;3;4
11;1101;5;5;10;1;0;1;1;4;4
1;0101;5;5;17;1;0;2;2;1;1
17;1701;5;2;12;1;0;1;1;1;4
1;0101;5;5;21;2;0;1;1;3;1
17;1701;5;2;7;2;0;1;1;3;2
17;1701;5;3;1;1;0;0;0;4;3
17;1701;5;3;20;2;0;0;0;4;7
17;1701;5;5;7;2;0;0;0;3;2
17;1701;5;5;6;1;0;0;0;4;7
1;0101;5;5;22;1;0;0;0;3;1
17;1701;5;5;7;1;0;1;1;7;3
17;1701;5;5;5;1;0;0;0;8;7
17;1701;5;7;11;1;0;0;0;3;7
17;1701;5;5;6;1;0;2;2;3;2
17;1701;5;7;18;2;0;0;0;3;2
17;1701;5;5;9;1;0;0;0;3;4
17;1701;5;1;16;1;0;1;1;1;5
17;1701;5;5;12;1;0;2;2;1;4
17;1701;5;5;15;1;0;1;1;7;2
17;1701;5;1;18;2;0;1;1;1;5
17;1701;5;5;7;1;0;1;1;3;2
17;1701;5;1;13;1;0;2;2;3;2
17;1701;5;5;16;2;0;1;1;3;7
17;1701;5;1;14;1;0;1;1;3;7
17;1701;5;5;23;1;0;0;0;4;7
17;1701;5;1;19;1;0;0;0;3;8
17;1701;5;5;22;1;0;0;0;3;1
17;1701;5;1;12;1;0;0;0;3;1
17;1701;5;4;11;2;0;0;0;3;2
17;1701;5;1;15;1;0;0;0;4;3
17;1701;5;4;6;1;0;0;0;3;2
17;1701;5;1;10;1;0;1;1;7;7
17;1701;5;1;3;2;0;1;1;7;3
17;1701;5;2;0;2;1;0;1;7;3
17;1701;5;2;7;2;0;1;1;8;3
17;1701;5;2;22;2;0;2;2;8;2
17;1701;5;2;19;1;0;0;0;3;7
17;1701;5;2;20;2;0;0;0;3;1
17;1701;5;2;14;1;0;0;0;3;1
17;1701;5;2;12;1;0;1;1;3;7
17;1701;5;2;6;1;0;0;0;3;4
17;1701;5;2;14;1;0;0;0;4;2
17;1701;5;2;1;1;0;1;1;6;3
17;1701;5;4;16;1;0;0;0;3;4
17;1701;5;4;20;2;0;0;0;4;2
17;1701;5;4;10;1;1;0;1;7;3
17;1701;5;4;16;1;0;1;1;3;2
17;1701;5;4;18;1;0;0;0;3;1
8;0801;5;1;11;1;0;1;1;3;7
17;1701;5;4;22;1;0;2;2;1;1
17;1701;5;4;19;1;0;0;0;3;1
17;1701;5;4;9;2;0;1;1;1;5
8;0801;5;2;17;2;1;3;4;3;3
17;1701;5;3;11;1;0;1;1;1;5
23;2301;5;6;15;1;0;2;2;3;7
17;1701;5;3;18;1;0;1;1;1;1
23;2301;5;7;16;2;1;0;1;3;3
17;1701;5;3;10;2;0;1;1;7;3
8;0801;5;7;4;1;0;0;0;4;1
17;1701;5;3;10;1;0;0;0;3;4
17;1701;5;3;15;1;0;0;0;3;4
17;1701;5;3;15;1;0;1;1;1;5
8;0801;5;5;8;1;0;2;2;7;3
23;2301;5;7;8;1;0;1;1;5;4
8;0805;5;4;16;2;0;1;1;3;3
23;2301;5;1;14;2;0;1;1;3;4
8;0801;5;2;19;1;0;0;0;3;7
8;0801;5;4;6;1;0;1;1;1;3
5;0501;5;6;5;1;0;0;0;1;3
5;0501;5;6;7;1;0;0;0;7;3
23;2301;5;1;11;1;0;0;0;3;7
23;2301;5;1;11;1;0;1;1;3;7
5;0501;5;6;18;1;0;1;1;4;3
23;2301;5;2;16;1;0;1;1;8;9
5;0501;5;7;2;2;1;0;1;7;3
23;2301;5;3;18;1;0;0;0;8;6
23;2301;5;3;18;1;0;0;0;8;6
5;0501;5;7;4;1;0;0;0;7;3
23;2301;5;4;19;1;0;0;0;7;3
17;1703;5;7;14;2;0;0;0;7;3
5;0501;5;7;21;1;0;0;0;7;3
23;2301;5;4;16;1;0;0;0;4;4
5;0501;5;1;22;1;1;0;1;1;3
23;2301;5;4;15;1;0;1;1;3;3
23;2301;5;4;22;1;0;0;0;3;4
5;0501;5;2;11;1;0;1;1;7;3
8;0805;5;7;22;2;0;0;0;3;4
23;2301;5;4;21;1;0;2;2;3;1
5;0501;5;3;21;2;0;2;2;3;4
23;2301;5;5;15;1;0;1;1;7;4
5;0501;5;5;7;1;0;0;0;3;4
23;2301;5;5;22;1;0;1;1;1;4
5;0501;5;5;9;1;0;1;1;6;4
5;0501;5;5;19;1;0;0;0;3;4
5;0501;5;7;4;2;0;1;1;7;3
5;0501;5;7;11;2;1;1;2;4;4
5;0501;5;1;3;2;0;0;0;7;3
5;0501;5;3;16;2;0;2;2;4;4
5;0501;5;3;19;2;0;0;0;4;4
5;0501;5;4;4;1;1;0;1;1;4
5;0501;5;5;1;1;0;0;0;7;3
5;0501;5;5;2;1;0;3;3;7;3
5;0501;5;6;8;1;0;0;0;7;3
5;0501;5;6;10;2;0;0;0;7;3
5;0501;5;7;4;2;0;1;1;7;3
5;0501;5;3;17;1;0;1;1;3;4
5;0501;5;4;6;2;0;0;0;3;4
5;0501;5;4;21;2;0;0;0;3;4
5;0501;5;5;7;1;0;1;1;3;4
5;0504;5;5;19;1;0;0;0;3;4
17;1701;5;2;16;2;0;5;5;7;3
17;1701;5;5;20;1;0;3;3;3;7
12;1201;5;3;10;1;1;0;1;3;4
17;1701;5;5;16;1;0;0;0;3;4
12;1201;5;6;20;1;0;0;0;3;7
17;1701;5;5;4;1;1;0;1;7;3
12;1201;5;6;23;1;0;0;0;2;9
12;1201;5;7;19;1;0;0;0;4;9
12;1201;5;1;4;1;1;0;1;4;3
12;1201;5;4;11;2;0;0;0;7;4
12;1201;5;6;21;1;0;0;0;3;4
12;1201;5;5;14;1;0;0;0;3;4
7;0701;5;5;6;1;0;1;1;3;2
7;0701;5;5;20;1;1;0;1;1;3
7;0701;5;3;7;1;0;2;2;3;3
7;0701;5;7;18;1;0;4;4;3;6
7;0701;5;7;21;1;0;2;2;3;1
7;0701;5;7;21;1;0;5;5;3;1
7;0701;5;2;16;1;0;0;0;5;4
18;1801;5;3;6;2;0;0;0;3;7
7;0701;5;2;20;1;0;1;1;1;3
7;0701;5;5;16;1;0;2;2;4;3
18;1801;5;2;17;1;0;0;0;3;4
18;1801;5;4;13;1;0;1;1;3;4
18;1801;5;7;2;1;0;0;0;4;1
7;0701;5;3;5;1;0;2;2;7;3
7;0701;5;6;8;1;0;1;1;2;4
7;0701;5;5;18;1;0;1;1;3;4
9;0901;5;3;3;1;0;0;0;7;6
9;0901;5;3;6;1;0;1;1;3;3
9;0901;5;3;8;1;0;1;1;3;3
9;0901;5;3;11;1;0;0;0;3;2
9;0901;5;3;14;1;0;1;1;7;3
9;0901;5;3;10;1;0;0;0;3;3
9;0901;5;3;14;1;0;1;1;7;3
9;0901;5;3;18;1;0;1;1;1;7
9;0901;5;3;14;1;0;2;2;3;4
9;0901;5;3;16;1;0;2;2;3;7
9;0901;5;3;15;1;0;1;1;3;7
9;0901;5;3;19;1;0;0;0;3;4
9;0901;5;3;19;1;0;2;2;5;2
9;0901;5;4;1;1;0;0;0;3;7
9;0901;5;4;5;1;0;1;1;7;3
9;0901;5;4;7;1;0;1;1;1;7
9;0901;5;4;9;1;0;2;2;3;3
9;0901;5;4;11;1;0;1;1;3;2
9;0901;5;4;10;1;0;1;1;3;2
9;0901;5;4;10;1;0;2;2;1;9
9;0901;5;4;12;1;0;2;2;7;3
9;0901;5;4;19;1;0;1;1;3;2
9;0901;5;4;22;1;0;1;1;1;3
9;0901;5;5;0;1;0;1;1;1;3
9;0901;5;5;1;1;0;1;1;7;3
9;0901;5;5;6;1;0;2;2;3;7
9;0901;5;5;8;1;0;1;1;1;3
9;0901;5;5;5;1;0;0;0;4;3
9;0901;5;5;13;1;0;2;2;3;7
9;0901;5;5;14;1;0;2;2;3;7
9;0901;5;5;18;1;0;2;2;1;7
9;0901;5;5;16;1;0;1;1;3;3
9;0901;5;5;21;1;0;2;2;4;4
9;0901;5;5;16;1;0;2;2;3;7
9;0901;5;5;23;1;0;1;1;4;1
9;0901;5;5;21;1;0;1;1;7;3
9;0901;5;6;1;1;0;2;2;3;7
9;0901;5;6;0;1;0;0;0;7;1
9;0901;5;6;9;1;0;1;1;1;7
9;0901;5;6;6;1;0;1;1;3;7
9;0901;5;6;10;1;0;0;0;3;7
9;0901;5;6;9;1;0;0;0;7;3
9;0901;5;6;14;1;0;1;1;1;4
9;0901;5;6;13;1;0;1;1;1;5
9;0901;5;6;14;1;0;1;1;1;4
9;0901;5;6;10;1;0;2;2;7;3
9;0901;5;6;15;1;0;0;0;1;7
9;0901;5;6;20;1;0;1;1;7;3
9;0901;5;6;20;1;0;2;2;1;3
9;0901;5;6;20;1;0;1;1;1;3
9;0901;5;6;17;1;0;3;3;3;7
9;0901;5;6;22;1;0;3;3;3;7
9;0901;5;6;20;1;0;1;1;3;4
9;0901;5;6;23;1;0;1;1;1;4
9;0901;5;6;23;1;0;0;0;4;3
9;0901;5;6;23;1;0;0;0;3;6
9;0901;5;6;23;1;0;1;1;7;3
9;0901;5;6;20;1;0;2;2;4;1
9;0901;5;7;5;1;0;0;0;7;6
9;0901;5;7;5;1;0;0;0;7;6
9;0901;5;7;8;1;0;1;1;7;3
9;0901;5;7;4;1;1;1;2;3;4
9;0901;5;7;1;1;0;2;2;4;3
9;0901;5;7;3;1;0;3;3;3;4
9;0901;5;7;4;1;0;3;3;1;5
9;0901;5;7;14;1;0;1;1;3;3
9;0901;5;7;6;1;0;3;3;7;3
9;0901;5;7;7;1;0;1;1;7;3
9;0901;5;7;12;1;0;0;0;3;4
9;0901;5;7;11;1;0;3;3;1;5
9;0901;5;7;14;1;0;0;0;3;3
9;0901;5;7;5;1;0;1;1;4;3
9;0901;5;7;12;1;0;1;1;5;4
9;0901;5;7;17;1;0;1;1;3;7
9;0901;5;7;21;1;0;1;1;7;3
9;0901;5;7;17;1;0;1;1;6;3
9;0901;5;7;20;1;0;0;0;3;7
9;0901;5;7;14;1;0;1;1;1;3
9;0901;5;7;16;1;0;3;3;1;1
9;0901;5;7;14;1;0;1;1;7;3
9;0901;5;1;3;1;0;2;2;3;7
9;0901;5;1;6;1;0;0;0;3;4
9;0901;5;1;9;1;0;1;1;1;3
9;0901;5;1;13;1;0;1;1;3;3
9;0901;5;1;15;1;0;2;2;3;3
9;0901;5;1;14;1;0;2;2;1;3
9;0901;5;1;14;1;0;1;1;4;3
9;0901;5;1;17;1;0;1;1;3;3
9;0901;5;1;18;1;0;4;4;3;3
9;0901;5;1;19;1;0;0;0;3;7
9;0901;5;1;18;1;1;2;3;3;3
9;0901;5;2;8;1;0;5;5;3;3
9;0901;5;2;9;1;0;1;1;3;3
9;0901;5;2;11;1;0;1;1;7;3
9;0901;5;2;15;1;0;2;2;4;7
9;0901;5;2;15;1;0;1;1;7;3
9;0901;5;2;17;1;0;0;0;3;4
9;0901;5;2;21;1;0;1;1;1;3
9;0901;5;2;20;1;0;0;0;7;3
9;0901;5;2;23;1;0;2;2;3;7
9;0901;5;3;7;1;0;2;2;3;3
9;0901;5;3;7;1;0;1;1;7;10
9;0901;5;3;10;1;0;1;1;1;4
9;0901;5;3;12;1;0;1;1;3;7
9;0901;5;3;13;1;0;0;0;5;1
9;0901;5;3;8;1;0;1;1;1;3
9;0901;5;3;14;1;0;1;1;3;3
9;0901;5;3;16;1;0;0;0;3;7
9;0901;5;3;17;1;0;1;1;7;3
9;0901;5;3;17;1;0;2;2;3;7
9;0901;5;3;22;1;0;1;1;3;7
9;0901;5;3;23;1;0;0;0;3;3
9;0901;5;4;2;1;0;0;0;7;3
9;0901;5;4;6;1;0;1;1;3;3
9;0901;5;4;6;1;0;1;1;7;2
9;0901;5;4;4;1;0;0;0;7;3
9;0901;5;4;6;1;0;1;1;4;3
9;0901;5;4;1;1;0;2;2;4;3
9;0901;5;4;5;1;0;1;1;7;8
9;0901;5;4;12;1;0;1;1;3;4
9;0901;5;4;9;1;0;1;1;5;4
9;0901;5;4;14;1;0;0;0;1;3
9;0901;5;4;13;1;0;2;2;5;4
9;0901;5;4;16;1;0;0;0;4;3
9;0901;5;4;13;1;0;2;2;1;5
9;0901;5;4;17;1;0;0;0;7;3
9;0901;5;4;13;1;0;1;1;3;4
9;0901;5;4;16;1;0;2;2;3;7
9;0901;5;4;19;1;0;1;1;3;4
9;0901;5;4;16;1;0;1;1;3;3
9;0901;5;4;19;1;0;2;2;3;7
9;0901;5;4;23;1;0;1;1;3;4
9;0901;5;5;7;1;0;1;1;7;3
9;0901;5;5;9;1;0;1;1;3;4
9;0901;5;5;10;1;1;0;1;1;3
9;0901;5;5;11;1;0;0;0;3;7
9;0901;5;5;12;1;0;1;1;1;4
9;0901;5;5;6;1;0;1;1;1;3
9;0901;5;5;13;1;0;0;0;5;3
9;0901;5;5;13;1;0;2;2;5;2
9;0901;5;5;3;1;1;0;1;1;3
9;0901;5;5;21;1;0;1;1;3;3
9;0901;5;5;18;1;0;1;1;3;3
9;0901;5;5;19;1;0;0;0;3;3
9;0901;5;5;11;1;0;1;1;1;3
9;0901;5;5;16;1;0;0;0;5;3
9;0901;5;5;23;1;0;0;0;5;3
9;0901;5;6;8;1;0;1;1;7;3
9;0901;5;6;4;1;0;1;1;4;3
9;0901;5;6;7;1;1;0;1;1;5
9;0901;5;6;5;1;0;1;1;7;3
9;0901;5;6;8;1;0;1;1;7;6
9;0901;5;6;5;1;0;0;0;8;10
9;0901;5;6;8;1;0;2;2;3;7
9;0901;5;6;9;1;0;1;1;3;4
9;0901;5;6;9;1;0;3;3;3;7
9;0901;5;6;11;1;0;2;2;7;1
9;0901;5;6;12;1;0;0;0;3;3
9;0901;5;6;17;1;0;2;2;3;10
9;0901;5;6;20;1;0;1;1;1;4
9;0901;5;6;14;1;0;1;1;1;3
9;0901;5;6;19;1;0;1;1;1;3
9;0901;5;6;20;1;1;0;1;1;3
9;0901;5;6;17;1;0;2;2;7;3
9;0901;5;6;22;1;0;1;1;1;3
9;0901;5;6;11;1;0;1;1;7;3
9;0901;5;6;22;1;0;1;1;1;3
9;0901;5;6;16;1;0;4;4;3;4
9;0901;5;6;23;1;0;1;1;3;3
9;0901;5;7;2;1;0;0;0;4;7
9;0901;5;7;5;1;1;0;1;7;3
9;0901;5;7;3;1;0;0;0;5;1
9;0901;5;7;6;1;0;0;0;3;8
9;0901;5;7;7;1;0;2;2;3;1
9;0901;5;7;1;1;0;1;1;7;3
9;0901;5;7;2;1;2;0;2;3;3
9;0901;5;7;6;1;0;1;1;7;3
9;0901;5;7;5;1;0;3;3;3;1
9;0901;5;7;5;1;0;1;1;1;3
9;0901;5;7;13;1;0;2;2;7;3
9;0901;5;7;18;1;0;1;1;3;3
9;0901;5;7;14;1;0;1;1;1;3
9;0901;5;7;4;1;0;0;0;7;3
9;0901;5;7;14;1;0;2;2;3;3
9;0901;5;7;15;1;0;1;1;3;7
9;0901;5;7;18;1;0;1;1;3;3
9;0901;5;7;23;1;0;1;1;7;3
9;0901;5;7;16;1;0;1;1;7;3
9;0901;5;7;22;1;0;1;1;7;3
9;0901;5;7;21;1;0;1;1;7;3
9;0901;5;1;0;1;0;1;1;7;3
9;0901;5;1;2;1;0;3;3;3;7
9;0901;5;1;3;1;1;0;1;7;3
9;0901;5;1;5;1;0;1;1;7;3
9;0901;5;1;6;1;0;1;1;7;4
9;0901;5;1;2;1;0;1;1;6;3
9;0901;5;1;7;1;0;1;1;1;4
9;0901;5;1;10;1;0;1;1;2;3
9;0901;5;1;6;1;0;1;1;3;4
9;0901;5;1;12;1;0;2;2;1;3
9;0901;5;1;13;1;0;2;2;1;4
9;0901;5;1;6;1;0;3;3;1;3
9;0901;5;1;15;1;0;2;2;4;4
9;0901;5;1;18;1;0;0;0;3;3
9;0901;5;1;15;1;0;1;1;3;3
9;0901;5;1;17;1;0;1;1;1;7
9;0901;5;2;8;1;0;1;1;2;4
9;0901;5;2;7;1;0;1;1;1;3
9;0901;5;2;8;1;0;1;1;7;3
9;0901;5;2;10;1;0;1;1;1;3
9;0901;5;2;10;1;0;1;1;3;3
9;0901;5;2;13;1;0;1;1;1;4
9;0901;5;2;9;1;0;0;0;3;2
9;0901;5;2;11;1;0;1;1;1;4
9;0901;5;2;12;1;0;6;6;3;7
9;0901;5;2;21;1;0;1;1;3;2
9;0901;5;2;22;1;0;0;0;7;8
9;0901;5;2;23;1;0;0;0;3;7
9;0901;5;3;2;1;0;0;0;4;3
9;0901;5;3;8;1;0;1;1;3;3
9;0901;5;3;7;1;0;1;1;3;3
9;0901;5;3;9;1;0;1;1;1;3
9;0901;5;3;1;1;1;0;1;1;3
9;0901;5;3;7;1;0;2;2;3;3
9;0901;5;3;8;1;0;4;4;3;3
9;0901;5;3;12;1;0;1;1;3;7
9;0901;5;3;16;1;0;2;2;3;7
9;0901;5;3;14;1;0;0;0;3;3
9;0901;5;3;18;1;0;1;1;3;4
9;0901;5;3;19;1;0;1;1;7;3
9;0901;5;3;12;1;0;1;1;1;3
9;0901;5;3;21;1;0;0;0;3;7
9;0901;5;3;17;1;0;0;0;3;4
9;0901;5;3;23;1;0;0;0;3;4
9;0901;5;3;19;1;0;2;2;3;7
9;0901;5;4;1;1;0;1;1;1;3
9;0901;5;4;1;1;0;1;1;3;7
9;0901;5;4;6;1;0;1;1;1;5
9;0901;5;4;17;1;0;2;2;3;7
9;0901;5;4;17;1;0;0;0;4;3
9;0901;5;5;1;1;0;0;0;7;1
9;0901;5;5;4;1;0;0;0;7;3
9;0901;5;5;9;1;0;1;1;7;4
9;0901;5;5;10;1;0;1;1;7;3
9;0901;5;5;10;1;0;1;1;3;7
9;0901;5;5;14;1;0;1;1;5;4
9;0901;5;5;17;1;0;1;1;5;4
9;0901;5;5;18;1;0;0;0;3;4
9;0901;5;5;20;1;0;1;1;3;3
9;0901;5;5;20;1;0;1;1;1;5
9;0901;5;6;0;1;0;1;1;3;7
9;0901;5;6;0;1;0;0;0;4;1
9;0901;5;6;3;1;1;0;1;7;3
9;0901;5;6;8;1;0;1;1;5;4
9;0901;5;6;14;1;0;1;1;1;5
9;0901;5;6;15;1;0;1;1;1;3
9;0901;5;6;18;1;0;0;0;3;2
9;0901;5;6;19;1;0;1;1;3;3
9;0901;5;6;21;1;0;2;2;1;3
9;0901;5;6;21;1;0;1;1;1;3
9;0901;5;6;19;1;0;1;1;1;3
9;0901;5;6;19;1;0;1;1;5;4
9;0901;5;7;0;1;0;0;0;4;4
9;0901;5;7;2;1;1;0;1;4;3
9;0901;5;7;6;1;1;0;1;4;3
9;0901;5;7;6;1;0;1;1;3;10
9;0901;5;6;23;1;0;2;2;3;3
9;0901;5;6;23;1;0;0;0;5;3
9;0901;5;7;2;1;1;0;1;1;3
9;0901;5;7;7;1;0;2;2;5;3
9;0901;5;7;7;1;0;2;2;3;4
9;0901;5;7;1;1;0;1;1;1;9
9;0901;5;7;0;1;0;0;0;4;1
9;0901;5;7;4;1;0;0;0;3;3
9;0901;5;6;23;1;0;1;1;7;3
9;0901;5;7;6;1;0;0;0;4;3
9;0901;5;7;7;1;0;1;1;3;3
9;0901;5;7;15;1;0;1;1;7;1
9;0901;5;7;8;1;1;0;1;3;3
9;0901;5;7;13;1;0;2;2;3;3
9;0901;5;7;19;1;0;0;0;4;3
9;0901;5;1;0;1;0;1;1;7;3
9;0901;5;1;7;1;0;1;1;3;2
9;0901;5;1;12;1;1;1;2;1;5
9;0901;5;1;10;1;0;0;0;8;9
9;0901;5;1;16;1;0;1;1;3;3
9;0901;5;1;14;1;0;1;1;4;4
9;0901;5;1;18;1;0;2;2;7;5
9;0901;5;1;18;1;0;1;1;1;3
9;0901;5;1;22;1;0;1;1;7;3
9;0901;5;2;1;1;1;0;1;1;3
9;0901;5;2;7;1;0;0;0;3;7
9;0901;5;2;7;1;0;2;2;3;3
9;0901;5;2;7;1;0;0;0;5;4
9;0901;5;2;8;1;0;1;1;3;7
9;0901;5;2;8;1;0;1;1;3;7
9;0901;5;2;11;1;0;0;0;3;4
9;0901;5;2;9;1;0;1;1;5;4
9;0901;5;2;9;1;0;1;1;5;4
9;0901;5;2;15;1;0;0;0;5;4
9;0901;5;2;10;1;0;1;1;3;7
9;0901;5;2;9;1;0;3;3;1;5
9;0901;5;2;12;1;0;3;3;3;7
9;0901;5;2;19;1;0;1;1;1;1
9;0901;5;2;15;1;0;1;1;3;7
9;0901;5;2;20;1;0;0;0;7;3
9;0901;5;2;21;1;0;1;1;6;3
9;0901;5;2;23;1;0;0;0;3;7
9;0901;5;4;9;1;0;2;2;3;7
9;0901;5;3;6;1;0;1;1;1;7
9;0901;5;3;9;1;0;2;2;3;7
9;0901;5;3;13;1;0;0;0;4;4
9;0901;5;3;13;1;0;1;1;3;7
9;0901;5;3;16;1;0;1;1;3;4
9;0901;5;3;15;1;0;1;1;3;7
9;0901;5;3;13;1;0;0;0;3;3
9;0901;5;3;16;1;0;1;1;5;3
9;0901;5;3;19;1;0;2;2;1;3
9;0901;5;4;2;1;0;1;1;3;3
9;0901;5;4;2;1;0;0;0;7;3
9;0901;5;4;2;1;0;2;2;3;4
9;0901;5;4;5;1;0;2;2;3;7
9;0901;5;4;8;1;0;1;1;7;6
9;0901;5;4;7;1;0;2;2;3;2
9;0901;5;4;5;1;0;2;2;3;7
9;0901;5;4;11;1;0;3;3;3;3
9;0901;5;4;13;1;0;1;1;1;3
9;0901;5;4;12;1;1;0;1;3;7
9;0901;5;4;6;1;0;0;0;4;3
9;0901;5;4;15;1;0;1;1;1;5
9;0901;5;4;21;1;0;0;0;4;3
9;0901;5;4;20;1;0;3;3;7;1
9;0901;5;5;0;1;0;0;0;3;7
9;0901;5;4;23;1;0;0;0;5;1
9;0901;5;4;8;1;0;3;3;1;4
9;0901;5;5;3;1;0;0;0;7;10
9;0901;5;4;20;1;0;1;1;1;3
9;0901;5;5;7;1;0;2;2;1;3
9;0901;5;5;9;1;0;1;1;7;4
9;0901;5;5;11;1;0;1;1;2;3
9;0901;5;5;9;1;0;1;1;3;3
9;0901;5;5;13;1;0;1;1;1;3
9;0901;5;5;15;1;0;1;1;7;9
9;0901;5;5;12;1;0;6;6;3;3
9;0901;5;5;13;1;0;2;2;7;3
9;0901;5;5;16;1;0;1;1;1;3
9;0901;5;5;14;1;0;1;1;3;7
9;0901;5;5;19;1;0;2;2;3;4
9;0901;5;5;17;1;0;3;3;2;3
9;0901;5;5;21;1;0;1;1;1;3
9;0901;5;5;19;1;0;1;1;1;3
9;0901;5;5;23;1;0;3;3;1;3
9;0901;5;6;2;1;0;0;0;7;3
9;0901;5;6;7;1;0;0;0;7;4
9;0901;5;6;0;1;0;2;2;3;3
9;0901;5;6;7;1;0;1;1;3;3
9;0901;5;6;14;1;0;1;1;3;3
9;0901;5;6;7;1;0;1;1;4;3
9;0901;5;6;12;1;0;0;0;7;3
9;0901;5;6;11;1;0;1;1;7;6
9;0901;5;6;9;1;1;0;1;3;4
9;0901;5;6;11;1;0;1;1;5;4
9;0901;5;6;15;1;1;0;1;2;3
9;0901;5;6;18;1;0;1;1;1;3
9;0901;5;6;18;1;0;1;1;7;3
9;0901;5;6;23;1;0;1;1;1;3
9;0901;5;6;20;1;0;5;5;3;7
9;0901;5;6;19;1;0;2;2;1;3
9;0901;5;6;19;1;0;2;2;3;4
9;0901;5;7;3;1;0;2;2;7;3
9;0901;5;7;8;1;0;1;1;7;3
9;0901;5;7;2;1;0;0;0;7;6
9;0901;5;7;9;1;0;0;0;7;1
9;0901;5;7;8;1;0;1;1;4;3
9;0901;5;7;9;1;0;2;2;3;3
9;0901;5;7;7;1;0;0;0;7;3
9;0901;5;7;1;1;0;1;1;4;3
9;0901;5;7;6;1;0;0;0;3;3
9;0901;5;7;13;1;0;1;1;1;3
9;0901;5;7;14;1;0;1;1;3;4
9;0901;5;7;11;1;0;1;1;7;3
9;0901;5;7;16;1;0;1;1;3;4
9;0901;5;7;20;1;0;2;2;3;7
9;0901;5;7;17;1;0;1;1;3;4
9;0901;5;7;19;1;0;1;1;3;1
9;0901;5;7;19;1;0;2;2;3;4
9;0901;5;7;21;1;0;1;1;7;3
9;0901;5;7;20;1;0;0;0;3;2
9;0901;5;1;7;1;0;1;1;1;5
9;0901;5;1;8;1;0;0;0;4;10
9;0901;5;1;1;1;0;1;1;3;3
9;0901;5;1;10;1;0;1;1;3;4
9;0901;5;1;11;1;0;1;1;3;4
9;0901;5;1;14;1;0;1;1;3;4
9;0901;5;1;12;1;0;2;2;3;7
9;0901;5;1;16;1;0;0;0;3;7
9;0901;5;1;18;1;0;1;1;3;7
9;0901;5;1;19;1;0;2;2;3;7
9;0901;5;1;18;1;0;2;2;1;5
9;0901;5;1;23;1;0;1;1;7;3
9;0901;5;2;0;1;0;1;1;7;4
9;0901;5;2;4;1;0;2;2;3;7
9;0901;5;2;6;1;0;0;0;7;8
9;0901;5;2;13;1;0;2;2;1;4
9;0901;5;2;21;1;0;1;1;7;3
9;0901;5;2;15;1;0;1;1;3;7
9;0901;5;2;20;1;1;2;3;4;3
9;0901;5;3;7;1;0;1;1;8;3
9;0901;5;3;7;1;0;0;0;3;3
9;0901;5;3;7;1;0;1;1;7;7
9;0901;5;3;14;1;0;3;3;1;4
9;0901;5;3;10;1;0;1;1;3;7
9;0901;5;3;12;1;0;1;1;3;7
9;0901;5;3;16;1;0;0;0;3;4
9;0901;5;3;10;1;0;1;1;1;4
9;0901;5;3;16;1;0;1;1;5;3
9;0901;5;3;19;1;0;1;1;1;4
9;0901;5;4;1;1;0;0;0;7;3
9;0901;5;4;8;1;0;1;1;1;3
9;0901;5;4;10;1;0;2;2;8;9
9;0901;5;4;7;1;0;0;0;7;3
9;0901;5;4;8;1;0;2;2;3;4
9;0901;5;4;8;1;0;2;2;3;7
9;0901;5;4;11;1;0;1;1;1;7
9;0901;5;4;13;1;0;1;1;5;4
9;0901;5;4;14;1;0;1;1;3;7
9;0901;5;4;11;1;0;1;1;1;3
9;0901;5;4;12;1;1;1;2;3;3
9;0901;5;4;17;1;0;1;1;7;3
9;0901;5;4;16;1;0;1;1;1;10
9;0901;5;4;17;1;0;1;1;3;3
9;0901;5;5;8;1;0;1;1;5;3
9;0901;5;5;6;1;0;0;0;7;3
9;0901;5;5;9;1;0;2;2;3;3
9;0901;5;5;8;1;0;1;1;3;4
9;0901;5;5;15;1;0;1;1;7;3
9;0901;5;5;14;1;0;2;2;3;7
9;0901;5;5;16;1;0;1;1;5;4
9;0901;5;5;16;1;1;0;1;1;3
9;0901;5;5;20;1;0;0;0;3;7
9;0901;5;5;21;1;0;0;0;4;1
1;0104;5;3;7;2;0;0;0;3;4
9;0916;5;3;8;1;0;1;1;7;4
12;1208;5;3;6;1;0;2;2;1;4
17;1703;5;3;6;2;0;1;1;3;4
9;0922;5;3;12;1;0;2;2;8;10
9;0906;5;3;12;2;1;0;1;7;4
1;0105;5;3;16;2;0;1;1;1;4
9;0906;5;3;19;1;0;1;1;3;7
7;0701;5;4;1;2;4;27;31;7;4
12;1210;5;4;3;2;0;0;0;5;4
9;0916;5;5;6;2;0;2;2;3;4
1;0101;5;5;5;2;0;0;0;6;4
9;0916;5;5;6;2;0;1;1;4;4
9;0920;5;5;5;2;0;1;1;3;4
1;0101;5;4;10;2;0;2;2;3;7
23;2302;5;5;2;2;0;0;0;7;4
13;1321;5;5;4;2;0;0;0;7;4
9;0916;5;5;6;2;0;1;1;2;5
24;2402;5;5;9;1;0;1;1;3;7
9;0923;5;5;12;1;0;1;1;3;7
9;0903;5;4;14;2;0;0;0;3;7
24;2401;5;4;19;2;0;3;3;1;4
9;0918;5;5;15;2;0;1;1;7;4
9;0916;5;5;14;2;0;1;1;4;4
24;2403;5;4;20;1;0;1;1;3;7
12;1203;5;5;17;2;0;1;1;3;7
9;0906;5;5;15;1;0;1;1;1;4
9;0902;5;6;4;2;1;0;1;1;4
9;0901;5;5;1;2;0;2;2;7;4
13;1303;5;6;0;2;2;2;4;7;4
12;1207;5;5;17;1;0;1;1;3;7
9;0916;5;5;18;1;0;1;1;3;7
9;0925;5;6;10;2;0;3;3;1;4
12;1207;5;5;14;1;0;0;0;4;4
9;0918;5;5;20;2;0;1;1;7;4
24;2403;5;6;2;1;0;1;1;4;4
2;0206;5;5;17;1;0;0;0;7;4
7;0706;5;6;9;2;0;3;3;3;7
9;0909;5;6;7;2;0;2;2;7;4
24;2402;5;6;3;2;0;3;3;3;4
9;0920;5;6;15;2;0;1;1;3;4
13;1313;5;6;14;2;0;2;2;3;7
9;0925;5;6;20;2;0;1;1;7;4
9;0906;5;6;18;1;0;1;1;1;4
7;0712;5;7;4;2;0;0;0;7;4
13;1309;5;7;3;2;1;0;1;1;4
12;1208;5;6;19;1;0;1;1;5;4
2;0207;5;6;19;1;0;1;1;8;10
9;0902;5;7;2;2;0;2;2;3;7
9;0914;5;7;6;1;0;1;1;7;4
9;0916;5;7;7;2;1;0;1;7;4
7;0701;5;7;2;2;1;1;2;7;4
12;1202;5;6;19;2;0;1;1;8;10
9;0911;5;6;3;2;0;1;1;7;4
12;1205;5;7;7;2;0;1;1;7;4
9;0911;5;6;20;2;1;0;1;3;4
9;0911;5;5;21;2;0;1;1;1;4
23;2302;5;7;11;2;0;0;0;7;4
23;2302;5;7;10;2;0;1;1;3;4
24;2401;5;7;0;2;0;1;1;7;4
12;1208;5;7;13;1;1;0;1;7;4
24;2402;5;6;23;1;0;2;2;7;4
1;0106;5;7;19;2;0;0;0;3;4
12;1203;5;7;20;2;0;0;0;3;7
9;0920;5;7;20;2;0;1;1;3;7
9;0906;5;7;10;2;0;1;1;1;4
24;2402;5;3;19;1;0;1;1;3;7
24;2403;5;7;16;1;0;3;3;7;4
9;0904;5;7;6;2;1;0;1;7;4
9;0919;5;1;6;2;0;4;4;3;4
9;0916;5;7;21;2;1;5;6;3;7
13;1307;5;7;20;2;1;0;1;3;7
24;2402;5;7;20;1;0;0;0;4;4
24;2401;5;1;13;2;0;2;2;7;4
9;0910;5;1;15;2;0;1;1;8;10
13;1312;5;1;14;2;0;1;1;6;4
9;0906;5;7;19;1;0;0;0;5;4
9;0916;5;1;17;2;0;1;1;4;4
9;0908;5;1;14;2;0;1;1;3;4
9;0906;5;1;19;2;0;0;0;3;4
23;2301;5;1;18;2;1;0;1;3;4
9;0911;5;1;13;2;0;1;1;4;4
2;0207;5;1;19;1;0;1;1;3;7
24;2403;5;2;7;1;0;1;1;3;7
9;0901;5;2;10;2;0;0;0;3;4
9;0916;5;2;13;2;0;0;0;3;4
12;1207;5;3;4;1;0;0;0;3;7
9;0901;5;3;5;2;0;0;0;7;4
9;0906;5;3;4;2;0;2;2;3;7
24;2401;5;3;12;2;0;2;2;3;7
9;0920;5;3;20;2;1;1;2;5;4
9;0909;5;2;18;2;0;1;1;3;7
9;0918;5;3;14;2;0;1;1;3;7
24;2401;5;4;9;2;0;1;1;3;4
9;0906;5;3;18;2;0;1;1;1;4
1;0101;5;4;8;2;0;0;0;3;7
12;1203;5;4;1;2;0;2;2;7;4
12;1203;5;4;5;2;0;0;0;7;4
7;0713;5;4;3;2;0;0;0;7;4
24;2401;5;4;11;2;0;1;1;2;5
9;0906;5;4;11;2;1;0;1;1;4
23;2301;5;4;19;2;0;0;0;7;4
1;0101;5;4;17;2;0;0;0;3;4
9;0920;5;5;1;1;0;0;0;7;4
9;0920;5;5;7;2;0;1;1;7;4
9;0916;5;4;16;1;0;1;1;3;7
9;0909;5;5;6;1;0;0;0;3;7
9;0906;5;5;10;2;0;0;0;5;4
12;1207;5;5;16;2;0;1;1;7;4
9;0920;5;5;18;2;0;0;0;3;4
24;2402;5;5;22;2;0;1;1;1;4
9;0906;5;5;21;1;0;1;1;3;7
9;0906;5;6;2;1;0;0;0;4;4
17;1703;5;5;16;2;0;1;1;3;4
9;0920;5;5;19;2;0;1;1;3;7
9;0916;5;6;4;1;0;0;0;4;4
13;1306;5;6;5;2;0;1;1;1;4
9;0914;5;6;2;2;1;0;1;4;4
12;1207;5;5;23;2;0;1;1;7;4
12;1201;5;5;17;2;0;2;2;3;4
1;0101;5;5;19;2;0;0;0;3;7
9;0912;5;5;20;2;0;1;1;4;4
9;0923;5;6;7;1;0;0;0;7;4
24;2401;5;6;13;2;0;1;1;3;7
24;2402;5;6;13;1;0;1;1;3;7
9;0923;5;6;10;2;0;1;1;3;7
24;2402;5;6;14;1;0;0;0;3;4
9;0902;5;6;18;2;0;1;1;7;4
9;0902;5;6;23;2;0;6;6;3;4
7;0706;5;5;17;2;0;4;4;7;4
12;1208;5;7;1;2;1;0;1;7;4
9;0916;5;6;12;2;0;1;1;1;4
12;1207;5;6;19;2;0;1;1;7;4
12;1208;5;7;5;1;0;2;2;3;7
9;0908;5;7;5;1;0;1;1;7;4
7;0706;5;6;19;2;1;0;1;1;4
12;1207;5;7;0;2;0;0;0;3;7
13;1306;5;6;20;2;0;1;1;3;7
12;1201;5;6;22;2;1;0;1;1;4
9;0916;5;7;4;1;0;2;2;4;4
12;1207;5;7;7;2;1;0;1;5;4
9;0921;5;7;9;2;0;1;1;3;7
23;2301;5;6;19;2;0;1;1;7;4
9;0909;5;6;15;2;0;1;1;8;10
1;0103;5;6;14;2;0;0;0;3;7
7;0706;5;7;2;2;2;0;2;3;7
12;1207;5;7;2;1;0;2;2;7;4
24;2401;5;7;11;2;1;0;1;3;7
23;2301;5;7;18;2;0;0;0;3;4
9;0902;5;7;21;2;0;0;0;3;4
9;0909;5;5;16;2;0;2;2;3;4
9;0924;5;7;20;2;0;1;1;7;4
9;0912;5;7;17;2;0;1;1;1;4
7;0703;5;7;1;2;0;0;0;7;4
9;0919;5;7;17;2;0;1;1;3;4
12;1207;5;7;20;1;0;0;0;4;4
1;0101;5;7;18;2;0;1;1;7;4
1;0101;5;7;18;2;0;0;0;3;4
9;0916;5;7;15;2;0;1;1;1;4
12;1201;5;1;6;2;0;1;1;7;4
9;0918;5;1;6;2;1;0;1;7;4
9;0916;5;7;19;2;0;1;1;2;5
7;0706;5;1;5;2;1;0;1;1;4
9;0913;5;7;17;1;0;1;1;5;4
1;0101;5;1;5;2;0;0;0;7;4
9;0916;5;7;19;1;0;1;1;3;7
9;0916;5;1;7;1;0;1;1;1;4
9;0908;5;1;12;1;0;1;1;3;7
9;0925;5;1;9;2;0;1;1;1;4
17;1703;5;1;7;2;0;0;0;7;4
24;2403;5;1;12;1;0;1;1;7;4
24;2403;5;1;17;2;0;1;1;3;7
12;9008;5;1;18;1;0;2;2;3;7
9;0908;5;1;15;1;0;1;1;3;7
9;0918;5;1;19;2;0;2;2;4;4
24;2401;5;1;13;2;0;1;1;3;4
9;0911;5;2;6;2;0;4;4;3;7
9;0909;5;1;18;1;0;0;0;3;7
17;1703;5;2;12;2;0;0;0;1;4
9;0908;5;2;17;2;0;1;1;7;4
9;0916;5;3;3;1;0;0;0;7;4
9;0916;5;2;19;1;0;1;1;3;4
9;0906;5;2;11;2;0;1;1;7;4
23;2301;5;3;7;2;1;0;1;3;7
9;0920;5;2;19;2;0;1;1;3;4
17;1703;5;3;0;2;0;1;1;3;7
9;0919;5;2;15;2;1;1;2;3;7
9;0916;5;2;13;1;0;0;0;7;4
12;1207;5;3;9;1;0;2;2;6;4
9;0910;5;2;17;2;0;0;0;6;4
12;1204;5;3;13;2;0;4;4;3;7
9;0916;5;3;15;1;0;1;1;8;10
9;0906;5;3;16;2;0;3;3;3;7
9;0914;5;3;19;2;0;1;1;6;4
7;0709;5;2;19;2;0;1;1;4;4
9;0901;5;3;8;2;0;0;0;5;4
9;0911;5;4;2;2;0;0;0;7;4
17;1703;5;3;18;2;0;0;0;7;4
24;2403;5;3;18;1;0;1;1;1;4
24;2401;5;4;6;2;0;1;1;2;5
12;1212;5;4;10;2;0;3;3;3;7
17;1703;5;4;7;2;0;0;0;3;4
13;1301;5;4;12;2;0;1;1;3;7
9;0902;5;5;1;2;0;0;0;3;7
24;2401;5;4;17;2;0;0;0;7;4
9;0909;5;4;7;2;0;1;1;7;4
9;0921;5;3;16;1;0;1;1;3;7
1;0103;5;5;6;2;0;0;0;6;4
12;1210;5;4;18;2;0;1;1;5;4
24;2402;5;4;15;1;0;1;1;3;7
9;0908;5;4;19;2;0;0;0;7;4
9;0916;5;3;23;2;0;1;1;7;4
24;2401;5;4;17;1;0;1;1;3;7
9;0906;5;3;19;2;0;0;0;5;4
13;1306;5;5;3;2;0;1;1;3;7
9;0908;5;5;12;2;0;1;1;3;7
12;1208;5;5;16;1;0;1;1;7;4
13;1306;5;5;18;2;4;2;6;3;7
13;1315;5;5;17;2;0;1;1;3;7
9;0914;5;5;21;2;0;3;3;3;7
9;0911;5;5;15;2;0;1;1;3;4
1;0111;5;6;0;2;0;1;1;3;7
12;1210;5;6;0;2;0;1;1;1;4
12;1210;5;6;0;2;2;0;2;3;4
23;2301;5;5;22;2;0;0;0;3;7
13;1306;5;6;11;2;0;2;2;3;7
3;0301;5;6;15;2;0;1;1;5;4
9;0906;5;6;21;2;0;1;1;3;7
9;0920;5;6;16;2;0;1;1;1;4
9;0928;5;7;0;2;1;0;1;1;4
9;0921;5;7;1;1;0;3;3;1;4
9;0910;5;7;0;2;0;2;2;7;4
12;1208;5;6;23;1;0;1;1;7;4
1;0101;5;6;12;2;0;0;0;3;7
17;1703;5;6;17;2;0;1;1;3;4
24;2401;5;7;6;2;2;3;5;7;4
7;0713;5;7;1;2;0;1;1;3;7
9;0911;5;7;5;2;1;1;2;3;7
7;0709;5;6;20;2;0;2;2;5;4
9;0911;5;7;12;2;0;2;2;3;7
24;2402;5;6;19;1;0;1;1;3;7
12;1208;5;7;14;1;0;3;3;7;4
24;2401;5;7;9;1;0;0;0;7;4
24;2402;5;6;18;2;0;1;1;7;4
9;0906;5;7;19;2;0;1;1;3;7
9;0908;5;6;18;2;0;1;1;7;4
24;2401;5;7;0;2;0;0;0;7;4
13;1319;5;7;3;2;0;5;5;7;4
1;0102;5;6;15;2;0;0;0;4;4
9;0911;5;5;12;1;0;1;1;6;4
9;0911;5;7;3;2;0;1;1;7;4
9;0911;5;6;22;1;0;2;2;3;4
9;0921;5;7;3;1;0;3;3;3;7
1;0101;5;6;23;2;0;3;3;1;4
1;0105;5;5;21;2;0;1;1;7;4
9;0904;5;5;16;1;0;1;1;1;4
12;1208;5;7;19;2;0;1;1;3;4
9;0908;5;7;15;2;0;1;1;3;7
12;1201;5;7;20;2;0;2;2;2;5
9;0908;5;6;18;2;0;1;1;7;4
9;0904;5;5;16;1;0;1;1;1;4
9;0904;5;7;4;2;0;1;1;7;4
9;0914;5;7;19;2;0;3;3;3;7
1;0105;5;7;19;2;0;1;1;3;7
9;0904;5;1;1;2;0;1;1;5;4
9;0902;5;7;8;2;0;1;1;1;4
9;0906;5;7;16;2;0;1;1;3;4
24;2402;5;7;14;2;0;1;1;3;7
9;0906;5;7;18;2;0;2;2;3;7
7;0702;5;7;15;2;0;0;0;3;7
9;0925;5;7;20;2;0;1;1;7;4
12;1201;5;1;7;2;0;0;0;5;4
7;0710;5;7;23;2;0;0;0;3;7
9;0918;5;7;16;2;0;1;1;7;4
1;0101;5;7;14;2;0;0;0;7;4
9;0906;5;1;7;2;0;1;1;7;4
9;0909;5;7;19;2;0;1;1;8;10
9;0920;5;1;10;1;0;3;3;3;4
24;2402;5;1;10;1;0;2;2;3;7
9;0909;5;7;20;1;0;1;1;1;4
9;0910;5;1;6;2;0;1;1;1;4
9;0911;5;1;11;2;0;1;1;7;4
12;1207;5;7;12;2;0;2;2;3;7
9;0916;5;6;17;2;0;2;2;3;7
24;2401;5;1;16;2;0;5;5;7;4
17;1703;5;1;23;2;0;1;1;3;7
12;1201;5;1;18;2;0;0;0;5;4
12;1201;5;2;3;2;0;1;1;1;4
1;0101;5;2;6;2;0;0;0;4;4
9;0911;5;2;2;2;0;0;0;7;4
13;1309;5;2;7;2;0;3;3;3;7
9;0911;5;5;2;2;0;0;0;7;4
9;0911;5;7;2;2;0;1;1;4;4
9;0911;5;6;20;2;0;1;1;1;4
9;0920;5;2;22;2;0;1;1;7;4
9;0920;5;2;20;1;0;1;1;5;4
9;0911;5;4;5;2;0;1;1;4;4
9;0908;5;2;22;1;0;2;2;1;4
9;0916;5;2;8;1;0;1;1;5;4
9;0907;5;6;5;2;0;0;0;3;7
9;0911;5;7;17;2;0;1;1;3;7
9;0903;5;5;2;2;0;0;0;5;4
9;0916;5;3;10;1;0;1;1;1;4
9;0916;5;3;22;2;0;0;0;3;4
13;1310;5;3;16;2;0;1;1;3;7
7;0701;5;2;18;2;0;2;2;4;4
12;1203;5;4;7;2;0;1;1;1;4
9;0906;5;3;13;2;0;1;1;7;4
9;0906;5;4;7;2;0;1;1;6;4
17;1703;5;4;5;2;0;0;0;3;7
13;1301;5;4;10;2;0;1;1;3;4
1;0103;5;4;13;2;0;0;0;3;4
7;0709;5;4;7;2;0;0;0;3;4
9;0904;5;1;3;2;0;0;0;3;7
9;0911;5;3;18;1;0;2;2;7;4
13;1301;5;4;16;2;0;1;1;3;4
9;0916;5;4;19;1;0;1;1;3;4
9;0902;5;4;22;2;0;0;0;3;4
1;0102;5;4;15;2;0;0;0;3;7
9;0910;5;4;14;2;0;2;2;8;10
9;0911;5;5;0;1;0;1;1;3;7
9;0914;5;4;19;2;1;1;2;3;7
9;0912;5;4;23;1;0;1;1;7;4
24;2401;5;4;16;2;0;2;2;3;7
2;0206;5;5;3;1;0;3;3;3;7
24;2401;5;4;21;2;0;2;2;1;4
9;0914;5;4;19;2;0;0;0;7;4
9;0914;5;4;20;2;0;0;0;3;4
13;1321;5;4;23;2;0;0;0;4;4
9;0907;5;5;9;2;0;4;4;7;4
9;0916;5;5;12;2;0;1;1;3;4
2;0206;5;4;19;1;0;2;2;3;7
9;0921;5;5;14;1;0;1;1;7;4
9;0921;5;5;14;1;0;1;1;3;7
12;1210;5;5;19;2;0;2;2;4;4
9;0916;5;4;20;1;0;1;1;3;7
9;0916;5;4;19;1;0;2;2;7;4
13;1306;5;5;17;2;0;1;1;3;7
9;0906;5;5;15;2;0;0;0;7;4
9;0909;5;6;7;2;0;2;2;3;4
23;2301;5;5;21;2;0;0;0;7;4
9;0906;5;5;20;2;1;0;1;1;4
9;0909;5;6;6;2;0;1;1;8;10
9;0906;5;5;19;2;0;2;2;1;4
9;0906;5;5;21;1;0;2;2;1;4
24;2403;5;6;4;1;0;0;0;3;7
9;0910;5;6;10;2;0;1;1;1;4
1;0113;5;5;16;2;0;1;1;3;7
9;0921;5;6;0;2;0;1;1;5;4
9;0914;5;6;11;2;0;1;1;1;4
1;0115;5;5;17;2;0;3;3;1;4
9;0921;5;6;12;2;0;2;2;3;7
12;1201;5;6;14;2;0;3;3;3;7
1;0102;5;6;8;2;0;1;1;4;4
24;2402;5;6;10;1;0;2;2;3;7
12;1208;5;6;15;1;0;1;1;1;4
24;2402;5;6;15;1;0;0;0;7;4
12;1201;5;6;19;2;1;0;1;7;4
12;1208;5;6;20;1;0;1;1;7;4
9;0916;5;7;2;1;0;1;1;1;4
9;0912;5;6;22;2;0;1;1;7;4
9;0906;5;6;17;1;0;2;2;3;4
12;1207;5;7;0;1;0;1;1;7;4
12;1204;5;7;5;2;0;3;3;3;7
24;2401;5;7;4;2;0;1;1;7;4
9;0906;5;6;19;1;0;2;2;1;4
12;1207;5;7;1;2;0;2;2;3;7
9;0920;5;7;5;2;0;1;1;7;4
9;0920;5;6;23;2;1;1;2;3;7
9;0920;5;6;20;2;0;1;1;3;4
7;0707;5;7;13;2;0;0;0;7;4
9;0912;5;1;2;1;0;1;1;7;4
9;0901;5;7;18;2;0;1;1;7;4
9;0906;5;7;22;2;0;1;1;3;7
9;0904;5;7;11;2;0;1;1;5;4
9;0911;5;7;23;1;0;1;1;6;4
7;0711;5;7;13;2;0;1;1;3;7
12;1210;5;1;1;2;0;1;1;7;4
1;0101;5;1;2;2;0;0;0;7;4
9;0908;5;7;21;2;0;1;1;7;4
12;1208;5;1;1;1;0;0;0;4;4
9;0908;5;1;8;2;0;1;1;1;4
12;1207;5;1;12;2;0;0;0;3;7
9;0911;5;7;16;2;0;0;0;7;4
13;1301;5;1;7;1;0;0;0;3;7
7;0712;5;1;18;2;0;2;2;1;4
9;0918;5;1;15;2;0;2;2;3;7
13;1321;5;1;13;2;0;1;1;8;10
9;0911;5;7;15;1;0;1;1;7;4
1;0101;5;2;7;2;0;0;0;4;4
12;1210;5;2;8;2;0;1;1;5;4
9;0911;5;2;6;2;0;2;2;3;7
24;2402;5;2;8;1;0;1;1;1;4
13;1301;5;2;11;2;1;0;1;1;4
12;1203;5;2;10;2;0;4;4;3;7
17;1703;5;2;1;2;0;0;0;7;4
9;0906;5;2;13;2;0;1;1;4;4
9;0920;5;1;19;2;0;1;1;3;7
9;0902;5;1;19;2;0;1;1;8;10
24;2401;5;2;23;2;0;2;2;3;7
13;1312;5;2;16;2;0;0;0;5;4
13;1309;5;2;20;2;0;1;1;3;4
24;2402;5;3;0;2;0;0;0;7;4
24;2402;5;3;9;1;0;1;1;5;4
17;1703;5;3;6;2;0;0;0;7;4
9;0901;5;1;3;2;0;2;2;7;4
9;0911;5;2;18;1;0;1;1;3;7
9;0911;5;3;21;2;0;2;2;1;4
9;0903;5;6;19;2;1;0;1;3;7
9;0916;5;4;2;1;0;0;0;4;4
9;0912;5;3;16;2;0;1;1;7;4
9;0911;5;3;13;2;0;0;0;3;7
24;2401;5;4;1;2;0;0;0;7;4
9;0911;5;1;18;2;1;1;2;3;7
9;9004;5;3;18;2;0;2;2;3;7
9;0916;5;3;16;1;0;1;1;3;4
7;0701;5;4;5;2;0;0;0;7;4
9;0906;5;3;15;2;0;0;0;7;4
13;1306;5;3;15;2;0;0;0;7;4
7;0710;5;3;18;2;0;1;1;7;4
13;1306;5;4;8;2;0;0;0;7;4
13;1314;5;4;10;2;0;2;2;7;4
7;0706;5;2;23;2;0;2;2;1;4
12;1203;5;4;20;2;0;1;1;4;4
7;0702;5;4;20;2;1;2;3;7;4
9;0916;5;5;4;1;0;0;0;4;4
7;0704;5;4;22;2;0;0;0;3;7
13;1314;5;5;17;2;0;1;1;3;7
9;0922;5;5;23;1;0;1;1;6;4
1;0103;5;5;19;2;0;0;0;3;7
12;1207;5;5;17;1;0;1;1;1;4
13;1310;5;4;20;2;1;0;1;3;7
7;0701;5;5;13;2;0;1;1;3;4
9;0921;5;5;12;1;0;1;1;1;4
9;0911;5;4;20;1;0;1;1;3;7
24;2401;5;5;19;2;0;1;1;6;4
7;0701;5;5;18;2;0;1;1;5;4
1;0108;5;5;22;2;0;3;3;7;4
9;0905;5;3;6;2;0;0;0;1;4
17;1701;5;3;5;1;0;1;1;1;4
10;1002;5;3;20;1;0;1;1;1;1
18;1807;5;3;22;2;1;0;1;7;9
17;1705;5;4;2;2;0;0;0;7;4
21;2101;5;4;13;1;0;2;2;7;4
8;0804;5;4;15;2;0;0;0;3;4
2;0201;5;4;17;2;0;0;0;3;4
6;0602;5;4;17;2;0;1;1;7;4
14;1402;5;4;20;2;1;0;1;7;10
18;1804;5;5;4;2;0;0;0;3;4
17;1703;5;5;12;2;1;6;7;7;1
10;1001;5;5;15;2;1;0;1;7;3
5;0502;5;5;20;2;0;1;1;3;4
6;0607;5;5;21;2;0;0;0;7;4
6;0609;5;6;0;2;0;0;0;7;4
2;0201;5;6;2;2;0;2;2;7;1
19;1901;5;6;3;2;1;0;1;3;4
17;1701;5;6;3;2;1;0;1;1;4
21;2101;5;6;5;1;1;0;1;7;4
18;1807;5;6;5;2;0;0;0;1;4
17;1701;5;6;7;2;0;2;2;1;1
16;1601;5;6;10;2;0;0;0;4;4
18;1806;5;6;10;1;0;3;3;4;9
15;1501;5;6;12;1;0;0;0;3;4
6;0603;5;6;14;2;0;1;1;3;4
3;0307;5;6;18;2;1;0;1;1;1
11;1113;5;6;21;2;0;1;1;3;1
17;1702;5;6;21;1;1;0;1;7;3
17;1703;5;6;23;1;0;0;0;1;5
10;1002;5;7;5;2;0;0;0;3;4
17;1703;5;7;5;2;1;0;1;7;3
2;0203;5;7;5;2;0;1;1;3;4
19;1901;5;7;13;2;0;0;0;3;4
6;0608;5;7;14;2;0;1;1;3;4
18;1807;5;1;3;2;0;0;0;1;3
13;1310;5;1;10;2;1;0;1;1;4
16;1601;5;2;7;1;1;0;1;3;1
2;0203;5;2;7;2;0;1;1;3;4
10;1004;5;2;10;2;1;0;1;7;9
17;1703;5;2;14;2;0;1;1;7;4
11;1102;5;2;21;2;1;2;3;3;4
2;0202;5;3;9;2;0;1;1;3;3
17;1701;5;3;10;1;0;1;1;3;4
14;1406;5;3;15;2;0;1;1;3;4
6;0606;5;4;7;2;1;0;1;3;4
3;0303;5;4;16;2;1;0;1;7;4
8;0807;5;4;16;2;0;3;3;6;4
17;1703;5;5;11;2;1;0;1;3;4
17;1701;5;5;15;2;0;1;1;3;4
5;0504;5;5;20;1;0;0;0;3;4
2;0201;5;6;4;2;1;1;2;3;1
17;1703;5;6;6;2;0;1;1;3;3
10;1004;5;6;8;1;0;1;1;1;4
17;1701;5;6;10;2;0;0;0;4;4
4;0402;5;6;13;2;1;0;1;1;3
15;1501;5;6;18;2;0;2;2;3;4
17;1701;5;7;1;2;1;0;1;3;4
17;1701;5;7;4;2;1;0;1;3;4
18;1806;5;7;5;2;0;0;0;3;4
6;0607;5;7;5;2;1;0;1;3;4
6;0601;5;7;8;2;0;0;0;7;4
17;1701;5;7;10;2;0;1;1;3;4
19;1906;5;7;11;2;0;1;1;7;3
18;1802;5;7;15;2;1;2;3;3;1
13;1313;5;7;19;1;0;1;1;7;4
17;1703;5;7;23;2;0;2;2;3;4
6;0609;5;1;0;2;0;2;2;3;4
19;1901;5;1;6;2;0;0;0;1;3
10;1004;5;1;17;1;0;0;0;7;3
10;1002;5;2;0;2;0;2;2;3;3
10;1002;5;2;7;1;0;5;5;3;4
6;0601;5;2;10;2;0;0;0;7;4
13;1322;5;2;14;1;1;0;1;7;4
4;0401;5;2;16;2;1;0;1;7;3
13;1316;5;2;16;1;1;0;1;7;4
13;1320;5;2;22;2;0;2;2;3;4
10;1004;5;3;4;1;0;0;0;7;4
12;1210;5;3;21;1;0;0;0;1;4
17;1703;5;4;3;2;1;0;1;4;4
6;0601;5;4;10;2;0;0;0;3;4
18;1807;5;4;16;2;0;0;0;3;1
6;0606;5;4;22;2;0;0;0;3;7
6;0603;5;5;8;2;0;0;0;3;4
8;0804;5;5;10;2;1;0;1;3;4
5;0505;5;5;16;2;1;3;4;3;4
16;1601;5;5;17;1;0;1;1;3;4
17;1701;5;5;19;1;0;1;1;3;4
18;1808;5;5;21;2;0;0;0;3;4
17;1701;5;6;6;2;0;1;1;3;4
17;1701;5;6;8;1;0;0;0;7;3
12;1211;5;7;3;2;1;0;1;7;6
6;0607;5;7;5;2;0;0;0;7;3
6;0606;5;7;6;2;1;0;1;3;4
6;0601;5;7;10;2;0;0;0;3;1
17;1701;5;7;11;2;1;0;1;3;4
6;0607;5;7;20;2;0;0;0;7;3
8;0806;5;7;21;2;0;1;1;1;3
14;1401;5;1;10;2;0;1;1;3;4
17;1701;5;1;11;1;0;1;1;3;4
6;0606;5;1;13;2;1;0;1;3;4
18;1807;5;2;13;2;0;0;0;7;3
12;1210;5;2;18;1;0;0;0;7;3
12;1210;5;2;20;1;0;0;0;3;4
13;1305;5;3;3;2;2;20;22;4;4
2;0201;5;3;7;2;1;0;1;4;4
6;0606;5;3;7;2;0;0;0;3;4
6;0605;5;3;12;2;0;1;1;3;4
2;0201;5;3;14;2;0;2;2;3;4
13;1301;5;3;18;1;1;0;1;7;3
6;0603;5;4;6;2;0;6;6;3;4
14;1412;5;4;8;2;1;1;2;7;3
2;0204;5;4;8;2;0;2;2;3;4
17;1701;5;4;13;1;0;2;2;1;1
18;1808;5;4;15;1;0;2;2;5;4
3;0302;5;4;17;2;0;1;1;4;6
17;1703;5;4;17;2;0;3;3;3;4
1;0103;5;4;18;1;0;1;1;1;9
6;0607;5;4;22;2;0;4;4;3;4
17;1705;5;5;3;1;0;2;2;3;4
18;1804;5;5;7;2;0;1;1;3;4
4;0401;5;5;12;1;1;0;1;1;1
6;0608;5;5;18;2;0;1;1;6;4
18;1807;5;5;18;1;0;0;0;3;4
14;1401;5;5;19;1;0;0;0;4;3
8;0804;5;5;19;2;0;1;1;7;4
6;0607;5;5;19;2;0;0;0;3;1
17;1705;5;5;21;2;1;0;1;1;9
5;0507;5;6;2;1;0;2;2;3;1
13;1317;5;6;3;2;0;1;1;7;3
2;0201;5;6;5;1;0;0;0;4;4
6;0602;5;6;9;1;0;3;3;3;1
17;1703;5;6;10;2;0;1;1;7;4
18;1807;5;6;10;2;0;0;0;3;1
14;1401;5;6;11;2;0;0;0;1;3
19;1905;5;6;16;2;0;3;3;3;4
13;1314;5;6;17;1;0;1;1;7;3
13;1301;5;6;23;2;1;0;1;3;4
17;1703;5;6;23;2;0;3;3;3;4
17;1701;5;6;1;2;0;1;1;1;4
3;0301;5;7;0;1;1;1;2;4;4
2;0201;5;7;5;1;1;0;1;3;4
17;1701;5;7;11;2;0;1;1;3;7
13;1301;5;7;11;2;0;0;0;7;3
1;0103;5;7;11;2;0;2;2;4;4
13;1303;5;7;12;1;0;1;1;3;4
6;0601;5;7;16;2;0;0;0;3;7
10;1002;5;7;19;2;0;1;1;1;5
17;1702;5;7;20;2;1;0;1;7;4
17;1701;5;7;23;2;1;0;1;1;3
17;1704;5;1;5;2;1;0;1;1;5
17;1701;5;1;10;1;0;1;1;1;4
6;0602;5;1;14;1;1;0;1;1;3
6;0607;5;1;20;2;0;0;0;7;8
1;0103;5;1;20;1;1;0;1;3;3
12;1210;5;2;7;1;0;0;0;3;4
6;0606;5;2;7;2;0;1;1;3;4
6;0605;5;2;10;2;0;1;1;7;3
13;1304;5;2;13;2;1;0;1;3;4
6;0603;5;2;23;2;0;0;0;3;4
6;0603;5;3;1;2;0;0;0;7;8
12;1210;5;3;6;1;1;0;1;3;4
5;0506;5;3;6;1;0;0;0;7;3
19;1901;5;3;7;2;0;1;1;3;4
21;2101;5;3;17;1;1;0;1;1;5
8;0801;5;3;23;1;0;2;2;3;4
8;0804;5;4;7;2;0;2;2;3;4
13;1304;5;4;17;2;0;1;1;5;4
17;1704;5;5;2;1;1;1;2;3;9
11;1103;5;5;2;1;0;1;1;7;4
6;0608;5;5;8;2;0;1;1;3;1
10;1004;5;5;12;1;0;0;0;7;4
1;0105;5;5;15;2;1;0;1;4;4
6;0602;5;5;16;2;1;0;1;3;4
10;1004;5;5;20;1;1;0;1;7;3
9;0901;6;6;0;1;0;2;2;3;1
9;0901;6;6;1;1;0;1;1;3;7
9;0901;6;6;2;1;0;1;1;1;3
9;0901;6;6;2;1;0;0;0;3;3
9;0901;6;6;2;1;0;0;0;4;7
9;0901;6;6;3;1;0;1;1;3;7
9;0901;6;6;4;1;0;0;0;3;7
9;0901;6;6;4;1;0;0;0;4;3
9;0901;6;6;4;1;0;1;1;7;4
9;0901;6;6;4;1;0;0;0;3;3
9;0901;6;6;5;1;1;0;1;7;3
9;0901;6;6;5;1;0;0;0;4;4
9;0901;6;6;6;1;0;1;1;3;4
9;0901;6;6;7;1;0;2;2;3;3
9;0901;6;6;8;1;0;1;1;1;3
9;0901;6;6;9;1;0;1;1;3;7
9;0901;6;6;14;1;0;0;0;3;4
9;0901;6;6;14;1;0;2;2;6;3
9;0901;6;6;15;1;0;1;1;3;7
9;0901;6;6;17;1;0;1;1;3;4
9;0901;6;6;18;1;0;2;2;3;2
9;0901;6;6;19;1;1;0;1;1;5
9;0901;6;6;21;1;0;1;1;4;3
9;0901;6;6;22;1;0;1;1;3;7
9;0901;6;6;23;1;0;2;2;6;3
9;0901;6;7;0;1;0;1;1;1;3
9;0901;6;7;1;1;1;0;1;3;7
9;0901;6;7;2;1;0;1;1;1;3
9;0901;6;7;5;1;0;2;2;7;3
9;0901;6;7;5;1;0;0;0;3;4
9;0901;6;7;6;1;0;0;0;4;3
9;0901;6;7;6;1;0;0;0;4;3
9;0901;6;7;6;1;0;1;1;7;4
9;0901;6;7;6;1;0;0;0;3;1
9;0901;6;7;7;1;0;4;4;7;3
9;0901;6;7;8;1;0;1;1;1;3
9;0901;6;7;10;1;0;0;0;3;4
9;0901;6;7;13;1;0;2;2;7;1
9;0901;6;7;13;1;0;2;2;3;7
9;0901;6;7;14;1;0;1;1;4;3
9;0901;6;7;16;1;0;1;1;3;2
9;0901;6;7;17;1;0;1;1;3;4
9;0901;6;7;18;1;0;1;1;3;7
9;0901;6;7;20;1;0;3;3;1;4
9;0901;6;7;20;1;0;2;2;1;5
9;0901;6;1;6;1;0;1;1;3;3
9;0901;6;1;9;1;0;1;1;1;3
9;0901;6;1;13;1;0;0;0;3;3
9;0901;6;1;14;1;0;1;1;7;3
9;0901;6;1;15;1;0;3;3;3;3
9;0901;6;1;15;1;0;1;1;1;3
9;0901;6;1;16;1;0;2;2;1;3
9;0901;6;1;17;1;0;2;2;3;3
9;0901;6;1;20;1;0;1;1;2;3
9;0901;6;1;21;1;0;2;2;3;3
9;0901;6;1;23;1;0;2;2;1;3
9;0901;6;2;1;1;0;1;1;7;3
9;0901;6;2;7;1;0;1;1;5;4
9;0901;6;2;11;1;0;0;0;5;4
9;0901;6;2;11;1;0;1;1;5;4
9;0901;6;2;12;1;0;0;0;3;4
9;0901;6;2;12;1;0;3;3;1;3
9;0901;6;2;13;1;0;1;1;7;3
9;0901;6;2;13;1;0;1;1;3;2
9;0901;6;2;14;1;0;1;1;3;7
9;0901;6;2;14;1;0;1;1;3;3
9;0901;6;2;15;1;0;1;1;7;3
9;0901;6;2;16;1;0;2;2;3;2
9;0901;6;2;23;1;0;0;0;3;3
9;0901;6;3;12;1;0;1;1;4;4
9;0901;6;3;14;1;0;2;2;1;7
9;0901;6;3;14;1;0;3;3;4;3
9;0901;6;3;16;1;0;0;0;3;3
9;0901;6;3;17;1;0;2;2;3;7
9;0901;6;3;18;1;1;0;1;4;3
9;0901;6;3;18;1;0;2;2;1;1
9;0901;6;3;19;1;0;0;0;3;3
9;0901;6;3;19;1;0;1;1;3;3
9;0901;6;3;20;1;0;2;2;1;3
9;0901;6;3;22;1;0;1;1;7;3
9;0901;6;4;3;1;0;0;0;7;3
9;0901;6;4;6;1;0;5;5;3;7
9;0901;6;4;7;1;0;1;1;1;3
9;0901;6;4;8;1;0;2;2;7;7
9;0901;6;4;9;1;1;0;1;1;3
9;0901;6;4;11;1;0;2;2;3;2
9;0901;6;4;12;1;0;2;2;3;2
9;0901;6;4;13;1;0;2;2;1;5
9;0901;6;4;17;1;0;2;2;3;7
9;0901;6;4;18;1;0;1;1;3;3
9;0901;6;4;19;1;0;1;1;1;1
9;0901;6;4;20;1;0;3;3;3;2
9;0901;6;5;1;1;0;1;1;7;3
9;0901;6;5;5;1;0;1;1;7;1
9;0901;6;5;5;1;0;1;1;7;4
9;0901;6;5;8;1;0;1;1;1;3
9;0901;6;5;9;1;0;1;1;7;3
9;0901;6;5;10;1;0;3;3;3;3
9;0901;6;5;12;1;0;1;1;3;7
9;0901;6;5;18;1;0;1;1;3;7
9;0901;6;5;18;1;0;1;1;7;10
9;0901;6;5;20;1;0;0;0;4;3
9;0901;6;5;21;1;0;1;1;3;3
9;0901;6;5;21;1;0;3;3;3;3
9;0901;6;5;22;1;0;2;2;1;3
9;0901;6;5;23;1;0;1;1;3;3
9;0901;6;6;0;1;0;3;3;3;3
9;0901;6;6;1;1;0;2;2;3;3
9;0901;6;6;1;1;1;0;1;4;3
9;0901;6;6;1;1;1;3;4;3;3
9;0901;6;6;1;1;0;2;2;1;3
9;0901;6;6;2;1;0;2;2;7;3
9;0901;6;6;4;1;0;0;0;7;3
9;0901;6;6;7;1;0;1;1;7;3
9;0901;6;6;7;1;0;1;1;7;3
9;0901;6;6;7;1;0;1;1;2;10
9;0901;6;6;10;1;1;1;2;5;4
9;0901;6;6;13;1;0;2;2;1;3
9;0901;6;6;14;1;0;1;1;3;3
9;0901;6;6;16;1;0;1;1;5;4
9;0901;6;6;16;1;0;2;2;3;4
9;0901;6;6;17;1;0;0;0;5;4
9;0901;6;6;19;1;0;2;2;3;7
9;0901;6;6;20;1;0;0;0;3;4
9;0901;6;6;20;1;0;1;1;3;7
9;0901;6;6;20;1;0;1;1;1;4
9;0901;6;6;20;1;0;1;1;3;3
9;0901;6;6;22;1;0;2;2;3;1
9;0901;6;7;1;1;0;1;1;3;7
9;0901;6;7;1;1;0;0;0;4;3
9;0901;6;7;1;1;0;3;3;4;3
9;0901;6;7;2;1;0;0;0;4;1
9;0901;6;7;4;1;0;2;2;4;3
9;0901;6;7;15;1;0;2;2;3;4
9;0901;6;7;15;1;0;1;1;3;3
9;0901;6;7;16;1;0;1;1;3;7
9;0901;6;7;18;1;0;1;1;1;3
9;0901;6;7;19;1;0;0;0;7;3
9;0901;6;7;21;1;0;1;1;5;4
9;0901;6;7;23;1;0;1;1;3;3
9;0901;6;7;23;1;0;0;0;7;3
9;0901;6;7;23;1;0;1;1;3;7
9;0901;6;1;1;1;1;0;1;4;3
9;0901;6;1;2;1;0;2;2;3;7
9;0901;6;1;5;1;0;3;3;3;7
9;0901;6;1;5;1;1;0;1;1;5
9;0901;6;1;6;1;0;1;1;7;2
9;0901;6;1;12;1;0;2;2;3;7
9;0901;6;1;13;1;0;1;1;3;10
9;0901;6;1;14;1;1;0;1;1;10
9;0901;6;1;15;1;0;2;2;3;7
9;0901;6;2;3;1;0;2;2;4;10
9;0901;6;2;5;1;0;1;1;3;4
9;0901;6;2;7;1;0;1;1;1;3
9;0901;6;2;9;1;0;1;1;3;7
9;0901;6;2;11;1;1;0;1;2;10
9;0901;6;2;12;1;0;1;1;3;7
9;0901;6;2;16;1;0;1;1;7;3
9;0901;6;2;16;1;0;1;1;3;7
9;0901;6;2;17;1;0;1;1;7;6
9;0901;6;2;19;1;0;0;0;3;4
9;0901;6;2;19;1;0;2;2;7;3
9;0901;6;2;21;1;0;2;2;5;4
9;0901;6;2;22;1;0;0;0;7;3
9;0901;6;2;22;1;0;1;1;7;1
9;0901;6;3;8;1;0;1;1;3;7
9;0901;6;3;11;1;0;2;2;3;7
9;0901;6;3;17;1;0;1;1;3;7
9;0901;6;3;17;1;0;1;1;3;7
9;0901;6;3;17;1;0;1;1;5;3
9;0901;6;3;21;1;0;2;2;3;7
9;0901;6;3;22;1;0;0;0;7;3
9;0901;6;4;4;1;0;0;0;7;3
9;0901;6;4;9;1;0;2;2;5;4
9;0901;6;4;12;1;1;0;1;3;7
9;0901;6;4;12;1;0;4;4;3;4
9;0901;6;4;17;1;0;1;1;6;3
9;0901;6;4;17;1;0;1;1;3;7
9;0901;6;4;14;1;0;1;1;5;4
9;0901;6;5;0;1;0;1;1;1;4
9;0901;6;5;1;1;0;1;1;4;3
9;0901;6;5;1;1;0;0;0;7;3
9;0901;6;5;2;1;0;1;1;3;3
9;0901;6;5;5;1;0;2;2;4;3
9;0901;6;5;7;1;0;1;1;3;2
9;0901;6;5;13;1;0;2;2;3;10
9;0901;6;5;13;1;0;3;3;3;4
9;0901;6;5;17;1;0;2;2;3;4
9;0901;6;5;17;1;0;1;1;3;7
9;0901;6;5;17;1;0;1;1;7;3
9;0901;6;5;17;1;0;1;1;3;7
9;0901;6;5;19;1;0;3;3;3;4
9;0901;6;5;19;1;0;2;2;3;3
9;0901;6;5;20;1;0;1;1;1;1
9;0901;6;5;20;1;0;0;0;4;3
9;0901;6;5;20;1;0;1;1;7;3
9;0901;6;5;23;1;0;0;0;3;4
9;0901;6;5;23;1;0;1;1;3;3
9;0901;6;6;1;1;0;3;3;3;7
9;0901;6;6;2;1;0;2;2;7;3
9;0901;6;6;3;1;1;1;2;7;3
9;0901;6;6;4;1;0;2;2;7;1
9;0901;6;6;4;1;0;1;1;7;3
9;0901;6;6;4;1;0;2;2;7;1
9;0901;6;6;5;1;0;1;1;3;7
9;0901;6;6;5;1;0;1;1;7;3
9;0901;6;6;6;1;0;0;0;7;3
9;0901;6;6;10;1;0;1;1;3;3
9;0901;6;6;11;1;0;2;2;2;3
9;0901;6;6;14;1;0;3;3;3;7
9;0901;6;6;14;1;1;0;1;1;5
9;0901;6;6;16;1;0;1;1;3;3
9;0901;6;6;16;1;0;2;2;1;3
9;0901;6;6;17;1;0;2;2;3;3
9;0901;6;6;17;1;0;2;2;3;3
9;0901;6;6;19;1;0;1;1;1;9
9;0901;6;6;19;1;0;1;1;1;3
9;0901;6;6;19;1;0;1;1;3;3
9;0901;6;6;20;1;0;1;1;1;3
9;0901;6;6;20;1;0;1;1;1;4
9;0901;6;6;20;1;0;1;1;7;3
9;0901;6;6;23;1;0;0;0;7;3
9;0901;6;7;0;1;0;0;0;7;3
9;0901;6;7;0;1;0;0;0;7;10
9;0901;6;7;2;1;0;1;1;3;7
9;0901;6;7;2;1;1;0;1;7;3
9;0901;6;7;6;1;0;1;1;3;2
9;0901;6;7;8;1;0;2;2;1;7
9;0901;6;7;9;1;0;1;1;7;8
9;0901;6;7;10;1;0;2;2;3;3
9;0901;6;7;12;1;0;2;2;7;3
9;0901;6;7;14;1;2;0;2;6;3
9;0901;6;7;15;1;0;1;1;7;3
9;0901;6;7;16;1;0;1;1;7;3
9;0901;6;7;18;1;0;0;0;3;7
9;0901;6;7;18;1;0;1;1;7;3
9;0901;6;7;19;1;0;1;1;7;1
9;0901;6;7;20;1;1;0;1;3;3
9;0901;6;7;21;1;0;1;1;7;3
9;0901;6;7;23;1;0;3;3;3;10
9;0901;6;7;23;1;0;2;2;3;3
9;0901;6;1;0;1;0;1;1;7;3
9;0901;6;1;2;1;0;2;2;4;1
9;0901;6;1;4;1;0;1;1;7;3
9;0901;6;1;7;1;0;1;1;7;3
9;0901;6;1;7;1;0;1;1;7;3
9;0901;6;1;7;1;0;2;2;3;3
9;0901;6;1;7;1;0;1;1;7;4
9;0901;6;1;8;1;0;1;1;7;3
9;0901;6;1;9;1;0;2;2;7;3
9;0901;6;1;14;1;0;4;4;3;2
9;0901;6;1;15;1;0;1;1;3;10
9;0901;6;1;17;1;0;2;2;3;7
9;0901;6;1;17;1;0;1;1;3;3
9;0901;6;1;17;1;0;3;3;3;4
9;0901;6;1;18;1;0;1;1;3;3
9;0901;6;1;20;1;0;1;1;7;4
9;0901;6;1;20;1;0;1;1;7;3
9;0901;6;1;20;1;0;0;0;3;3
9;0901;6;1;21;1;0;1;1;1;3
9;0901;6;2;2;1;0;0;0;7;1
9;0901;6;2;6;1;0;1;1;7;2
9;0901;6;2;7;1;0;2;2;3;7
9;0901;6;2;8;1;0;2;2;1;3
9;0901;6;2;12;1;0;3;3;7;3
9;0901;6;2;13;1;0;1;1;5;4
9;0901;6;2;18;1;0;1;1;3;4
9;0901;6;2;22;1;0;1;1;3;7
9;0901;6;2;23;1;0;1;1;3;4
9;0901;6;3;7;1;0;1;1;1;3
9;0901;6;3;7;1;0;0;0;4;3
9;0901;6;3;9;1;0;2;2;3;7
9;0901;6;3;12;1;0;0;0;3;7
9;0901;6;3;17;1;0;1;1;1;5
9;0901;6;3;17;1;0;0;0;4;2
9;0901;6;3;18;1;0;1;1;1;3
9;0901;6;4;0;1;0;1;1;1;3
9;0901;6;4;0;1;0;1;1;3;3
9;0901;6;4;6;1;0;1;1;1;3
9;0901;6;4;7;1;0;1;1;1;3
9;0901;6;4;7;1;0;3;3;3;7
9;0901;6;4;8;1;0;2;2;7;3
9;0901;6;4;9;1;0;2;2;7;3
9;0901;6;4;9;1;1;0;1;3;4
9;0901;6;4;9;1;0;2;2;3;7
9;0901;6;4;10;1;0;2;2;3;7
9;0901;6;4;11;1;0;3;3;1;3
9;0901;6;4;12;1;0;1;1;5;2
9;0901;6;4;12;1;0;1;1;3;7
9;0901;6;4;14;1;0;1;1;1;4
9;0901;6;4;18;1;0;1;1;1;3
9;0901;6;4;22;1;0;0;0;3;3
9;0901;6;5;3;1;0;1;1;7;10
9;0901;6;5;4;1;0;1;1;3;3
9;0901;6;5;5;1;0;1;1;7;3
9;0901;6;5;6;1;0;2;2;3;10
9;0901;6;5;8;1;0;1;1;1;3
9;0901;6;5;15;1;0;0;0;3;3
9;0901;6;5;15;1;0;1;1;3;3
9;0901;6;5;20;1;0;1;1;1;3
9;0901;6;5;21;1;0;0;0;3;4
9;0901;6;6;0;1;0;0;0;4;3
9;0901;6;6;0;1;0;1;1;7;3
9;0901;6;6;0;1;0;5;5;3;3
9;0901;6;6;2;1;1;0;1;7;3
9;0901;6;6;3;1;0;2;2;7;3
9;0901;6;6;6;1;0;1;1;4;3
9;0901;6;6;6;1;0;0;0;7;3
9;0901;6;6;8;1;0;2;2;3;4
9;0901;6;6;9;1;0;0;0;3;2
9;0901;6;6;10;1;0;1;1;3;7
9;0901;6;6;14;1;0;1;1;3;4
9;0901;6;6;16;1;1;0;1;8;10
9;0901;6;6;17;1;0;1;1;3;3
9;0901;6;6;17;1;0;0;0;5;3
9;0901;6;6;18;1;0;1;1;7;10
9;0901;6;6;19;1;0;2;2;1;3
9;0901;6;6;19;1;0;1;1;3;7
9;0901;6;6;21;1;0;1;1;4;9
9;0901;6;6;21;1;1;1;2;3;3
9;0901;6;7;0;1;0;0;0;4;1
9;0901;6;7;0;1;1;0;1;4;3
9;0901;6;7;0;1;0;1;1;3;3
9;0901;6;7;1;1;0;1;1;7;3
9;0901;6;7;1;1;0;2;2;7;3
9;0901;6;7;1;1;0;1;1;7;3
9;0901;6;7;1;1;0;0;0;4;3
9;0901;6;7;2;1;0;0;0;7;3
9;0901;6;7;4;1;0;1;1;3;7
9;0901;6;7;5;1;0;0;0;3;7
9;0901;6;7;6;1;0;1;1;5;3
9;0901;6;7;8;1;0;1;1;7;3
9;0901;6;7;17;1;0;0;0;7;3
9;0901;6;7;19;1;0;1;1;7;3
9;0901;6;7;20;1;0;2;2;3;7
9;0901;6;7;20;1;0;1;1;4;1
9;0901;6;7;20;1;0;0;0;8;6
9;0901;6;7;22;1;0;1;1;3;3
9;0901;6;7;23;1;0;1;1;7;3
9;0901;6;7;23;1;0;1;1;4;4
9;0901;6;1;4;1;0;0;0;7;3
9;0901;6;1;8;1;0;1;1;3;7
9;0901;6;1;10;1;0;1;1;1;3
9;0901;6;1;13;1;0;1;1;3;3
9;0901;6;1;17;1;0;1;1;7;3
9;0901;6;1;18;1;0;3;3;3;4
9;0901;6;1;22;1;0;0;0;8;6
9;0901;6;2;0;1;0;2;2;7;3
9;0901;6;2;7;1;0;2;2;1;4
9;0901;6;2;8;1;0;0;0;3;4
9;0901;6;2;9;1;0;1;1;3;4
9;0901;6;2;15;1;0;2;2;7;6
9;0901;6;2;15;1;1;0;1;3;4
9;0901;6;2;17;1;0;1;1;3;7
9;0901;6;2;18;1;0;1;1;1;3
9;0901;6;3;7;1;0;1;1;1;5
9;0901;6;3;8;1;0;1;1;7;3
9;0901;6;3;11;1;0;4;4;3;2
9;0901;6;3;14;1;0;1;1;3;4
9;0901;6;3;15;1;0;1;1;3;7
9;0901;6;3;15;1;0;2;2;5;4
9;0901;6;3;16;1;0;0;0;3;4
9;0901;6;3;18;1;0;1;1;4;3
9;0901;6;3;19;1;0;1;1;3;3
9;0901;6;3;19;1;1;0;1;3;3
9;0901;6;4;0;1;0;0;0;4;3
9;0901;6;4;9;1;0;0;0;5;3
9;0901;6;4;9;1;0;1;1;2;3
9;0901;6;4;13;1;0;1;1;3;7
9;0901;6;4;16;1;0;2;2;3;7
9;0901;6;4;19;1;0;1;1;3;4
9;0901;6;4;21;1;0;1;1;3;7
9;0901;6;4;22;1;0;1;1;7;3
9;0901;6;5;6;1;0;1;1;3;7
9;0901;6;5;7;1;0;0;0;3;4
9;0901;6;5;10;1;0;1;1;1;5
9;0901;6;5;12;1;0;1;1;1;5
9;0901;6;5;15;1;0;1;1;4;3
9;0901;6;5;16;1;0;0;0;4;3
9;0901;6;5;17;1;0;1;1;1;3
9;0901;6;5;20;1;0;1;1;1;3
9;0901;6;5;22;1;0;1;1;4;3
9;0901;6;5;22;1;0;1;1;3;4
9;0901;6;5;22;1;0;1;1;1;3
9;0901;6;6;1;1;0;2;2;2;10
9;0901;6;6;2;1;1;0;1;7;3
9;0901;6;6;4;1;0;2;2;7;3
9;0901;6;6;6;1;0;1;1;7;4
9;0901;6;6;6;1;0;1;1;7;3
9;0901;6;6;6;1;0;1;1;7;4
9;0901;6;6;6;1;0;2;2;3;4
9;0901;6;6;7;1;0;1;1;7;3
9;0901;6;6;10;1;0;0;0;7;3
9;0901;6;6;14;1;0;1;1;3;7
9;0901;6;6;15;1;0;1;1;3;4
9;0901;6;6;15;1;0;0;0;3;7
9;0901;6;6;17;1;1;0;1;3;4
9;0901;6;6;20;1;0;1;1;1;4
9;0901;6;6;20;1;0;1;1;3;7
9;0901;6;6;20;1;0;2;2;3;7
9;0901;6;6;20;1;0;1;1;3;7
9;0901;6;6;22;1;0;1;1;3;7
9;0901;6;6;23;1;0;1;1;2;3
9;0901;6;6;23;1;0;1;1;1;4
9;0901;6;7;1;1;0;1;1;7;4
9;0901;6;7;1;1;1;0;1;3;7
9;0901;6;7;2;1;0;1;1;4;1
9;0901;6;7;3;1;0;1;1;7;4
9;0901;6;7;4;1;1;0;1;7;3
9;0901;6;7;4;1;0;0;0;7;1
9;0901;6;7;5;1;0;0;0;4;3
9;0901;6;7;11;1;0;1;1;7;9
9;0901;6;7;13;1;0;1;1;7;3
9;0901;6;7;16;1;0;6;6;3;1
9;0901;6;7;20;1;0;1;1;7;3
8;0803;6;7;17;2;0;2;2;3;4
5;0505;6;7;14;2;0;1;1;3;1
8;0804;6;6;20;2;0;1;1;3;4
19;1901;6;7;13;1;1;1;2;1;4
8;0807;6;7;19;2;0;2;2;3;4
17;1702;6;7;14;2;1;2;3;7;4
6;0607;6;6;1;2;0;0;0;3;1
15;1501;6;6;4;2;1;0;1;7;4
6;0607;6;1;4;2;0;0;0;7;10
6;0601;6;6;20;2;0;1;1;3;3
10;1001;6;6;23;2;0;1;1;3;4
10;1001;6;1;20;2;0;1;1;3;4
8;0804;6;1;9;2;2;5;7;1;4
13;1303;6;2;7;1;0;0;0;3;4
6;0601;6;1;12;2;1;0;1;3;2
18;1807;6;7;22;1;0;0;0;7;4
18;1807;6;2;7;1;0;0;0;5;8
17;1701;6;6;7;2;0;1;1;7;3
14;1401;6;1;19;1;0;1;1;3;4
6;0603;6;2;8;2;0;0;0;7;4
8;0804;6;2;5;2;1;0;1;1;4
14;1401;6;2;14;1;0;0;0;3;4
16;1601;6;3;17;1;0;2;2;3;4
17;1701;6;3;19;1;0;0;0;7;4
13;1317;6;4;15;1;0;1;1;1;4
10;1001;6;4;20;2;1;0;1;7;4
6;0607;6;5;23;1;0;0;0;7;3
12;1210;6;5;17;1;0;1;1;3;4
16;1602;6;5;20;2;1;0;1;3;4
17;1701;6;6;4;1;0;0;0;3;4
10;1002;6;6;3;1;0;0;0;3;4
10;1001;6;6;0;1;0;0;0;3;1
5;0504;6;6;18;1;0;3;3;3;4
5;0506;6;6;15;1;0;2;2;3;7
10;1002;6;6;15;1;0;0;0;3;4
5;0505;6;6;23;2;0;2;2;3;4
6;0607;6;7;4;2;1;0;1;3;3
18;1809;6;5;8;2;1;0;1;1;4
18;1802;6;4;18;2;0;4;4;7;4
10;1002;6;6;20;1;0;1;1;2;4
19;1901;6;7;15;2;0;1;1;4;3
19;1901;6;6;17;2;0;2;2;5;4
15;1501;6;7;10;2;0;2;2;3;4
21;2101;6;7;17;1;0;1;1;3;4
3;0303;6;5;22;2;1;0;1;4;4
4;0402;6;7;20;2;1;0;1;1;5
11;1107;6;7;1;2;0;1;1;7;4
13;1304;6;7;5;2;0;1;1;7;1
13;1304;6;7;22;2;1;0;1;3;1
5;0506;6;7;23;1;0;0;0;3;1
13;1314;6;7;23;1;0;1;1;7;3
16;1601;6;2;0;2;1;0;1;7;4
18;1807;6;7;5;2;0;2;2;7;4
6;0607;6;1;23;2;0;1;1;7;4
6;0607;6;2;7;2;0;1;1;7;3
10;1001;6;2;13;2;0;1;1;1;4
11;1108;6;2;16;2;0;1;1;3;3
5;0504;6;3;22;1;1;0;1;4;4
6;0603;6;4;7;2;0;1;1;3;3
5;0505;6;4;12;1;1;1;2;1;4
5;0505;6;4;18;1;0;1;1;3;1
4;0401;6;5;1;1;0;3;3;4;3
18;1806;6;2;11;2;0;0;0;3;6
18;1808;6;2;19;2;0;0;0;7;4
18;1807;6;5;23;2;0;1;1;7;7
18;1809;6;6;3;2;0;1;1;7;8
12;1212;6;5;13;2;0;2;2;3;3
14;1407;6;6;0;2;1;0;1;3;4
1;0115;6;6;18;1;1;0;1;1;4
17;1703;6;6;19;2;0;1;1;7;4
13;1303;6;7;0;1;0;2;2;4;7
17;1701;6;6;4;2;0;1;1;7;3
2;0201;6;6;6;2;0;1;1;3;4
12;1206;6;7;3;1;3;0;3;1;7
8;0804;6;6;19;2;2;1;3;3;9
13;1316;6;6;23;1;1;0;1;4;7
13;1304;6;7;3;1;1;0;1;3;8
12;1210;6;6;15;1;0;2;2;3;7
3;0304;6;7;17;2;1;0;1;7;3
18;1808;6;6;23;2;0;0;0;3;4
6;0604;6;7;19;2;1;0;1;4;1
18;1808;6;7;10;2;0;0;0;3;4
6;0604;6;1;9;1;0;1;1;3;4
12;1206;6;1;9;2;1;0;1;3;4
22;2201;6;7;19;1;0;1;1;3;3
22;2203;6;1;6;2;0;2;2;7;3
22;2201;6;1;20;2;0;2;2;3;3
22;2201;6;2;5;2;1;0;1;7;3
13;1303;6;2;4;2;0;0;0;7;6
5;0504;6;1;16;2;3;0;3;7;4
17;1701;6;2;22;2;0;1;1;7;9
6;0608;6;1;23;2;0;1;1;3;8
17;1705;6;6;10;2;0;0;0;4;3
17;1701;6;1;8;2;0;1;1;3;4
17;1705;6;1;10;2;0;2;2;7;1
6;0607;6;2;2;2;0;0;0;7;3
6;0601;6;2;9;2;0;1;1;3;4
2;0205;6;3;12;2;0;1;1;3;4
6;0602;6;2;14;2;1;0;1;7;3
2;0205;6;2;21;1;1;1;2;3;4
10;1001;6;3;14;2;1;0;1;1;4
10;1002;6;3;15;1;0;2;2;3;4
8;0804;6;3;16;2;1;0;1;3;4
5;0502;6;4;8;1;0;2;2;3;4
17;1703;6;4;15;2;1;1;2;7;3
12;1210;6;4;22;1;0;1;1;3;4
11;1111;6;5;11;2;0;1;1;1;4
17;1703;6;6;3;2;0;1;1;4;4
17;1703;6;6;3;2;3;0;3;7;3
6;0603;6;6;4;2;0;1;1;3;3
8;0804;6;6;17;2;0;2;2;3;4
8;0804;6;6;18;2;0;2;2;3;9
10;1001;6;6;14;2;0;2;2;3;4
17;1703;6;7;6;2;1;0;1;4;3
4;0405;6;7;6;2;1;0;1;7;3
13;1317;6;6;14;2;1;1;2;7;3
12;1210;6;6;20;1;0;1;1;3;10
5;0503;6;6;6;2;0;1;1;3;7
5;0505;6;6;23;2;0;2;2;3;4
5;0505;6;6;14;1;0;2;2;3;1
6;0602;6;7;9;2;1;0;1;7;3
18;1809;6;6;4;2;0;0;0;3;4
18;1806;6;7;15;2;1;0;1;6;4
11;1113;6;7;12;2;1;1;2;1;4
4;0401;6;7;21;2;1;0;1;1;4
10;1004;6;7;4;1;3;2;5;1;4
10;1002;6;6;20;1;1;0;1;1;4
6;0609;6;1;17;2;0;0;0;7;1
17;1701;6;7;4;1;0;4;4;4;4
11;1103;6;1;21;1;0;3;3;3;3
8;0804;6;2;19;2;1;0;1;3;4
18;1809;6;1;20;2;0;0;0;3;4
18;1802;6;2;16;2;0;0;0;3;4
3;0304;6;1;11;2;1;0;1;1;3
18;1807;6;2;19;2;0;2;2;3;7
6;0610;6;2;13;2;0;0;0;3;4
5;0502;6;2;16;1;0;1;1;3;4
17;1705;6;3;23;2;0;0;0;3;1
17;1705;6;6;23;2;0;3;3;7;4
6;0603;6;3;19;2;1;1;2;7;4
17;1701;6;3;16;1;0;1;1;7;4
12;1206;6;3;16;2;1;0;1;3;4
10;1002;6;3;13;2;0;0;0;3;4
10;1004;6;4;20;1;0;2;2;3;4
11;1103;6;5;13;2;0;1;1;3;3
8;0804;6;5;0;2;1;0;1;3;4
14;1401;6;5;14;1;0;1;1;3;4
3;0302;6;6;7;2;1;0;1;7;4
17;1702;6;7;5;1;1;1;2;3;7
24;2403;6;6;1;2;0;1;1;3;7
9;0920;6;6;4;2;1;0;1;3;7
12;1208;6;6;7;1;0;1;1;5;4
13;1312;6;6;7;2;1;0;1;3;4
9;0911;6;6;8;2;0;0;0;7;4
1;0101;6;6;8;2;0;1;1;7;4
9;0906;6;6;12;2;0;2;2;7;4
9;0923;6;6;12;1;0;1;1;3;4
12;1204;6;6;13;2;0;1;1;3;4
1;0101;6;6;14;2;0;0;0;3;7
9;0906;6;6;14;2;0;1;1;3;4
7;0709;6;6;14;2;0;1;1;7;4
12;1208;6;6;17;1;0;1;1;3;7
9;0910;6;6;18;2;0;1;1;3;7
9;0925;6;6;18;2;0;2;2;3;4
9;0925;6;6;18;2;0;4;4;3;7
9;0906;6;6;19;2;0;9;9;5;4
24;2401;6;6;19;2;0;2;2;3;7
9;0920;6;6;20;2;0;1;1;5;4
9;0920;6;6;20;2;0;1;1;7;4
12;1207;6;6;21;2;0;3;3;1;4
24;2403;6;6;23;1;0;0;0;3;4
9;0919;6;6;23;2;1;0;1;3;7
9;0911;6;6;23;1;0;2;2;3;4
23;2301;6;7;2;2;1;0;1;3;7
1;0109;6;7;2;2;0;1;1;3;7
9;0910;6;7;7;2;0;1;1;7;4
1;0115;6;7;8;2;0;1;1;3;7
12;1201;6;7;10;2;0;2;2;3;7
1;0101;6;7;12;2;0;2;2;5;4
9;0905;6;7;12;2;0;3;3;3;7
9;0905;6;7;12;2;0;3;3;3;7
12;9008;6;7;19;2;0;2;2;7;4
9;0906;6;7;19;2;0;1;1;2;5
9;0906;6;7;19;2;0;1;1;5;4
9;0909;6;7;19;2;0;1;1;8;10
12;1208;6;7;22;1;0;2;2;3;4
12;1208;6;1;0;1;0;2;2;6;4
7;0701;6;1;1;2;0;1;1;7;4
9;0902;6;1;4;2;0;1;1;7;4
24;2402;6;1;4;2;0;1;1;7;4
12;1201;6;1;4;2;0;2;2;3;7
24;2402;6;1;6;2;0;1;1;3;7
7;0709;6;1;7;2;0;1;1;3;4
24;2401;6;1;9;2;0;1;1;2;5
23;2301;6;1;9;2;0;1;1;7;4
9;0902;6;1;9;2;0;1;1;8;10
9;0903;6;1;10;2;0;0;0;3;4
9;0906;6;1;13;2;0;1;1;1;4
13;1314;6;1;14;2;0;2;2;6;4
13;1319;6;1;14;2;0;1;1;3;7
13;1321;6;1;18;2;0;1;1;3;7
24;2401;6;1;19;2;0;1;1;1;4
7;0706;6;1;20;2;0;2;2;6;4
12;1207;6;1;20;2;0;1;1;7;4
17;1703;6;1;22;2;0;0;0;7;4
9;0925;6;2;7;2;0;1;1;7;4
9;0906;6;2;13;1;0;3;3;1;4
19;1904;6;3;7;2;0;0;0;3;7
24;2401;6;3;7;2;0;1;1;5;4
24;2402;6;3;12;1;0;2;2;3;7
12;1210;6;3;16;2;0;0;0;3;7
9;0916;6;3;16;2;0;1;1;7;4
24;2402;6;3;17;1;0;1;1;3;4
9;0916;6;3;23;1;0;0;0;3;4
9;0906;6;4;5;2;0;1;1;3;7
9;0911;6;4;12;1;0;1;1;4;4
9;0901;6;4;15;2;0;0;0;4;4
13;1309;6;4;17;2;0;1;1;6;4
13;1309;6;4;20;2;0;1;1;3;7
9;0909;6;4;20;2;0;1;1;1;4
1;0103;6;4;21;2;0;1;1;7;4
9;0906;6;4;23;1;0;0;0;7;4
1;0101;6;4;23;2;0;0;0;4;4
1;0103;6;5;1;2;0;0;0;3;7
7;0702;6;5;1;1;0;1;1;7;4
12;1201;6;5;5;2;0;0;0;7;4
24;2401;6;5;7;2;0;1;1;3;4
9;0916;6;5;11;1;0;1;1;5;4
24;2403;6;5;13;2;0;0;0;3;4
9;0906;6;5;14;2;0;0;0;3;7
13;1309;6;5;16;2;0;1;1;3;7
1;0105;6;5;18;2;0;1;1;1;4
12;1207;6;5;19;1;0;2;2;7;4
9;0918;6;5;20;2;0;3;3;3;7
9;0911;6;5;20;2;0;1;1;1;4
12;1204;6;5;20;2;1;1;2;3;4
9;0906;6;5;21;1;0;2;2;4;4
9;0910;6;5;21;2;0;1;1;3;7
13;1309;6;5;22;2;0;2;2;7;4
9;0903;6;5;22;2;0;3;3;7;4
7;0710;6;5;22;2;0;0;0;3;7
24;2402;6;6;5;2;0;1;1;3;7
9;0916;6;6;10;1;0;2;2;3;4
24;2403;6;6;11;1;0;0;0;3;7
13;1312;6;6;12;2;0;0;0;4;4
9;0922;6;6;14;1;0;1;1;8;10
9;0903;6;6;15;2;0;1;1;6;4
1;0105;6;6;19;2;0;2;2;7;4
12;1208;6;6;19;1;0;1;1;7;4
9;0920;6;6;20;2;0;2;2;3;4
9;0912;6;6;20;2;0;2;2;3;4
9;0911;6;6;21;2;0;1;1;1;4
9;0916;6;7;0;1;0;2;2;3;4
12;1210;6;7;0;2;0;1;1;1;4
23;2302;6;7;1;1;2;1;3;3;7
9;0916;6;7;1;2;0;1;1;7;4
7;0714;6;7;3;2;0;1;1;7;4
9;0910;6;7;5;2;0;0;0;3;4
9;0911;6;7;6;1;0;2;2;6;4
12;1208;6;7;7;1;1;0;1;7;4
24;2403;6;7;7;2;0;0;0;3;4
9;0902;6;7;8;2;0;2;2;7;4
9;0925;6;7;11;2;0;0;0;3;7
9;0911;6;7;11;2;0;1;1;6;4
12;1208;6;7;12;1;0;1;1;1;4
12;1207;6;7;14;1;0;2;2;3;7
9;0919;6;7;14;2;0;1;1;6;4
1;0103;6;7;17;2;0;1;1;7;4
1;0102;6;7;18;2;0;1;1;7;4
9;0925;6;7;18;2;0;2;2;3;4
24;2402;6;7;18;2;0;0;0;3;4
24;2402;6;7;19;1;0;1;1;3;7
12;1203;6;7;19;2;0;2;2;3;7
9;0922;6;7;19;2;0;1;1;7;4
9;0902;6;7;20;2;0;1;1;3;4
9;0901;6;7;22;2;0;1;1;4;4
9;0910;6;1;2;2;0;0;0;7;4
17;1703;6;1;6;2;1;0;1;7;4
12;1210;6;1;8;2;0;0;0;3;7
9;0906;6;1;9;1;0;0;0;7;4
9;0914;6;1;12;2;0;0;0;3;4
24;2402;6;1;12;2;0;2;2;3;7
24;2401;6;1;12;2;0;2;2;3;4
9;0906;6;1;13;2;0;0;0;4;4
24;2402;6;1;13;1;0;1;1;5;4
13;1306;6;1;15;2;0;0;0;7;4
9;0920;6;1;16;2;0;1;1;3;7
12;1208;6;1;18;1;0;1;1;7;4
1;0102;6;1;19;2;0;0;0;3;7
17;1703;6;2;5;2;0;1;1;5;4
12;1201;6;2;5;2;1;0;1;3;4
7;0701;6;2;6;2;0;1;1;6;4
7;0710;6;2;6;2;0;0;0;3;7
12;1210;6;2;9;2;0;1;1;3;4
13;1301;6;2;10;2;0;0;0;3;4
1;0103;6;2;11;2;0;1;1;3;7
13;1321;6;2;12;2;0;1;1;7;4
13;1309;6;2;13;2;0;3;3;3;7
12;1207;6;2;14;1;0;2;2;1;4
9;0906;6;2;15;1;0;1;1;7;4
1;0101;6;2;16;2;0;0;0;7;4
24;2401;6;2;16;2;0;2;2;5;4
9;0916;6;2;17;1;0;1;1;3;4
12;1207;6;2;19;2;0;0;0;7;4
9;0921;6;2;20;2;0;2;2;3;4
9;0906;6;3;2;2;1;0;1;1;4
23;2302;6;3;6;2;1;0;1;7;4
9;0906;6;3;6;2;1;0;1;1;4
9;0920;6;3;7;2;0;1;1;2;5
9;0916;6;3;7;1;0;1;1;4;4
9;0906;6;3;8;1;0;1;1;1;4
9;0902;6;3;10;2;1;0;1;3;7
9;0916;6;3;11;2;0;0;0;4;4
12;1210;6;3;12;2;0;2;2;3;4
9;0906;6;3;15;1;0;0;0;3;7
13;1306;6;3;17;2;0;1;1;3;7
12;1204;6;3;19;2;0;3;3;3;4
7;0709;6;3;19;2;0;0;0;3;4
9;0918;6;4;7;2;0;1;1;1;4
1;0108;6;4;11;2;0;0;0;2;5
13;1301;6;4;12;2;1;0;1;3;7
9;0924;6;4;13;2;0;1;1;6;4
9;0916;6;4;18;2;0;1;1;5;4
2;0206;6;4;19;1;0;1;1;1;4
9;0906;6;4;19;1;0;2;2;4;4
12;1207;6;4;19;2;0;2;2;3;7
9;0910;6;5;0;2;0;2;2;3;4
12;1210;6;5;2;2;0;0;0;3;4
9;0911;6;5;5;2;0;1;1;1;4
12;1208;6;5;7;1;1;0;1;7;4
9;0911;6;5;11;1;0;1;1;3;7
9;0906;6;5;11;1;0;1;1;2;5
9;0901;6;5;12;2;0;1;1;7;4
9;0906;6;5;15;1;0;1;1;4;4
7;0707;6;5;16;2;0;1;1;7;4
9;0906;6;5;17;2;0;0;0;5;4
9;0910;6;5;17;2;0;1;1;1;4
17;1703;6;5;17;2;0;0;0;3;7
17;1703;6;5;18;2;0;0;0;3;4
12;9008;6;5;18;1;0;1;1;1;4
1;0101;6;5;20;2;0;1;1;5;4
12;1210;6;5;21;2;1;2;3;1;4
1;0101;6;5;22;2;0;0;0;3;4
9;0901;6;6;3;2;0;0;0;7;4
9;0916;6;6;4;2;0;0;0;8;10
9;0908;6;6;11;2;0;1;1;1;4
9;0921;6;6;12;2;0;0;0;2;5
11;1111;6;6;13;2;0;1;1;7;4
1;0101;6;6;14;2;0;0;0;3;7
9;0903;6;6;15;2;0;1;1;7;4
12;1207;6;6;17;2;0;1;1;5;4
9;0906;6;6;18;2;0;2;2;3;4
9;0904;6;6;18;2;0;2;2;1;4
9;0911;6;6;19;1;0;1;1;1;4
9;0911;6;6;19;2;1;0;1;3;7
2;0206;6;6;19;1;0;1;1;5;4
9;0920;6;6;20;2;0;2;2;1;4
9;0906;6;6;20;2;0;1;1;3;7
1;0108;6;6;21;2;0;0;0;3;7
9;0911;6;6;21;2;0;1;1;4;4
9;0901;6;6;21;2;0;1;1;7;4
12;1208;6;6;21;1;0;2;2;1;4
9;0911;6;6;22;2;0;1;1;1;4
9;0921;6;6;23;2;0;1;1;7;4
9;0916;6;7;3;1;0;0;0;3;4
9;0911;6;7;3;2;0;0;0;7;4
9;0904;6;7;5;2;0;0;0;7;4
9;0913;6;7;6;2;1;0;1;4;4
7;0706;6;7;6;2;0;0;0;7;4
12;1201;6;7;7;2;0;1;1;1;4
9;0906;6;7;9;2;0;2;2;4;4
9;0921;6;7;12;1;0;1;1;1;4
24;2402;6;7;13;1;0;1;1;3;7
9;0920;6;7;14;1;0;3;3;3;4
12;1203;6;7;16;2;0;5;5;3;7
13;1309;6;7;17;2;0;0;0;3;4
7;0701;6;7;18;2;0;6;6;3;4
12;1204;6;7;18;2;0;3;3;7;4
9;0911;6;7;19;2;0;1;1;3;7
9;0925;6;7;19;2;0;1;1;1;4
9;0909;6;7;20;2;0;1;1;7;4
24;2401;6;7;21;2;1;1;2;3;4
12;1207;6;7;21;2;0;1;1;1;4
9;0911;6;7;22;2;0;0;0;7;4
9;0920;6;7;23;2;1;0;1;3;7
9;0906;6;7;23;1;0;0;0;4;4
9;0911;6;7;23;2;0;2;2;1;4
9;0902;6;7;23;2;1;0;1;7;4
24;2402;6;1;3;2;0;1;1;3;7
2;0207;6;1;8;1;0;1;1;7;4
23;2302;6;1;9;2;0;2;2;7;4
9;0913;6;1;9;1;0;1;1;7;4
1;0101;6;1;9;2;0;2;2;7;4
1;0102;6;1;10;2;0;0;0;7;4
12;1207;6;1;10;1;0;1;1;3;4
9;0906;6;1;11;2;0;1;1;2;5
9;0909;6;1;14;2;0;2;2;3;4
13;1314;6;1;16;2;0;1;1;6;4
9;0925;6;1;16;2;0;1;1;3;4
12;1205;6;1;16;2;0;2;2;7;4
9;0920;6;1;20;2;0;1;1;1;4
9;0916;6;2;0;2;0;1;1;7;4
17;1703;6;2;2;2;0;1;1;7;4
9;0920;6;2;6;2;0;1;1;7;4
13;1309;6;2;7;2;0;1;1;3;4
9;0906;6;2;11;2;0;2;2;3;7
12;1203;6;2;12;2;0;4;4;3;7
12;1208;6;2;16;2;0;1;1;1;4
9;0909;6;2;16;2;0;2;2;3;7
9;0906;6;2;16;2;0;0;0;3;4
9;0916;6;2;17;1;0;0;0;8;10
9;0914;6;2;18;1;0;3;3;3;7
9;0920;6;3;2;2;0;0;0;7;4
9;0906;6;3;7;2;0;0;0;2;5
9;0925;6;3;10;2;0;1;1;1;4
24;2402;6;3;18;2;0;1;1;3;7
9;0920;6;3;21;2;0;1;1;1;4
9;9004;6;4;6;2;0;2;2;3;7
7;0710;6;4;7;2;0;1;1;3;7
9;0906;6;4;9;2;0;1;1;3;7
9;0916;6;4;12;1;0;0;0;3;4
9;0901;6;4;15;2;0;0;0;7;4
9;0906;6;4;16;2;0;2;2;7;4
9;0918;6;4;19;2;0;2;2;7;4
24;2403;6;4;19;1;0;3;3;3;4
24;2402;6;4;21;2;0;3;3;3;7
9;0921;6;5;5;2;0;0;0;7;4
9;0916;6;5;6;1;0;0;0;4;4
9;0920;6;5;6;2;1;1;2;1;4
9;0902;6;5;6;2;1;0;1;3;4
9;0920;6;5;6;2;0;0;0;4;4
9;0901;6;5;8;2;0;3;3;7;4
9;0912;6;5;9;1;0;1;1;1;4
9;0919;6;5;11;1;0;1;1;3;4
9;0911;6;5;11;2;0;5;5;3;4
24;2402;6;5;12;1;0;1;1;3;7
9;0916;6;5;13;1;0;1;1;5;4
13;1310;6;5;13;2;0;2;2;3;4
1;0101;6;5;20;2;0;0;0;4;4
24;2401;6;5;20;1;0;3;3;3;7
9;0912;6;5;20;2;1;0;1;3;7
9;0906;6;5;21;2;0;1;1;1;4
7;0714;6;5;21;2;0;0;0;4;4
9;0901;6;5;23;2;0;0;0;7;4
13;1309;6;6;1;2;0;2;2;3;7
12;1205;6;6;5;2;1;0;1;3;7
13;1309;6;6;6;2;0;1;1;3;7
24;2402;6;6;8;1;0;1;1;3;7
9;0921;6;6;9;1;0;0;0;3;7
1;0101;6;6;12;2;0;1;1;3;7
9;0916;6;6;13;1;0;1;1;5;4
9;0921;6;6;15;1;0;1;1;3;7
24;2402;6;6;15;1;0;1;1;1;4
9;0911;6;6;17;2;0;1;1;6;4
9;0916;6;6;18;1;0;0;0;4;4
12;1207;6;6;19;2;0;1;1;1;4
24;2401;6;6;19;2;0;0;0;4;4
24;2401;6;6;21;2;0;2;2;7;4
24;2402;6;6;21;1;0;2;2;3;7
9;0906;6;6;23;1;0;2;2;3;7
1;0108;6;7;1;2;0;3;3;3;7
23;2301;6;7;1;2;0;1;1;3;4
9;0901;6;7;2;1;0;0;0;4;4
9;0925;6;7;3;2;0;1;1;4;4
9;0927;6;7;3;2;0;0;0;7;4
2;0206;6;7;3;1;0;2;2;3;7
24;2401;6;7;4;2;0;4;4;4;4
9;0916;6;7;4;1;0;0;0;3;4
24;2401;6;7;5;2;0;1;1;7;4
9;0908;6;7;9;1;0;1;1;1;4
9;0902;6;7;11;2;0;2;2;3;7
7;0712;6;7;14;2;0;1;1;7;4
9;0906;6;7;21;2;0;1;1;3;7
9;0912;6;7;21;2;0;2;2;7;4
9;0906;6;7;21;2;0;1;1;7;4
1;0101;6;7;23;2;0;2;2;3;7
12;1201;6;1;6;2;0;1;1;3;7
12;1203;6;1;6;2;0;1;1;7;4
13;1309;6;1;8;2;0;0;0;4;4
7;0707;6;1;10;1;0;0;0;3;7
7;0706;6;1;18;2;0;1;1;1;4
13;1312;6;1;19;2;0;1;1;3;4
9;0918;6;1;21;2;0;1;1;7;4
9;0908;6;1;21;1;0;1;1;8;10
1;0103;6;2;4;2;0;0;0;7;4
13;1313;6;2;7;2;0;1;1;3;7
24;2401;6;2;8;2;0;20;20;7;4
23;2301;6;2;8;2;0;2;2;3;4
1;0108;6;2;12;2;0;1;1;5;4
24;2403;6;2;13;1;0;1;1;1;4
9;0912;6;2;16;2;0;1;1;7;4
1;0105;6;2;17;2;0;0;0;7;4
12;1210;6;2;23;2;3;0;3;3;7
24;2403;6;3;1;1;0;1;1;3;7
9;0903;6;3;6;2;0;1;1;4;4
9;0910;6;3;8;2;0;1;1;2;5
9;0906;6;3;10;2;1;0;1;3;7
9;0920;6;3;11;2;0;1;1;1;4
7;0710;6;3;14;2;0;0;0;3;4
9;0906;6;3;15;2;0;1;1;1;4
9;0922;6;3;17;2;0;1;1;1;4
13;1301;6;3;17;2;0;2;2;7;4
12;1201;6;3;18;2;0;1;1;1;4
12;1210;6;3;18;2;0;1;1;3;4
9;0925;6;3;19;2;0;2;2;3;7
24;2402;6;3;19;1;0;0;0;3;7
13;1306;6;3;19;2;0;1;1;1;4
9;0923;6;3;20;2;0;3;3;3;7
9;0901;6;4;0;2;0;0;0;7;4
12;1201;6;4;7;2;0;0;0;3;4
9;0921;6;4;7;1;0;1;1;3;7
7;0709;6;4;7;2;1;23;24;7;4
9;0911;6;4;8;2;0;1;1;8;10
9;0906;6;4;12;1;0;1;1;3;7
9;0920;6;4;12;1;0;1;1;1;4
17;1703;6;4;12;2;0;1;1;7;4
9;0908;6;4;12;2;0;1;1;3;4
11;1101;6;4;15;2;0;1;1;7;4
12;1201;6;4;15;2;0;2;2;3;7
13;1316;6;4;18;2;0;0;0;6;4
9;0911;6;4;19;2;0;1;1;1;4
9;0906;6;5;0;2;0;1;1;3;4
24;2402;6;5;4;2;0;1;1;5;4
9;0911;6;5;5;2;0;2;2;1;4
1;0101;6;5;6;2;0;0;0;3;7
24;2401;6;5;7;2;0;1;1;2;5
9;0916;6;5;8;2;0;0;0;3;4
12;1207;6;5;13;2;0;9;9;3;7
13;1313;6;5;13;2;0;2;2;3;7
9;0911;6;5;15;1;0;1;1;4;4
24;2403;6;5;16;1;0;2;2;3;7
9;0901;6;5;18;2;0;1;1;1;4
9;0910;6;5;18;2;0;1;1;1;4
12;1210;6;5;21;2;0;1;1;3;7
12;1210;6;5;23;2;0;0;0;5;4
9;0916;6;6;2;1;0;0;0;4;4
9;0906;6;6;3;1;0;0;0;3;7
9;0902;6;6;4;2;1;0;1;7;4
9;0911;6;6;6;2;0;1;1;3;4
9;0919;6;6;7;2;0;1;1;7;4
24;2401;6;6;8;1;0;2;2;3;7
9;0911;6;6;11;2;0;1;1;2;5
9;0911;6;6;11;1;0;1;1;3;7
9;0919;6;6;12;2;0;2;2;3;7
9;0921;6;6;12;1;0;1;1;3;7
24;2401;6;6;15;2;0;2;2;7;4
13;1313;6;6;16;2;0;0;0;7;4
12;1204;6;6;17;2;0;1;1;5;4
9;0901;6;6;18;2;0;1;1;3;7
9;0901;6;6;19;2;0;0;0;7;4
7;0712;6;6;19;2;0;0;0;7;4
24;2401;6;6;22;2;1;0;1;3;7
13;1309;6;7;1;2;0;1;1;3;4
9;0901;6;7;1;2;0;0;0;3;4
7;0701;6;7;1;2;0;0;0;7;4
9;0906;6;7;6;2;0;1;1;1;4
12;1208;6;7;10;2;3;1;4;3;4
9;0904;6;7;13;2;0;1;1;5;4
12;1208;6;7;14;1;0;4;4;3;7
2;0203;6;7;14;1;0;4;4;3;7
9;0911;6;7;15;2;0;1;1;3;7
9;0902;6;7;17;2;0;1;1;5;4
9;0908;6;7;18;2;0;2;2;7;4
9;0910;6;7;19;2;0;1;1;8;10
7;0706;6;7;20;2;0;0;0;7;4
23;2301;6;7;20;2;0;0;0;7;4
13;1301;6;7;21;2;0;0;0;3;4
9;0916;6;7;23;1;0;0;0;3;7
11;1101;6;6;3;2;0;2;2;7;4
6;0607;6;3;10;1;1;0;1;1;7
6;0601;6;7;3;2;1;0;1;1;7
6;0601;6;5;16;2;0;1;1;3;2
13;1301;6;6;6;1;0;1;1;3;7
13;1301;6;6;13;1;0;0;0;4;4
13;1301;6;7;21;1;0;0;0;8;9
13;1301;6;2;12;1;0;1;1;8;4
11;1101;6;1;19;1;0;0;0;3;1
11;1101;6;2;22;1;0;1;1;3;4
11;1101;6;3;21;1;0;2;2;3;1
10;1004;6;7;18;1;1;0;1;1;4
1;0101;6;6;13;1;0;1;1;5;4
1;0101;6;5;18;1;1;0;1;1;5
1;0101;6;7;19;1;0;1;1;1;1
18;1801;6;1;4;1;0;1;1;4;3
11;1101;6;4;11;1;0;0;0;4;6
11;1101;6;4;18;1;0;1;1;1;5
11;1101;6;5;0;1;0;0;0;4;3
11;1101;6;6;20;2;0;5;5;5;1
11;1101;6;7;4;1;0;1;1;3;1
11;1101;6;6;23;1;0;0;0;4;4
11;1101;6;7;12;2;0;0;0;3;3
18;1801;6;6;19;2;0;0;0;3;7
11;1101;6;7;16;1;0;0;0;4;1
11;1101;6;2;9;1;0;0;0;3;7
18;1801;6;7;2;2;0;0;0;3;2
18;1801;6;6;1;1;0;2;2;1;1
18;1801;6;6;21;1;0;0;0;3;4
18;1801;6;2;23;2;0;0;0;4;1
18;1801;6;3;20;2;0;3;3;6;4
18;1801;6;3;23;1;0;0;0;4;3
18;1801;6;5;14;1;0;1;1;3;2
18;1801;6;6;12;1;1;0;1;1;5
18;1801;6;5;22;2;0;1;1;7;3
23;2301;6;6;17;1;0;1;1;7;3
23;2301;6;6;21;1;0;2;2;3;7
18;1801;6;4;6;2;1;0;1;1;3
23;2301;6;7;0;1;0;2;2;3;1
18;1801;6;3;23;1;0;1;1;4;3
8;0804;6;7;3;2;1;0;1;4;3
18;1801;6;5;11;1;0;1;1;3;7
18;1801;6;6;8;1;0;2;2;3;4
23;2301;6;7;7;1;0;2;2;3;4
18;1801;6;5;13;1;0;1;1;1;5
23;2301;6;6;23;1;0;0;0;3;1
1;0101;6;7;21;1;0;1;1;7;1
23;2301;6;7;12;2;0;0;0;3;4
23;2301;6;7;13;2;0;0;0;7;3
23;2301;6;1;12;1;0;2;2;3;4
23;2301;6;2;14;2;0;1;1;3;4
23;2301;6;2;19;1;0;0;0;3;4
23;2301;6;2;14;1;0;1;1;3;7
23;2301;6;2;22;1;0;3;3;3;7
23;2301;6;3;8;1;0;0;0;3;4
23;2301;6;4;0;2;0;0;0;1;4
23;2301;6;4;2;1;0;0;0;3;1
23;2301;6;4;12;1;0;0;0;4;3
23;2301;6;5;23;1;0;1;1;7;3
23;2301;6;6;9;2;0;1;1;3;7
23;2301;6;6;10;1;0;1;1;5;4
23;2301;6;6;19;1;2;1;3;4;3
23;2301;6;7;16;1;0;0;0;1;4
17;1709;6;7;21;1;0;0;0;3;7
23;2301;6;1;13;2;0;1;1;3;3
23;2301;6;1;20;1;0;1;1;3;1
17;1709;6;1;19;1;1;0;1;1;4
18;1801;6;1;8;1;0;1;1;1;5
9;0907;6;3;10;1;0;0;0;5;2
9;0907;6;5;12;1;0;0;0;5;4
9;0907;6;3;7;1;0;1;1;3;4
13;1301;6;5;16;1;0;2;2;3;3
13;1301;6;6;5;1;0;0;0;7;3
13;1301;6;1;7;1;0;1;1;3;7
17;1701;6;6;15;1;0;1;1;1;5
13;1301;6;1;14;1;1;0;1;7;3
17;1701;6;6;9;2;0;0;0;1;4
13;1301;6;2;12;1;0;0;0;3;7
17;1701;6;6;9;1;0;1;1;3;4
13;1301;6;4;23;1;0;1;1;3;7
17;1701;6;6;17;2;0;3;3;3;3
17;1701;6;6;11;2;0;0;0;3;4
17;1701;6;6;21;1;0;0;0;3;4
17;1701;6;6;22;1;0;0;0;3;4
17;1701;6;6;14;1;0;0;0;3;4
17;1701;6;6;19;1;0;0;0;4;3
17;1701;6;6;7;1;0;0;0;4;3
17;1701;6;6;15;1;0;0;0;4;2
17;1701;6;6;3;1;1;0;1;7;3
17;1701;6;7;1;1;1;0;1;3;1
17;1701;6;1;8;1;0;1;1;8;5
17;1701;6;7;3;1;1;0;1;8;3
17;1701;6;7;22;1;0;0;0;3;1
18;1801;6;3;19;2;1;0;1;1;3
17;1701;6;7;15;1;0;0;0;4;2
17;1701;6;7;12;1;1;0;1;7;2
17;1701;6;7;21;1;0;1;1;1;5
18;1801;6;1;19;1;0;1;1;3;4
17;1701;6;7;2;2;0;0;0;3;1
17;1701;6;7;10;1;0;0;0;3;1
18;1801;6;2;21;2;1;0;1;1;3
17;1701;6;1;13;2;0;0;0;8;7
17;1701;6;7;9;2;0;1;1;3;2
17;1701;6;1;9;1;0;2;2;1;5
17;1701;6;1;6;1;0;0;0;3;2
17;1701;6;7;13;1;0;6;6;4;3
18;1801;6;1;23;2;0;2;2;4;1
17;1701;6;1;5;1;0;0;0;3;1
17;1701;6;2;7;1;0;1;1;1;1
17;1701;6;1;8;2;0;0;0;3;2
18;1801;6;4;18;1;0;1;1;1;4
17;1701;6;2;5;1;0;0;0;3;3
17;1701;6;2;8;1;0;1;1;3;7
17;1701;6;1;10;1;0;0;0;3;7
17;1701;6;2;18;2;0;1;1;1;5
17;1701;6;2;8;1;0;0;0;4;2
17;1701;6;2;11;1;0;1;1;4;3
17;1701;6;1;12;1;0;3;3;3;3
17;1701;6;2;16;1;1;0;1;8;3
17;1701;6;1;18;1;0;0;0;4;2
17;1701;6;3;13;1;0;1;1;1;5
17;1701;6;3;14;1;0;1;1;1;4
18;1801;6;7;3;2;0;0;0;4;1
17;1701;6;4;7;1;0;0;0;3;2
17;1701;6;3;19;1;0;1;1;3;3
17;1701;6;3;13;1;0;1;1;3;3
17;1701;6;4;13;1;0;1;1;3;2
17;1701;6;3;16;1;0;0;0;3;4
17;1701;6;4;15;1;0;1;1;3;7
17;1701;6;3;23;1;1;1;2;3;7
17;1701;6;4;20;2;0;1;1;4;1
17;1701;6;3;2;1;0;0;0;4;4
17;1701;6;5;10;1;1;0;1;8;2
17;1701;6;5;0;2;0;6;6;8;4
17;1701;6;6;8;1;1;0;1;1;5
17;1701;6;5;3;1;0;0;0;8;4
1;0101;6;7;2;2;0;1;1;4;7
17;1701;6;6;20;1;0;3;3;1;1
17;1701;6;6;19;1;0;1;1;3;1
17;1701;6;5;7;1;0;1;1;1;5
17;1701;6;5;8;1;1;0;1;1;4
14;1410;6;6;21;1;0;0;0;7;4
18;1801;6;6;1;1;0;0;0;4;1
18;1801;6;6;5;1;0;0;0;4;1
17;1701;6;6;21;1;0;1;1;1;5
17;1701;6;6;17;1;0;0;0;3;4
10;1001;6;1;7;1;0;0;0;1;4
17;1701;6;5;7;2;0;1;1;2;5
17;1701;6;5;0;1;0;3;3;3;3
10;1001;6;1;9;1;0;1;1;3;3
17;1701;6;6;19;1;0;2;2;8;4
17;1701;6;6;6;1;0;2;2;3;7
17;1701;6;5;19;2;0;0;0;3;2
18;1801;6;6;16;1;0;0;0;3;4
17;1701;6;6;8;1;0;1;1;7;3
10;1001;6;1;10;2;0;0;0;7;3
17;1701;6;5;15;2;0;0;0;3;2
17;1701;6;6;5;1;0;0;0;4;3
17;1701;6;6;19;1;0;2;2;3;3
17;1701;6;5;9;1;0;1;1;3;4
17;1701;6;5;1;1;0;2;2;3;1
17;1701;6;6;21;1;0;0;0;3;2
17;1701;6;5;14;1;0;1;1;3;4
17;1701;6;5;15;2;0;0;0;3;1
17;1701;6;6;23;1;0;0;0;4;4
17;1701;6;6;4;1;0;0;0;7;2
17;1701;6;6;21;1;1;0;1;8;4
17;1701;6;6;15;1;0;1;1;1;4
17;1701;6;6;22;1;0;0;0;7;4
10;1001;6;3;6;1;0;1;1;4;3
17;1701;6;6;13;1;0;0;0;7;4
17;1701;6;5;20;1;0;0;0;4;1
17;1701;6;5;19;1;0;0;0;4;3
1;0101;6;1;14;2;0;0;0;3;4
17;1701;6;5;8;1;0;0;0;4;2
17;1701;6;7;2;1;0;2;2;3;1
17;1701;6;5;18;2;0;0;0;7;3
17;1701;6;7;23;1;0;1;1;4;3
17;1701;6;7;1;1;0;1;1;4;2
17;1701;6;7;6;1;0;0;0;4;3
17;1701;6;7;10;1;0;0;0;3;1
17;1701;6;1;0;1;0;0;0;4;2
17;1701;6;7;1;1;0;0;0;4;3
1;0101;6;7;19;2;0;1;1;3;7
17;1701;6;7;18;1;0;1;1;1;5
17;1701;6;7;0;1;1;1;2;7;2
17;1701;6;7;5;1;0;0;0;7;4
17;1701;6;7;3;1;0;0;0;4;3
17;1701;6;5;8;1;0;1;1;8;2
17;1701;6;7;4;2;0;0;0;4;4
17;1701;6;6;12;1;0;0;0;3;7
11;1101;6;2;23;1;0;0;0;4;4
23;2301;6;5;23;1;0;0;0;3;4
11;1101;6;3;0;1;0;0;0;3;1
11;1101;6;5;5;1;0;1;1;4;4
11;1101;6;3;19;1;1;0;1;1;5
11;1101;6;4;13;1;0;1;1;3;4
23;2301;6;1;1;1;0;2;2;3;8
23;2301;6;7;7;2;0;1;1;3;2
23;2301;6;5;1;1;0;0;0;4;3
23;2301;6;5;13;1;0;1;1;5;3
12;1205;6;1;8;1;0;0;0;3;4
23;2301;6;6;1;1;1;1;2;4;8
23;2301;6;5;22;1;0;1;1;7;3
23;2301;6;6;22;1;0;1;1;7;3
23;2301;6;7;12;1;0;3;3;3;4
9;0907;6;6;23;1;0;0;0;3;1
9;0907;6;6;23;1;0;0;0;3;1
9;0907;6;7;7;1;0;0;0;4;3
9;0907;6;7;19;1;0;0;0;1;5
9;0907;6;7;19;1;0;0;0;1;5
9;0907;6;7;20;1;0;0;0;1;3
9;0907;6;1;11;1;0;0;0;1;4
9;0907;6;1;18;1;0;2;2;3;4
9;0907;6;2;19;1;0;1;1;3;4
9;0907;6;3;6;1;0;1;1;2;5
9;0907;6;3;14;1;1;0;1;3;3
9;0907;6;3;14;1;0;1;1;3;2
9;0907;6;3;17;1;0;0;0;5;4
9;0907;6;5;20;1;0;0;0;2;2
9;0907;6;5;17;1;0;2;2;3;4
9;0907;6;6;18;1;0;2;2;3;4
9;0907;6;7;19;1;0;0;0;1;4
9;0907;6;7;21;1;0;0;0;3;4
9;0907;6;1;13;1;0;1;1;2;2
9;0907;6;1;19;1;0;1;1;4;4
9;0907;6;2;14;1;0;1;1;3;4
9;0907;6;3;0;1;0;0;0;7;4
9;0907;6;3;7;1;0;0;0;3;4
9;0907;6;4;6;1;0;1;1;1;4
9;0907;6;5;16;1;0;0;0;4;4
9;0907;6;6;7;1;0;2;2;2;3
9;0907;6;6;8;1;0;0;0;3;4
9;0907;6;6;15;1;0;1;1;3;4
9;0907;6;6;19;1;0;1;1;3;1
9;0907;6;6;21;1;0;1;1;2;1
10;1004;6;6;10;1;0;0;0;1;4
10;1004;6;7;19;1;1;0;1;1;4
18;1801;6;3;13;1;0;0;0;1;4
18;1801;6;3;18;2;0;1;1;7;3
18;1801;6;1;21;2;0;0;0;3;7
6;0601;6;1;12;1;0;1;1;3;7
18;1801;6;2;8;1;0;2;2;3;7
18;1801;6;4;7;2;0;1;1;3;7
18;1801;6;7;16;1;0;0;0;3;1
18;1801;6;7;0;1;0;0;0;4;1
1;0101;6;2;6;1;0;1;1;3;7
5;0501;6;1;1;2;0;0;0;7;4
18;1801;6;6;7;1;0;1;1;1;1
1;0101;6;6;13;1;0;0;0;3;4
18;1801;6;7;3;2;0;0;0;3;4
5;0501;6;6;13;2;0;0;0;7;3
18;1801;6;2;20;1;0;0;0;4;4
18;1801;6;3;8;1;0;0;0;4;4
5;0501;6;6;19;1;0;0;0;3;4
18;1801;6;7;15;1;0;0;0;3;4
1;0101;6;1;5;1;0;2;2;3;4
5;0501;6;7;14;2;0;0;0;7;3
1;0101;6;2;16;1;0;1;1;3;7
5;0501;6;7;12;1;0;0;0;7;4
1;0101;6;2;18;1;0;1;1;3;4
5;0501;6;7;22;1;0;0;0;3;4
1;0101;6;2;17;1;0;1;1;2;1
1;0101;6;3;14;1;0;3;3;3;4
5;0501;6;1;6;1;0;1;1;3;4
5;0501;6;2;16;2;0;0;0;3;4
1;0101;6;4;8;1;0;1;1;3;3
1;0101;6;4;10;1;0;1;1;3;3
1;0101;6;3;7;1;0;0;0;3;3
5;0501;6;4;22;1;0;1;1;3;4
5;0501;6;7;5;1;0;0;0;1;4
5;0501;6;6;5;2;0;0;0;7;4
1;0101;6;3;13;1;0;1;1;3;7
5;0501;6;6;15;2;0;0;0;5;1
5;0501;6;7;14;1;0;0;0;3;4
5;0501;6;7;21;2;0;1;1;3;3
5;0506;6;6;15;1;0;0;0;3;3
5;0501;6;1;11;1;0;0;0;3;1
5;0501;6;1;18;2;0;2;2;3;3
5;0501;6;4;6;1;0;1;1;3;4
5;0501;6;4;15;2;0;0;0;7;9
5;0501;6;4;22;2;0;0;0;3;3
5;0501;6;1;19;2;0;0;0;3;3
5;0501;6;4;18;1;0;0;0;3;1
5;0501;6;5;14;1;0;0;0;3;3
5;0501;6;5;20;1;0;0;0;3;4
5;0501;6;6;1;2;0;0;0;7;1
5;0501;6;6;23;1;0;3;3;3;3
5;0501;6;2;12;1;0;1;1;5;3
5;0501;6;3;5;1;0;0;0;3;3
5;0506;6;3;20;2;0;2;2;7;3
5;0501;6;4;12;1;0;1;1;1;3
5;0501;6;4;16;1;0;1;1;1;4
5;0501;6;4;17;2;0;3;3;7;3
1;0101;6;4;18;1;1;0;1;1;5
1;0101;6;5;7;1;0;1;1;5;1
10;1003;6;5;0;1;0;2;2;7;4
10;1004;6;1;22;1;0;0;0;3;4
1;0101;6;5;12;1;0;1;1;3;4
10;1004;6;7;0;1;0;0;0;3;4
1;0101;6;5;19;1;0;1;1;1;1
1;0101;6;5;19;1;0;1;1;3;7
17;1701;6;4;7;2;0;0;0;8;2
17;1701;6;5;5;2;0;0;0;4;3
17;1701;6;5;6;2;0;1;1;7;2
17;1701;6;5;15;2;0;0;0;5;2
17;1701;6;7;6;1;0;1;1;3;7
17;1701;6;1;22;1;0;0;0;3;1
17;1701;6;1;14;1;0;2;2;1;4
12;1205;6;3;18;1;0;1;1;5;4
1;0101;6;6;4;1;1;1;2;3;1
10;1001;6;4;11;2;0;1;1;3;2
17;1701;6;1;5;1;0;0;0;3;8
17;1701;6;1;20;1;0;2;2;1;2
17;1701;6;1;19;1;0;2;2;3;2
9;0907;6;1;11;1;0;0;0;3;4
17;1701;6;1;14;1;0;2;2;3;3
17;1701;6;2;2;1;0;0;0;3;7
9;0907;6;5;1;1;0;1;1;2;5
17;1701;6;2;18;2;0;0;0;3;4
17;1701;6;2;11;1;0;1;1;1;5
17;1701;6;2;21;1;0;0;0;3;1
17;1701;6;2;22;2;0;0;0;3;2
17;1701;6;2;15;1;0;0;0;3;3
9;0907;6;5;14;1;0;1;1;3;4
17;1701;6;2;15;1;0;0;0;4;6
9;0907;6;6;17;1;0;0;0;1;5
17;1701;6;3;7;1;0;1;1;1;5
11;1101;6;5;21;1;0;0;0;3;4
9;0907;6;6;18;1;0;1;1;2;5
17;1701;6;3;18;1;0;0;0;3;4
9;0907;6;7;23;1;0;1;1;3;4
10;1001;6;6;14;1;0;1;1;3;7
17;1701;6;3;15;2;0;0;0;3;3
11;1101;6;6;22;1;0;0;0;3;1
17;1701;6;3;18;1;0;0;0;3;1
9;0907;6;1;19;1;0;1;1;1;5
1;0101;6;5;11;1;0;1;1;1;5
17;1701;6;3;17;2;0;1;1;1;4
9;0907;6;7;21;1;0;0;0;1;5
17;1701;6;3;18;1;0;1;1;1;5
9;0907;6;2;7;1;0;1;1;3;4
17;1701;6;3;19;1;0;3;3;3;3
17;1701;6;3;1;2;0;0;0;4;4
17;1701;6;3;23;1;0;2;2;8;3
17;1701;6;4;8;2;0;2;2;3;2
17;1701;6;4;9;1;0;1;1;8;7
1;0101;6;6;9;1;0;2;2;3;1
10;1001;6;4;21;1;0;1;1;3;7
10;1001;6;4;21;2;0;2;2;5;4
17;1701;6;4;5;1;1;0;1;1;5
17;1701;6;4;8;1;0;1;1;1;5
1;0101;6;6;10;2;0;1;1;3;1
17;1701;6;4;14;1;0;2;2;3;1
17;1701;6;4;21;1;0;1;1;3;4
17;1701;6;4;23;1;0;1;1;3;7
11;1101;6;6;22;1;0;0;0;3;1
11;1101;6;6;18;1;0;1;1;4;1
11;1101;6;7;6;2;0;0;0;4;4
11;1101;6;7;1;1;0;0;0;4;1
11;1101;6;1;7;1;0;0;0;3;4
11;1101;6;1;12;1;0;1;1;3;3
11;1101;6;2;22;1;0;0;0;3;1
18;1801;6;3;18;1;0;1;1;5;4
18;1801;6;1;9;1;0;1;1;1;4
18;1801;6;1;11;1;0;1;1;3;7
1;0101;6;6;11;2;0;1;1;1;5
18;1801;6;2;7;1;0;0;0;3;7
18;1801;6;2;9;1;0;0;0;3;7
18;1801;6;2;12;1;0;0;0;4;4
1;0101;6;5;19;1;0;1;1;3;3
11;1101;6;2;14;1;0;1;1;1;5
11;1101;6;2;12;1;0;0;0;3;4
1;0101;6;4;21;1;0;1;1;3;1
11;1101;6;2;19;1;0;0;0;4;1
11;1101;6;3;12;1;0;0;0;3;4
19;1901;6;4;12;1;0;0;0;3;4
11;1101;6;6;8;1;0;1;1;3;7
11;1101;6;6;14;1;0;1;1;1;5
11;1101;6;6;9;1;0;0;0;4;1
11;1101;6;6;22;1;0;0;0;4;1
1;0101;6;6;23;2;0;1;1;4;3
11;1101;6;7;21;1;0;0;0;3;1
11;1101;6;7;21;2;0;1;1;4;3
1;0101;6;7;7;1;0;1;1;7;3
18;1801;6;6;4;2;0;0;0;4;1
1;0101;6;4;21;1;0;1;1;7;3
18;1801;6;5;1;2;1;1;2;4;3
1;0101;6;7;18;2;0;1;1;4;3
23;2301;6;7;21;1;0;0;0;3;3
23;2301;6;7;19;1;0;1;1;7;9
1;0101;6;7;18;2;0;0;0;5;4
18;1801;6;6;21;2;0;0;0;4;1
18;1801;6;7;3;2;0;0;0;4;1
1;0101;6;1;12;1;0;1;1;2;5
17;1701;6;4;0;1;0;0;0;3;1
18;1801;6;4;19;2;0;0;0;3;7
17;1701;6;4;0;1;1;0;1;7;4
23;2301;6;4;21;1;0;0;0;4;3
17;1701;6;4;10;1;0;0;0;5;4
1;0101;6;1;14;1;0;0;0;3;4
17;1701;6;4;16;2;0;0;0;3;1
23;2301;6;6;23;1;0;2;2;7;3
17;1701;6;4;22;1;0;0;0;8;7
17;1701;6;4;16;1;0;1;1;6;3
17;1701;6;4;13;1;0;0;0;4;3
23;2301;6;7;9;1;0;0;0;7;3
17;1701;6;4;18;1;0;1;1;3;4
17;1701;6;4;9;2;0;0;0;3;4
23;2301;6;7;5;1;0;1;1;7;3
18;1801;6;6;11;1;0;1;1;1;3
17;1701;6;4;7;2;0;0;0;4;3
19;1901;6;2;18;2;0;0;0;3;4
23;2301;6;7;12;1;0;1;1;3;7
17;1701;6;5;2;1;0;0;0;8;1
17;1701;6;5;23;1;0;0;0;3;7
17;1701;6;5;22;1;0;1;1;3;8
18;1801;6;6;8;2;0;0;0;3;1
17;1701;6;5;0;1;0;1;1;3;1
17;1701;6;5;0;1;0;2;2;1;1
18;1801;6;5;14;1;1;0;1;1;1
10;1001;6;5;8;1;0;1;1;7;3
17;1701;6;5;15;1;0;0;0;3;4
17;1701;6;5;8;2;0;0;0;3;7
17;1701;6;6;1;1;0;0;0;4;4
17;1701;6;6;5;1;0;0;0;3;1
17;1701;6;6;8;1;0;4;4;8;7
10;1001;6;5;16;1;0;0;0;3;7
18;1801;6;5;9;2;0;0;0;3;3
18;1801;6;6;3;1;0;0;0;3;7
17;1701;6;6;8;2;0;0;0;8;3
23;2301;6;1;8;1;0;0;0;1;4
10;1001;6;7;6;1;0;0;0;1;5
18;1801;6;5;9;1;0;2;2;1;4
23;2301;6;3;15;1;0;0;0;3;4
18;1801;6;6;11;1;0;0;0;4;3
23;2301;6;3;14;1;0;6;6;3;7
18;1801;6;2;17;1;0;0;0;3;7
17;1701;6;6;13;1;1;0;1;7;1
17;1701;6;6;17;1;0;1;1;3;4
17;1701;6;6;7;1;0;2;2;3;3
17;1701;6;6;20;1;0;1;1;3;2
17;1701;6;6;4;1;0;0;0;3;1
17;1701;6;6;7;1;0;1;1;4;3
17;1701;6;6;13;1;0;1;1;1;4
17;1701;6;6;14;1;0;6;6;8;3
17;1701;6;6;22;1;0;0;0;3;1
17;1701;6;6;21;1;0;0;0;4;6
17;1701;6;6;2;1;0;0;0;7;8
17;1701;6;6;0;2;0;0;0;3;8
10;1004;6;4;19;1;1;0;1;4;4
17;1701;6;6;4;2;0;0;0;4;4
17;1701;6;6;3;2;1;0;1;7;3
17;1701;6;7;10;1;0;0;0;3;4
1;0101;6;2;5;1;1;0;1;1;5
17;1701;6;1;6;1;0;0;0;4;6
17;1701;6;1;14;1;0;0;0;3;7
17;1701;6;7;6;1;0;1;1;3;2
17;1701;6;1;15;2;0;1;1;3;4
1;0101;6;2;16;1;0;1;1;2;5
17;1701;6;7;3;1;0;0;0;4;8
17;1701;6;1;1;1;0;0;0;4;2
17;1701;6;7;0;1;1;0;1;1;5
17;1701;6;1;19;1;0;2;2;4;3
17;1701;6;7;14;1;0;3;3;3;1
17;1701;6;1;19;1;0;1;1;3;2
17;1701;6;7;1;2;0;0;0;3;7
17;1701;6;1;19;1;0;0;0;3;1
17;1701;6;7;3;1;0;0;0;4;4
17;1701;6;7;19;1;0;0;0;8;1
17;1701;6;7;18;1;0;0;0;3;1
17;1701;6;7;3;2;0;1;1;8;8
17;1701;6;7;0;1;0;0;0;5;4
17;1701;6;7;8;1;0;0;0;4;3
17;1701;6;7;2;1;0;1;1;3;1
17;1701;6;7;5;1;0;0;0;4;4
17;1701;6;7;3;1;0;1;1;3;8
17;1701;6;7;16;1;0;2;2;1;5
1;0101;6;3;7;1;0;4;4;3;3
1;0101;6;2;7;1;0;1;1;3;7
18;1801;6;3;5;2;0;3;3;3;7
23;2301;6;1;21;1;1;0;1;3;3
23;2301;6;4;12;2;0;0;0;3;3
23;2301;6;5;4;1;0;0;0;4;3
18;1801;6;4;3;1;0;1;1;3;7
23;2301;6;1;7;1;0;0;0;3;8
1;0101;6;3;22;1;0;1;1;7;1
18;1801;6;5;15;2;0;0;0;3;8
23;2301;6;7;23;1;0;0;0;1;3
1;0101;6;3;21;1;1;0;1;1;5
23;2301;6;3;15;1;0;1;1;3;3
1;0101;6;3;20;1;0;1;1;3;5
1;0101;6;5;19;1;0;0;0;4;3
17;1701;6;6;12;1;0;0;0;3;7
17;1701;6;7;2;1;0;1;1;7;3
17;1701;6;6;21;1;1;0;1;1;5
17;1701;6;7;6;1;0;0;0;3;2
17;1701;6;1;16;1;0;0;0;3;7
17;1701;6;1;4;1;0;0;0;4;4
17;1701;6;2;11;1;0;0;0;3;4
17;1701;6;2;14;1;0;0;0;3;1
17;1701;6;2;20;1;0;0;0;3;8
17;1701;6;2;20;2;0;0;0;8;4
17;1701;6;2;19;2;0;1;1;1;4
17;1701;6;2;23;1;0;1;1;6;3
17;1701;6;2;17;1;0;1;1;3;7
17;1701;6;2;18;1;0;0;0;8;7
17;1701;6;2;8;1;0;1;1;7;2
17;1701;6;2;19;2;0;0;0;4;8
17;1701;6;2;12;1;0;1;1;3;7
17;1701;6;3;16;1;0;0;0;3;7
17;1701;6;3;7;1;0;0;0;3;2
17;1701;6;3;21;2;0;0;0;3;2
17;1701;6;3;22;1;0;1;1;3;2
17;1701;6;3;23;2;0;3;3;8;4
17;1701;6;4;8;1;1;0;1;3;1
17;1701;6;4;22;1;0;1;1;7;3
17;1701;6;4;9;1;1;0;1;1;4
17;1701;6;4;6;1;0;1;1;3;7
17;1701;6;4;9;1;1;0;1;1;5
17;1701;6;4;13;2;0;3;3;3;7
17;1701;6;4;19;1;0;0;0;3;1
17;1701;6;4;18;1;0;1;1;1;4
17;1701;6;4;17;1;0;0;0;8;3
17;1701;6;4;14;2;0;0;0;8;3
17;1701;6;4;23;1;0;0;0;4;4
17;1701;6;5;2;1;0;0;0;3;1
17;1701;6;5;5;1;1;0;1;1;5
17;1701;6;5;16;1;0;1;1;8;5
17;1701;6;5;17;1;0;1;1;5;4
17;1701;6;5;20;1;0;0;0;3;1
17;1701;6;5;14;1;0;1;1;1;4
17;1701;6;5;17;1;0;0;0;4;4
17;1701;6;5;23;1;0;0;0;4;6
17;1701;6;5;19;2;0;0;0;8;4
17;1701;6;5;3;2;0;0;0;4;3
17;1701;6;5;19;1;0;0;0;4;2
17;1701;6;5;2;1;0;0;0;7;4
17;1701;6;5;4;1;0;0;0;7;4
17;1701;6;5;12;1;0;0;0;3;7
17;1701;6;6;4;2;0;0;0;4;2
17;1701;6;6;23;2;0;0;0;3;7
17;1701;6;6;6;2;0;1;1;7;7
17;1701;6;6;11;1;0;0;0;3;3
17;1701;6;6;3;1;0;1;1;7;4
17;1701;6;6;2;1;0;0;0;4;2
17;1701;6;6;19;2;1;0;1;4;3
17;1701;6;6;22;1;0;2;2;3;7
17;1701;6;6;21;1;0;1;1;3;1
17;1701;6;6;14;1;0;1;1;1;5
17;1701;6;6;20;1;1;0;1;1;5
17;1701;6;6;19;1;0;0;0;7;2
17;1701;6;6;1;1;0;1;1;7;4
17;1701;6;6;13;1;0;0;0;7;3
17;1701;6;7;20;1;0;0;0;3;4
17;1701;6;3;2;1;0;6;6;3;7
17;1701;6;3;7;1;0;0;0;3;9
17;1701;6;3;9;1;0;2;2;3;7
17;1701;6;3;19;1;0;3;3;3;7
17;1701;6;3;16;1;0;1;1;1;1
17;1701;6;3;22;1;0;1;1;7;1
17;1701;6;3;11;1;0;1;1;8;2
17;1701;6;7;5;1;0;1;1;8;7
17;1701;6;7;4;2;0;1;1;7;2
17;1701;6;7;13;1;0;0;0;5;2
8;0801;6;5;7;2;0;1;1;3;3
8;0801;6;4;19;1;0;0;0;3;7
8;0801;6;1;6;2;0;1;1;3;3
8;0801;6;3;7;2;0;1;1;3;3
13;1301;6;1;15;1;0;1;1;3;4
17;1701;6;7;15;2;0;3;3;7;9
17;1701;6;7;22;1;0;0;0;4;3
17;1701;6;7;1;1;0;0;0;6;3
17;1701;6;7;2;1;0;0;0;3;7
10;1004;6;6;14;1;0;0;0;1;4
17;1701;6;7;4;2;0;0;0;3;1
17;1701;6;7;22;1;0;0;0;3;1
17;1701;6;7;17;1;0;2;2;1;4
17;1701;6;7;8;1;0;1;1;3;2
1;0101;6;5;20;2;0;4;4;3;3
1;0101;6;6;3;1;0;0;0;7;8
10;1004;6;6;4;1;0;0;0;1;4
1;0101;6;6;3;1;0;1;1;7;3
1;0101;6;6;12;2;0;1;1;3;7
1;0101;6;6;12;1;0;1;1;1;5
1;0101;6;7;1;2;0;1;1;7;7
1;0101;6;7;3;1;0;1;1;1;1
5;0501;6;4;22;1;0;1;1;7;4
5;0501;6;5;12;2;0;1;1;3;6
1;0101;6;6;12;1;0;0;0;3;4
5;0501;6;5;14;2;0;0;0;3;4
1;0101;6;1;15;2;0;1;1;1;5
1;0101;6;2;7;1;0;1;1;5;4
18;1801;6;5;14;2;0;1;1;3;3
1;0101;6;6;17;1;0;0;0;3;1
1;0101;6;2;12;2;0;0;0;5;4
17;1701;6;7;19;1;2;2;4;1;1
17;1701;6;7;6;2;0;0;0;4;4
13;1301;6;6;20;1;0;2;2;3;4
17;1701;6;1;15;1;0;0;0;3;1
18;1801;6;6;13;2;0;1;1;1;4
18;1801;6;6;8;1;0;1;1;3;7
18;1801;6;7;4;1;0;0;0;4;1
8;0801;6;4;15;1;0;0;0;3;7
23;2301;6;6;10;1;0;0;0;3;3
1;0101;6;3;19;1;0;1;1;3;1
12;1205;6;7;9;1;0;1;1;3;2
1;0101;6;4;15;1;0;1;1;3;4
1;0101;6;4;17;1;0;1;1;1;5
1;0101;6;4;17;1;0;1;1;7;3
17;1709;6;3;11;1;0;0;0;3;4
17;1709;6;2;12;1;0;0;0;3;2
12;1205;6;7;22;1;0;1;1;3;7
1;0101;6;5;8;1;0;1;1;3;4
23;2301;6;1;18;1;0;1;1;2;3
13;1301;6;6;23;1;0;0;0;3;7
17;1709;6;3;8;1;0;1;1;3;4
17;1709;6;7;23;1;0;1;1;1;4
1;0101;6;5;18;1;0;0;0;3;3
13;1301;6;7;10;1;0;1;1;1;3
11;1101;6;2;18;1;0;0;0;3;7
11;1101;6;3;20;1;0;0;0;3;1
1;0101;6;5;19;2;0;2;2;3;4
23;2301;6;3;21;2;0;0;0;4;3
13;1301;6;3;13;1;0;2;2;3;7
23;2301;6;2;7;1;0;0;0;3;7
23;2301;6;5;1;2;0;0;0;7;3
5;0501;6;7;4;1;0;0;0;4;1
5;0501;6;7;4;1;0;0;0;7;3
17;1709;6;5;4;1;0;0;0;4;9
5;0501;6;7;6;2;0;0;0;3;3
12;1205;6;7;11;1;0;1;1;3;9
17;1709;6;2;23;1;0;0;0;3;4
5;0501;6;7;20;2;0;0;0;3;3
5;0501;6;3;15;2;0;0;0;7;3
5;0501;6;3;18;2;0;0;0;1;3
5;0501;6;3;18;1;0;1;1;5;3
12;1205;6;1;8;1;0;0;0;3;4
12;1205;6;1;13;1;1;0;1;1;7
5;0501;6;7;4;1;1;3;4;3;1
18;1801;6;5;21;2;0;1;1;1;3
5;0501;6;5;12;1;0;0;0;3;3
18;1801;6;6;15;1;0;0;0;3;7
23;2301;6;3;11;1;0;0;0;3;7
18;1801;6;5;7;2;0;1;1;3;4
12;1205;6;1;13;1;1;0;1;1;7
23;2301;6;3;11;1;0;2;2;3;7
10;1001;6;2;18;1;0;1;1;3;7
10;1001;6;6;17;2;0;1;1;4;3
5;0501;6;5;14;1;0;0;0;7;3
10;1001;6;1;18;1;0;1;1;3;4
5;0501;6;5;19;1;0;1;1;3;3
10;1001;6;2;12;2;0;0;0;5;4
5;0501;6;5;18;1;0;0;0;4;3
10;1001;6;4;17;1;0;1;1;3;4
5;0501;6;5;21;1;0;0;0;3;3
18;1801;6;7;3;1;0;0;0;4;9
10;1006;6;6;12;2;1;0;1;4;3
18;1801;6;2;7;2;0;0;0;3;7
11;1101;6;4;11;2;0;1;1;1;4
17;1709;6;3;14;1;0;1;1;1;4
11;1101;6;5;18;1;0;1;1;3;4
8;0802;6;3;15;2;0;1;1;3;3
11;1101;6;5;15;1;0;1;1;7;3
11;1101;6;6;5;1;0;0;0;7;1
18;1801;6;7;4;1;0;0;0;4;1
1;0101;6;6;8;1;0;1;1;3;4
18;1801;6;4;13;1;0;0;0;3;4
1;0101;6;6;17;1;0;1;1;7;3
18;1801;6;7;20;2;0;0;0;3;4
18;1801;6;7;3;1;0;1;1;3;1
1;0101;6;7;2;1;0;0;0;3;2
11;1101;6;7;10;1;0;1;1;7;1
10;1001;6;7;3;1;0;0;0;7;1
11;1101;6;7;20;1;0;1;1;4;1
12;1205;6;4;5;1;1;6;7;3;3
1;0101;6;6;19;2;0;2;2;7;1
12;1205;6;4;5;1;1;6;7;3;3
1;0101;6;7;2;1;0;2;2;3;2
1;0101;6;3;7;2;0;3;3;7;4
5;0501;6;6;5;1;0;0;0;7;6
1;0101;6;1;7;1;0;1;1;1;5
5;0501;6;6;6;1;0;0;0;3;3
5;0501;6;7;2;1;0;0;0;1;3
5;0501;6;7;3;1;0;0;0;3;1
1;0101;6;2;12;1;0;1;1;1;5
1;0101;6;4;9;1;0;1;1;1;4
12;1205;6;1;13;1;1;0;1;1;7
1;0101;6;2;15;1;0;1;1;2;2
12;1205;6;7;19;1;0;1;1;3;9
1;0101;6;2;17;1;0;1;1;1;5
1;0101;6;4;23;1;0;1;1;3;1
12;1205;6;7;22;1;0;1;1;1;5
1;0101;6;2;16;1;0;1;1;3;4
1;0101;6;5;16;1;0;3;3;1;4
12;1205;6;2;13;1;0;1;1;3;3
12;1205;6;1;5;1;0;1;1;3;3
1;0101;6;6;17;2;0;0;0;5;4
1;0101;6;3;6;2;0;0;0;4;3
1;0101;6;6;1;1;0;0;0;7;3
1;0101;6;6;0;1;0;1;1;7;4
12;1205;6;6;23;1;0;1;1;3;8
1;0101;6;7;5;1;0;0;0;7;3
9;0907;6;4;8;1;0;1;1;3;4
1;0101;6;6;21;2;0;2;2;7;3
9;0907;6;4;9;1;0;1;1;2;4
9;0912;6;5;2;1;2;1;3;3;4
1;0101;6;7;12;1;0;2;2;7;1
9;0907;6;6;0;1;0;0;0;7;4
9;0907;6;6;2;1;0;0;0;3;4
9;0907;6;6;9;1;0;1;1;3;4
1;0101;6;7;14;1;0;1;1;7;3
9;0907;6;6;10;1;0;1;1;7;4
23;2301;6;2;17;1;0;0;0;1;3
11;1101;6;7;19;2;0;0;0;7;3
9;0907;6;7;5;1;0;1;1;2;4
9;0907;6;6;18;1;0;0;0;4;4
12;1205;6;6;22;1;0;0;0;3;2
9;0907;6;7;11;1;0;2;2;2;4
9;0907;6;7;21;1;0;1;1;4;4
23;2301;6;1;15;1;0;1;1;3;4
23;2301;6;7;3;1;0;0;0;4;4
12;1205;6;7;6;1;1;0;1;6;8
17;1709;6;2;6;2;0;3;3;3;2
1;0101;6;7;16;1;0;1;1;7;3
12;1205;6;7;9;1;0;0;0;3;3
12;1205;6;1;17;1;0;1;1;5;4
17;1709;6;1;11;1;0;1;1;3;4
23;2301;6;1;13;1;0;0;0;5;4
1;0101;6;7;19;2;0;0;0;3;4
12;1205;6;7;8;1;0;1;1;3;7
12;1205;6;7;19;1;0;1;1;1;3
17;1704;6;7;16;2;0;1;1;3;4
12;1201;6;7;12;1;0;1;1;3;7
12;1205;6;6;13;2;0;1;1;3;3
12;1205;6;7;6;1;0;4;4;3;1
12;1206;6;3;6;2;0;2;2;3;4
12;1205;6;7;2;1;0;2;2;3;7
12;1201;6;1;17;1;0;0;0;5;4
12;1201;6;7;1;2;0;0;0;7;9
12;1201;6;3;11;2;0;0;0;7;4
12;1201;6;1;11;2;0;0;0;3;4
12;1205;6;6;17;1;0;1;1;1;3
12;1205;6;6;11;1;0;1;1;7;3
13;1308;6;1;15;1;0;1;1;3;4
13;1308;6;7;20;1;0;0;0;4;3
17;1701;6;7;22;1;0;0;0;4;3
12;1201;6;6;22;2;0;0;0;3;3
17;1701;6;1;11;2;0;0;0;8;3
17;1701;6;1;2;1;0;0;0;3;1
12;1201;6;4;14;1;0;0;0;3;7
17;1701;6;1;23;1;0;3;3;3;1
17;1701;6;2;14;1;0;1;1;2;5
17;1701;6;2;5;1;0;1;1;1;4
12;1201;6;4;12;1;0;1;1;7;4
17;1701;6;2;0;1;0;2;2;3;8
12;1201;6;7;19;2;0;0;0;3;3
17;1701;6;2;18;2;0;1;1;3;3
17;1701;6;2;15;1;0;0;0;3;4
17;1701;6;2;13;1;0;0;0;8;4
17;1701;6;2;12;1;0;0;0;3;4
17;1701;6;2;21;1;0;0;0;7;3
17;1701;6;3;8;1;0;1;1;1;4
17;1701;6;3;16;1;0;0;0;3;8
17;1701;6;3;8;2;0;0;0;3;4
17;1701;6;3;19;1;0;0;0;3;7
17;1701;6;3;20;2;0;2;2;3;2
17;1701;6;4;8;1;0;1;1;3;7
17;1701;6;3;17;2;0;0;0;3;4
17;1701;6;4;10;1;0;0;0;3;7
17;1701;6;5;7;2;0;0;0;3;3
17;1701;6;3;5;1;0;2;2;3;7
17;1701;6;5;16;1;0;2;2;1;5
17;1701;6;4;12;2;0;1;1;8;3
17;1701;6;4;16;1;0;0;0;3;1
17;1701;6;5;16;1;0;1;1;1;5
17;1701;6;5;8;2;0;1;1;4;4
17;1701;6;5;12;2;0;0;0;3;3
17;1701;6;4;13;1;0;0;0;8;3
17;1701;6;3;12;1;0;1;1;3;3
17;1701;6;4;7;2;0;0;0;3;7
17;1701;6;3;21;1;0;2;2;3;3
17;1701;6;4;6;1;0;0;0;8;9
17;1701;6;5;7;1;0;1;1;1;5
17;1701;6;3;23;1;0;0;0;3;7
17;1701;6;4;12;2;0;0;0;5;3
17;1701;6;5;11;1;0;0;0;3;7
17;1701;6;3;10;1;0;1;1;8;3
17;1701;6;3;13;1;0;0;0;8;4
17;1701;6;3;9;2;0;0;0;3;3
17;1701;6;4;19;2;0;2;2;3;2
17;1701;6;5;1;1;0;0;0;4;4
17;1701;6;4;8;1;0;1;1;3;7
17;1701;6;6;11;1;0;1;1;3;4
17;1701;6;5;18;1;0;0;0;4;1
17;1701;6;4;9;2;0;0;0;4;3
17;1701;6;4;9;1;0;0;0;8;3
17;1701;6;6;10;2;1;1;2;7;3
17;1701;6;5;20;2;0;0;0;3;1
17;1701;6;6;17;1;0;0;0;3;1
17;1701;6;6;18;1;0;1;1;1;4
17;1701;6;7;3;1;0;0;0;4;4
17;1701;6;7;1;1;0;1;1;4;4
17;1701;6;6;20;1;0;0;0;3;7
17;1701;6;5;21;1;0;0;0;8;4
17;1701;6;7;15;1;0;3;3;3;1
17;1701;6;6;14;2;0;0;0;3;4
17;1701;6;5;10;1;0;0;0;3;4
17;1701;6;7;13;1;0;2;2;3;7
17;1701;6;6;2;1;0;1;1;3;1
17;1701;6;5;23;1;0;1;1;7;9
17;1701;6;7;1;1;0;1;1;7;3
17;1701;6;5;4;1;0;0;0;3;4
17;1701;6;6;5;1;0;0;0;4;3
17;1701;6;7;2;1;0;1;1;7;4
17;1701;6;7;0;1;0;0;0;3;7
17;1701;6;6;1;1;0;0;0;8;3
17;1701;6;7;11;1;0;0;0;3;1
17;1701;6;6;13;1;0;0;0;3;7
17;1701;6;7;10;1;0;0;0;3;4
17;1701;6;6;15;2;0;0;0;4;7
17;1701;6;4;7;2;0;1;1;1;6
17;1701;6;6;23;1;0;0;0;8;7
17;1701;6;1;16;2;0;0;0;4;3
17;1701;6;6;7;2;0;0;0;4;3
17;1701;6;6;12;1;0;0;0;3;4
17;1701;6;3;21;1;0;1;1;3;7
17;1701;6;6;3;1;0;0;0;4;4
17;1701;6;6;21;1;0;0;0;3;7
17;1701;6;3;14;1;0;1;1;7;9
17;1701;6;3;15;1;0;1;1;3;4
13;1308;6;1;10;1;0;1;1;3;4
13;1308;6;7;1;1;0;0;0;4;3
13;1308;6;3;6;1;0;1;1;3;4
18;1801;6;6;2;2;1;0;1;3;2
18;1801;6;7;3;2;0;0;0;4;1
7;0701;6;5;3;1;0;0;0;3;4
9;0907;6;6;0;1;0;0;0;7;3
7;0701;6;7;2;1;0;1;1;3;1
7;0701;6;1;22;1;0;1;1;1;5
7;0701;6;7;8;2;1;0;1;7;3
7;0701;6;2;22;1;0;1;1;3;7
7;0701;6;4;11;1;1;0;1;3;7
7;0701;6;5;9;1;0;1;1;1;3
13;1308;6;1;22;1;0;0;0;5;4
7;0701;6;4;20;1;0;1;1;3;5
7;0701;6;6;6;1;0;2;2;1;5
7;0701;6;6;14;1;0;1;1;4;3
13;1308;6;3;13;1;0;1;1;3;4
7;0701;6;7;16;1;0;0;0;3;1
7;0701;6;7;16;1;0;0;0;3;1
7;0701;6;7;16;1;0;0;0;3;1
7;0701;6;1;5;1;0;1;1;3;3
7;0701;6;2;7;1;0;0;0;4;3
7;0701;6;7;16;1;0;0;0;3;1
7;0701;6;7;16;1;0;0;0;3;1
7;0701;6;7;16;1;0;2;2;3;1
13;1308;6;6;3;1;0;0;0;3;4
17;1701;6;4;15;1;0;0;0;8;3
13;1308;6;1;17;1;0;2;2;3;4
13;1308;6;6;7;1;0;0;0;4;3
13;1308;6;3;18;1;0;1;1;3;4
13;1308;6;7;3;2;1;0;1;4;3
13;1308;6;7;20;1;0;1;1;3;4
13;1308;6;5;0;1;0;0;0;3;4
13;1308;6;7;17;1;0;0;0;3;4
13;1308;6;2;14;1;0;0;0;5;4
13;1308;6;1;19;1;0;0;0;3;4
17;1709;6;4;1;1;0;0;0;4;3
23;2301;6;4;8;1;0;0;0;3;4
17;1709;6;4;18;1;0;2;2;3;3
23;2301;6;4;19;1;0;1;1;3;4
23;2301;6;5;1;1;0;0;0;4;4
23;2301;6;5;10;1;0;0;0;3;4
13;1308;6;2;15;1;0;0;0;3;4
9;0901;7;1;0;1;0;1;1;1;3
9;0901;7;1;6;1;0;0;0;7;3
9;0901;7;1;8;1;0;3;3;3;7
9;0901;7;1;9;1;1;0;1;1;5
9;0901;7;2;7;1;0;3;3;3;3
9;0901;7;2;10;1;0;1;1;8;10
9;0901;7;2;13;1;0;2;2;3;3
9;0901;7;2;14;1;0;1;1;3;4
9;0901;7;2;14;1;0;2;2;1;3
9;0901;7;2;16;1;0;0;0;3;4
9;0901;7;2;20;1;0;0;0;7;3
9;0901;7;2;20;1;0;2;2;7;3
9;0901;7;2;21;1;0;1;1;3;7
9;0901;7;2;23;1;1;0;1;3;4
9;0901;7;2;23;1;0;1;1;3;4
9;0901;7;3;4;1;0;0;0;4;3
9;0901;7;3;6;1;0;0;0;3;3
9;0901;7;3;9;1;0;1;1;1;3
9;0901;7;3;9;1;0;2;2;1;3
9;0901;7;3;10;1;0;1;1;3;3
9;0901;7;3;11;1;0;3;3;3;7
9;0901;7;3;12;1;0;2;2;3;3
9;0901;7;3;13;1;0;1;1;7;3
9;0901;7;3;16;1;0;1;1;1;3
9;0901;7;3;19;1;0;1;1;5;3
9;0901;7;3;19;1;0;1;1;1;3
9;0901;7;3;20;1;0;4;4;3;3
9;0901;7;3;21;1;0;2;2;3;3
9;0901;7;4;3;1;1;0;1;4;3
9;0901;7;4;5;1;0;2;2;7;3
9;0901;7;4;12;1;0;3;3;3;3
9;0901;7;4;13;1;0;2;2;1;3
9;0901;7;4;19;1;0;1;1;1;3
9;0901;7;4;19;1;0;1;1;3;3
9;0901;7;4;22;1;0;1;1;1;3
9;0901;7;4;23;1;0;4;4;1;5
9;0901;7;5;1;1;0;1;1;4;1
9;0901;7;5;3;1;0;3;3;3;7
9;0901;7;5;4;1;0;0;0;4;3
9;0901;7;5;7;1;0;1;1;7;4
9;0901;7;5;9;1;0;4;4;3;6
9;0901;7;5;9;1;1;0;1;3;3
9;0901;7;5;13;1;0;0;0;3;7
9;0901;7;5;18;1;0;0;0;5;4
9;0901;7;5;18;1;0;1;1;5;4
9;0901;7;5;19;1;0;1;1;3;2
9;0901;7;5;19;1;0;1;1;6;3
9;0901;7;5;19;1;0;1;1;3;7
9;0901;7;5;22;1;0;1;1;7;3
9;0901;7;6;5;1;0;1;1;3;4
9;0901;7;6;8;1;0;1;1;3;7
9;0901;7;6;8;1;0;1;1;3;7
9;0901;7;6;8;1;0;5;5;3;7
9;0901;7;6;15;1;0;1;1;5;4
9;0901;7;6;16;1;0;0;0;4;1
9;0901;7;6;17;1;0;1;1;3;4
9;0901;7;6;17;1;0;1;1;7;3
9;0901;7;6;17;1;0;1;1;3;2
9;0901;7;6;19;1;0;1;1;1;4
9;0901;7;6;20;1;0;1;1;6;3
9;0901;7;6;21;1;0;1;1;1;4
9;0901;7;6;21;1;0;1;1;1;5
9;0901;7;6;22;1;0;5;5;3;7
9;0901;7;6;23;1;1;0;1;1;5
9;0901;7;6;23;1;0;1;1;1;3
9;0901;7;7;0;1;0;0;0;7;3
9;0901;7;7;2;1;0;2;2;3;7
9;0901;7;7;4;1;0;0;0;3;1
9;0901;7;7;5;1;0;0;0;7;3
9;0901;7;7;6;1;0;0;0;7;3
9;0901;7;7;8;1;0;2;2;3;7
9;0901;7;7;9;1;0;1;1;5;4
9;0901;7;7;9;1;0;6;6;3;7
9;0901;7;7;9;1;0;2;2;3;1
9;0901;7;7;9;1;0;1;1;7;3
9;0901;7;7;13;1;0;1;1;1;4
9;0901;7;7;14;1;0;1;1;3;2
9;0901;7;7;14;1;0;1;1;2;10
9;0901;7;7;17;1;0;0;0;4;3
9;0901;7;7;17;1;0;1;1;6;9
9;0901;7;1;4;1;0;1;1;7;1
9;0901;7;1;6;1;0;1;1;7;3
9;0901;7;1;7;1;0;1;1;1;3
9;0901;7;1;10;1;0;3;3;3;3
9;0901;7;1;10;1;0;1;1;6;4
9;0901;7;1;11;1;0;1;1;3;7
9;0901;7;1;13;1;0;1;1;1;3
9;0901;7;1;15;1;0;0;0;7;3
9;0901;7;1;16;1;0;4;4;1;3
9;0901;7;1;16;1;0;2;2;1;5
9;0901;7;1;17;1;0;1;1;4;3
9;0901;7;1;18;1;0;1;1;3;7
9;0901;7;1;20;1;0;0;0;3;7
9;0901;7;2;6;1;0;2;2;3;7
9;0901;7;2;6;1;0;1;1;3;2
9;0901;7;2;6;1;0;1;1;3;3
9;0901;7;2;12;1;0;2;2;1;5
9;0901;7;2;14;1;0;3;3;3;7
9;0901;7;2;17;1;0;1;1;7;3
9;0901;7;2;19;1;0;2;2;4;3
9;0901;7;2;19;1;1;0;1;1;3
9;0901;7;2;20;1;0;1;1;8;3
9;0901;7;2;21;1;0;0;0;4;10
9;0901;7;2;22;1;0;1;1;3;3
9;0901;7;3;6;1;0;1;1;7;9
9;0901;7;3;6;1;0;1;1;3;7
9;0901;7;3;6;1;0;1;1;3;7
9;0901;7;3;10;1;0;2;2;1;5
9;0901;7;3;11;1;1;1;2;3;3
9;0901;7;3;16;1;0;1;1;7;3
9;0901;7;3;16;1;0;2;2;1;7
9;0901;7;3;20;1;1;0;1;1;3
9;0901;7;3;23;1;0;1;1;3;1
9;0901;7;4;8;1;0;3;3;7;3
9;0901;7;4;12;1;0;1;1;3;3
9;0901;7;4;13;1;0;1;1;2;3
9;0901;7;4;14;1;0;1;1;7;3
9;0901;7;4;15;1;0;1;1;3;3
9;0901;7;4;16;1;0;1;1;3;7
9;0901;7;4;16;1;0;3;3;3;4
9;0901;7;4;21;1;0;2;2;3;4
9;0901;7;4;21;1;1;0;1;1;3
9;0901;7;4;22;1;0;1;1;3;7
9;0901;7;4;23;1;0;0;0;3;4
9;0901;7;5;3;1;0;0;0;7;3
9;0901;7;5;8;1;0;1;1;3;7
9;0901;7;5;13;1;0;1;1;7;3
9;0901;7;5;14;1;0;0;0;3;7
9;0901;7;5;14;1;0;2;2;3;3
9;0901;7;5;15;1;0;1;1;7;3
9;0901;7;5;16;1;0;0;0;8;10
9;0901;7;5;18;1;0;0;0;5;1
9;0901;7;5;19;1;0;1;1;3;3
9;0901;7;6;2;1;0;0;0;7;8
9;0901;7;6;2;1;0;0;0;4;8
9;0901;7;6;2;1;0;1;1;3;7
9;0901;7;6;4;1;0;1;1;7;3
9;0901;7;6;4;1;0;0;0;3;8
9;0901;7;6;5;1;0;1;1;7;3
9;0901;7;6;6;1;0;1;1;7;8
9;0901;7;6;12;1;0;3;3;3;4
9;0901;7;6;14;1;0;1;1;3;4
9;0901;7;6;15;1;0;1;1;1;5
9;0901;7;6;15;1;0;1;1;1;3
9;0901;7;6;15;1;0;2;2;3;3
9;0901;7;6;16;1;0;1;1;3;3
9;0901;7;6;17;1;0;2;2;3;3
9;0901;7;6;22;1;0;1;1;7;3
9;0901;7;6;23;1;0;0;0;7;3
9;0901;7;6;23;1;0;1;1;7;3
9;0901;7;7;0;1;0;0;0;3;3
9;0901;7;7;1;1;0;1;1;3;3
9;0901;7;7;2;1;0;2;2;3;1
9;0901;7;7;2;1;0;2;2;3;3
9;0901;7;7;5;1;0;1;1;4;3
9;0901;7;7;6;1;0;1;1;7;4
9;0901;7;7;6;1;0;4;4;3;4
9;0901;7;7;7;1;0;1;1;7;1
9;0901;7;7;7;1;0;0;0;7;9
9;0901;7;7;11;1;0;1;1;3;4
9;0901;7;7;13;1;0;1;1;3;3
9;0901;7;7;14;1;0;1;1;1;3
9;0901;7;7;14;1;0;1;1;4;3
9;0901;7;7;18;1;0;1;1;3;7
9;0901;7;7;19;1;0;1;1;1;3
9;0901;7;7;19;1;0;1;1;7;9
9;0901;7;7;19;1;0;1;1;7;4
9;0901;7;7;22;1;0;2;2;7;3
9;0901;7;7;22;1;0;0;0;7;3
9;0901;7;7;23;1;0;0;0;7;3
9;0901;7;1;0;1;0;1;1;1;3
9;0901;7;1;2;1;0;1;1;4;3
9;0901;7;1;7;1;0;1;1;3;4
9;0901;7;1;7;1;1;1;2;3;3
9;0901;7;1;10;1;0;2;2;5;4
9;0901;7;1;12;1;0;1;1;5;3
9;0901;7;1;12;1;1;0;1;2;4
9;0901;7;1;14;1;0;0;0;4;1
9;0901;7;1;16;1;0;0;0;3;4
9;0901;7;1;19;1;0;1;1;8;9
9;0901;7;1;19;1;0;1;1;7;9
9;0901;7;1;19;1;1;0;1;3;2
9;0901;7;1;21;1;0;3;3;1;3
9;0901;7;2;3;1;0;2;2;7;3
9;0901;7;2;4;1;0;0;0;3;7
9;0901;7;2;6;1;0;3;3;5;3
9;0901;7;2;6;1;0;0;0;3;7
9;0901;7;2;7;1;0;2;2;7;3
9;0901;7;2;7;1;0;2;2;1;4
9;0901;7;2;17;1;0;3;3;7;3
9;0901;7;2;19;1;0;1;1;3;3
9;0901;7;2;20;1;0;2;2;7;3
9;0901;7;3;1;1;0;0;0;4;4
9;0901;7;3;1;1;0;1;1;3;3
9;0901;7;3;8;1;0;2;2;3;7
9;0901;7;3;11;1;0;3;3;3;4
9;0901;7;3;15;1;0;1;1;3;4
9;0901;7;3;15;1;0;2;2;3;7
9;0901;7;3;16;1;0;0;0;3;4
9;0901;7;3;20;1;0;1;1;5;4
9;0901;7;3;23;1;0;1;1;7;2
9;0901;7;3;23;1;0;1;1;1;7
9;0901;7;4;1;1;0;1;1;4;3
9;0901;7;4;10;1;0;1;1;3;7
9;0901;7;4;12;1;0;3;3;3;4
9;0901;7;4;12;1;0;1;1;1;4
9;0901;7;4;14;1;0;0;0;4;3
9;0901;7;4;14;1;0;1;1;3;7
9;0901;7;4;14;1;0;1;1;4;3
9;0901;7;4;16;1;0;1;1;3;7
9;0901;7;4;16;1;0;1;1;3;4
9;0901;7;4;17;1;0;1;1;3;7
9;0901;7;4;18;1;0;0;0;3;7
9;0901;7;5;0;1;0;1;1;7;3
9;0901;7;5;11;1;0;1;1;4;3
9;0901;7;5;16;1;0;1;1;7;3
9;0901;7;5;17;1;0;1;1;3;4
9;0901;7;5;17;1;0;1;1;3;2
9;0901;7;5;20;1;1;0;1;4;3
9;0901;7;5;23;1;1;0;1;3;3
9;0901;7;5;23;1;0;0;0;7;3
9;0901;7;6;1;1;0;1;1;3;7
9;0901;7;6;2;1;0;1;1;3;3
9;0901;7;6;4;1;0;1;1;4;3
9;0901;7;6;10;1;0;0;0;8;6
9;0901;7;6;14;1;0;1;1;7;3
9;0901;7;6;17;1;0;1;1;1;3
9;0901;7;6;18;1;0;1;1;3;3
9;0901;7;6;19;1;1;0;1;3;7
9;0901;7;6;20;1;0;2;2;1;3
9;0901;7;6;20;1;0;0;0;5;1
9;0901;7;6;21;1;0;1;1;3;3
9;0901;7;6;21;1;0;2;2;1;3
9;0901;7;7;1;1;0;1;1;3;7
9;0901;7;7;3;1;0;0;0;7;3
9;0901;7;7;4;1;0;1;1;7;3
9;0901;7;7;4;1;0;1;1;3;7
9;0901;7;7;6;1;0;3;3;1;3
9;0901;7;7;6;1;0;1;1;7;3
9;0901;7;7;7;1;0;0;0;4;3
9;0901;7;7;7;1;0;2;2;7;3
9;0901;7;7;8;1;0;0;0;7;3
9;0901;7;7;9;1;0;1;1;3;7
9;0901;7;7;13;1;0;2;2;3;3
9;0901;7;7;13;1;0;1;1;7;3
9;0901;7;7;13;1;0;1;1;7;3
9;0901;7;7;14;1;0;1;1;3;4
9;0901;7;7;18;1;0;0;0;7;3
9;0901;7;7;19;1;0;0;0;4;3
9;0901;7;7;20;1;0;1;1;1;3
9;0901;7;7;21;1;0;1;1;7;3
9;0901;7;7;21;1;2;0;2;5;4
9;0901;7;1;4;1;0;1;1;3;3
9;0901;7;1;8;1;0;0;0;3;4
9;0901;7;1;8;1;0;1;1;6;10
9;0901;7;1;9;1;0;2;2;3;3
9;0901;7;1;9;1;1;0;1;1;3
9;0901;7;1;9;1;0;1;1;7;3
9;0901;7;1;10;1;0;1;1;7;4
9;0901;7;1;15;1;0;1;1;3;7
9;0901;7;1;15;1;0;1;1;1;5
9;0901;7;1;16;1;0;1;1;3;4
9;0901;7;1;17;1;0;2;2;1;3
9;0901;7;1;21;1;0;1;1;3;7
9;0901;7;1;22;1;0;1;1;3;7
9;0901;7;1;23;1;0;1;1;1;3
9;0901;7;2;5;1;0;1;1;3;7
9;0901;7;2;8;1;0;1;1;3;7
9;0901;7;2;9;1;0;1;1;3;2
9;0901;7;2;9;1;0;2;2;3;4
9;0901;7;2;9;1;0;0;0;3;10
9;0901;7;2;13;1;0;2;2;3;7
9;0901;7;2;14;1;0;1;1;1;3
9;0901;7;2;14;1;0;3;3;3;3
9;0901;7;2;14;1;0;2;2;3;7
9;0901;7;2;18;1;1;0;1;1;3
9;0901;7;3;6;1;0;1;1;1;5
9;0901;7;3;6;1;0;1;1;1;3
9;0901;7;3;7;1;0;1;1;3;7
9;0901;7;3;7;1;0;2;2;3;7
9;0901;7;3;7;1;0;1;1;3;2
9;0901;7;3;8;1;0;1;1;1;3
9;0901;7;3;11;1;0;1;1;3;7
9;0901;7;3;15;1;0;1;1;7;3
9;0901;7;3;18;1;0;1;1;1;4
9;0901;7;3;21;1;0;1;1;1;4
9;0901;7;3;23;1;1;0;1;3;3
9;0901;7;4;3;1;0;0;0;7;3
9;0901;7;4;3;1;0;0;0;7;9
9;0901;7;4;5;1;0;1;1;7;1
9;0901;7;4;6;1;0;1;1;7;4
9;0901;7;4;7;1;0;1;1;3;4
9;0901;7;4;9;1;0;1;1;5;4
9;0901;7;4;11;1;0;1;1;3;4
9;0901;7;4;14;1;0;1;1;8;10
9;0901;7;4;14;1;0;1;1;3;4
9;0901;7;4;15;1;0;1;1;1;7
9;0901;7;4;19;1;1;0;1;1;3
9;0901;7;4;20;1;0;1;1;3;7
9;0901;7;4;20;1;0;2;2;3;3
9;0901;7;4;21;1;0;0;0;3;7
9;0901;7;5;3;1;0;1;1;4;3
9;0901;7;5;12;1;0;1;1;1;3
9;0901;7;5;16;1;0;1;1;5;4
9;0901;7;5;19;1;0;2;2;1;1
9;0901;7;5;19;1;0;1;1;3;4
9;0901;7;5;20;1;0;2;2;1;6
9;0901;7;5;20;1;0;1;1;1;3
9;0901;7;5;21;1;0;1;1;3;7
9;0901;7;6;0;1;0;2;2;3;7
9;0901;7;6;0;1;0;0;0;3;7
9;0901;7;6;2;1;0;1;1;3;7
9;0901;7;6;4;1;0;0;0;7;3
9;0901;7;6;6;1;0;1;1;3;4
9;0901;7;6;6;1;0;1;1;4;1
9;0901;7;6;10;1;0;1;1;3;3
9;0901;7;6;11;1;0;1;1;1;5
9;0901;7;6;14;1;0;1;1;3;3
9;0901;7;6;14;1;0;0;0;3;3
9;0901;7;6;16;1;0;2;2;3;3
9;0901;7;6;17;1;0;1;1;1;3
9;0901;7;6;19;1;1;1;2;3;3
9;0901;7;6;20;1;0;1;1;4;3
9;0901;7;6;20;1;0;1;1;3;3
9;0901;7;6;22;1;0;2;2;1;4
9;0901;7;6;22;1;0;2;2;1;3
9;0901;7;7;0;1;0;1;1;1;5
9;0901;7;7;1;1;1;0;1;7;3
9;0901;7;7;1;1;0;1;1;3;3
9;0901;7;7;2;1;0;1;1;4;1
9;0901;7;7;4;1;0;2;2;7;3
9;0901;7;7;4;1;0;0;0;4;1
9;0901;7;7;8;1;0;0;0;4;1
9;0901;7;7;12;1;0;1;1;1;5
9;0901;7;7;12;1;0;1;1;3;7
9;0901;7;7;15;1;0;1;1;3;3
9;0901;7;7;16;1;0;1;1;1;3
9;0901;7;7;18;1;1;3;4;3;3
9;0901;7;7;18;1;0;1;1;1;3
9;0901;7;1;0;1;0;1;1;1;4
9;0901;7;1;1;1;0;1;1;8;10
9;0901;7;1;3;1;0;1;1;3;4
9;0901;7;1;6;1;0;1;1;7;3
9;0901;7;1;6;1;0;1;1;3;7
9;0901;7;1;7;1;0;0;0;8;3
9;0901;7;1;7;1;0;0;0;3;3
9;0901;7;1;12;1;0;3;3;3;3
9;0901;7;1;15;1;0;2;2;3;4
9;0901;7;1;15;1;0;2;2;5;4
9;0901;7;1;15;1;0;0;0;5;4
9;0901;7;1;17;1;0;1;1;7;3
9;0901;7;1;18;1;1;1;2;4;1
9;0901;7;1;21;1;0;2;2;3;3
9;0901;7;1;22;1;0;0;0;4;3
9;0901;7;2;6;1;0;1;1;6;10
9;0901;7;2;8;1;0;1;1;1;3
9;0901;7;2;10;1;0;1;1;5;3
9;0901;7;2;12;1;0;2;2;3;7
9;0901;7;2;14;1;0;1;1;3;3
9;0901;7;2;15;1;0;1;1;3;7
9;0901;7;2;16;1;0;1;1;3;7
9;0901;7;2;16;1;0;1;1;7;3
9;0901;7;2;18;1;0;2;2;3;7
9;0901;7;2;19;1;0;1;1;1;3
9;0901;7;2;21;1;0;2;2;1;3
9;0901;7;2;22;1;0;2;2;5;3
9;0901;7;3;2;1;0;1;1;3;2
9;0901;7;3;8;1;0;1;1;7;10
9;0901;7;3;17;1;0;2;2;3;7
9;0901;7;3;17;1;0;1;1;3;7
9;0901;7;3;18;1;0;2;2;1;3
9;0901;7;3;19;1;0;1;1;1;3
9;0901;7;3;22;1;0;1;1;6;10
9;0920;7;1;0;2;0;0;0;3;4
24;2402;7;1;0;1;0;1;1;3;7
9;0911;7;1;2;2;1;1;2;4;4
9;0920;7;1;3;2;0;1;1;7;4
24;2401;7;1;4;2;0;1;1;1;4
12;1201;7;1;5;2;1;0;1;3;7
9;0920;7;1;6;2;0;1;1;3;7
24;2401;7;1;8;2;0;1;1;3;4
9;0905;7;1;10;2;0;0;0;7;4
9;0916;7;1;10;1;0;1;1;3;7
23;2301;7;1;12;2;0;0;0;3;4
17;1703;7;1;13;2;0;3;3;3;7
13;1301;7;1;17;2;0;1;1;3;4
9;0908;7;1;18;2;0;1;1;3;7
9;0916;7;1;18;2;0;0;0;5;4
9;0909;7;1;18;2;1;0;1;3;7
9;0918;7;1;19;2;1;0;1;1;4
9;0911;7;1;20;2;0;2;2;1;4
9;0912;7;1;21;2;0;1;1;7;4
13;1301;7;2;9;2;0;2;2;7;4
1;0106;7;2;9;2;0;0;0;3;4
9;0909;7;2;12;1;0;1;1;3;7
1;0101;7;2;13;2;0;1;1;3;7
17;1703;7;2;13;2;1;0;1;7;4
17;1703;7;2;14;2;0;0;0;3;4
12;1207;7;2;17;2;0;2;2;7;4
9;0906;7;2;18;2;0;1;1;3;4
9;0901;7;2;19;2;1;1;2;3;4
9;0920;7;2;22;2;0;1;1;3;4
7;0707;7;2;23;2;0;0;0;3;4
9;0921;7;3;4;2;0;1;1;3;4
24;2402;7;3;5;1;0;1;1;2;5
12;1210;7;3;6;2;0;1;1;4;4
12;1208;7;3;7;2;0;2;2;3;7
12;1207;7;3;7;2;0;1;1;1;4
7;0714;7;3;9;2;1;0;1;7;4
1;0101;7;3;16;2;0;0;0;3;4
24;2401;7;3;18;2;0;1;1;8;10
1;0110;7;3;18;2;0;12;12;7;4
9;0916;7;3;20;1;0;1;1;7;4
24;2401;7;3;21;2;0;1;1;4;4
24;2401;7;3;21;2;0;2;2;4;4
12;1205;7;4;1;2;0;0;0;3;7
9;0920;7;4;6;2;0;2;2;3;7
13;1301;7;4;10;2;0;1;1;7;4
7;0701;7;4;13;2;0;0;0;3;4
12;1212;7;4;13;2;0;0;0;7;4
12;1207;7;4;14;2;0;1;1;7;4
23;2301;7;4;15;2;0;1;1;3;4
9;0912;7;4;17;2;0;1;1;7;4
13;1321;7;4;19;2;0;1;1;3;7
9;0909;7;5;9;2;0;0;0;7;4
9;0904;7;5;21;2;0;1;1;1;4
9;0906;7;5;23;2;0;1;1;3;7
17;1703;7;6;0;2;0;4;4;3;7
1;0101;7;6;0;2;0;0;0;7;4
2;0206;7;6;1;1;0;1;1;1;4
9;0906;7;6;1;2;0;1;1;7;4
13;1312;7;6;4;2;0;0;0;7;4
24;2401;7;6;13;2;0;2;2;3;7
9;0906;7;6;14;2;0;1;1;3;7
12;1207;7;6;16;2;1;2;3;3;7
9;0922;7;6;17;2;0;2;2;3;4
24;2402;7;6;17;2;0;2;2;3;7
9;0921;7;6;17;2;0;1;1;3;7
24;2401;7;6;18;2;0;1;1;3;7
9;0921;7;6;19;1;0;1;1;1;4
9;0910;7;6;19;2;0;2;2;1;4
7;0712;7;6;19;2;1;0;1;1;4
9;0906;7;6;19;2;0;0;0;6;4
9;0906;7;6;19;2;0;4;4;3;7
9;0912;7;6;20;1;0;1;1;1;4
9;0925;7;6;20;2;0;1;1;5;4
9;0909;7;6;20;1;0;1;1;1;4
9;0901;7;6;20;2;0;1;1;7;4
13;1301;7;7;0;2;1;0;1;4;4
7;0710;7;7;3;2;0;1;1;7;4
9;0909;7;7;4;1;0;1;1;1;4
24;2402;7;7;4;1;0;1;1;4;4
1;0103;7;7;6;2;0;0;0;3;7
9;0912;7;7;7;1;0;1;1;3;4
24;2403;7;7;8;1;1;1;2;7;4
24;2401;7;7;9;1;0;0;0;5;4
13;1315;7;7;12;2;0;0;0;7;4
9;0908;7;7;13;2;0;1;1;3;7
7;0710;7;7;13;2;0;0;0;7;4
13;1310;7;7;15;2;0;1;1;1;4
9;0913;7;7;15;2;0;2;2;3;7
23;2301;7;7;16;2;0;0;0;3;4
12;1207;7;7;17;1;0;2;2;3;4
9;0919;7;7;20;2;0;1;1;6;4
24;2402;7;7;21;1;0;1;1;1;4
9;0906;7;7;21;1;0;1;1;2;5
12;1207;7;7;22;1;0;1;1;7;4
9;0920;7;1;0;2;0;1;1;8;10
24;2401;7;1;4;2;0;0;0;7;4
9;0921;7;1;5;1;0;1;1;7;4
13;1315;7;1;13;2;0;0;0;7;4
9;0908;7;1;17;2;0;2;2;7;4
12;1204;7;1;18;2;1;8;9;3;7
9;0906;7;1;19;2;0;0;0;4;4
7;0706;7;1;20;2;1;4;5;3;7
9;0906;7;1;21;2;0;1;1;3;4
9;0906;7;1;21;2;0;1;1;3;4
9;0906;7;2;0;2;0;1;1;3;7
9;0904;7;2;0;2;0;2;2;1;4
24;2401;7;2;2;2;0;0;0;4;4
7;0712;7;2;5;2;0;1;1;3;7
24;2403;7;2;7;1;0;1;1;2;5
1;0111;7;2;10;2;0;1;1;1;4
13;1309;7;2;11;2;0;1;1;3;7
12;1208;7;2;11;1;0;2;2;3;7
9;0902;7;2;14;2;1;1;2;6;4
9;0909;7;2;16;1;0;1;1;8;10
9;9004;7;2;17;2;0;2;2;3;7
13;1309;7;2;18;2;0;2;2;4;4
9;0906;7;2;19;2;1;0;1;3;7
9;0909;7;3;6;2;0;2;2;3;7
9;0911;7;3;10;1;1;1;2;3;7
1;0101;7;3;15;2;0;0;0;7;4
9;0916;7;3;15;1;0;0;0;5;4
7;0701;7;3;16;2;0;1;1;3;7
13;1314;7;3;18;2;0;0;0;1;4
7;0702;7;3;18;2;1;0;1;3;7
13;1307;7;3;19;2;1;0;1;7;4
13;1301;7;3;21;2;0;1;1;3;4
1;0115;7;4;0;2;0;1;1;4;4
9;0922;7;4;6;2;0;2;2;1;4
23;2301;7;4;6;2;0;3;3;3;7
9;0920;7;4;7;2;0;3;3;3;7
1;0103;7;4;7;2;0;0;0;5;4
9;0921;7;4;9;1;0;1;1;2;5
9;0916;7;4;12;2;0;0;0;3;4
12;1210;7;4;13;2;0;2;2;1;4
7;0701;7;4;17;2;0;1;1;5;4
2;0207;7;4;17;1;0;1;1;5;4
1;0108;7;4;17;2;0;1;1;3;4
13;1321;7;4;23;2;1;0;1;3;4
12;1210;7;5;0;2;0;0;0;7;4
9;0901;7;5;5;2;0;0;0;7;4
9;0909;7;5;5;2;0;0;0;3;7
13;1321;7;5;6;2;0;2;2;5;4
9;0928;7;5;10;2;0;4;4;3;7
13;1312;7;5;13;2;0;1;1;4;4
1;0101;7;5;14;2;0;0;0;3;7
7;0702;7;5;16;2;0;1;1;5;4
9;0925;7;5;19;1;0;3;3;1;4
12;1210;7;5;19;2;0;0;0;3;7
12;1207;7;5;23;1;0;2;2;5;4
9;0906;7;6;0;2;0;1;1;4;4
9;0912;7;6;0;2;0;1;1;7;4
9;0911;7;6;1;2;0;0;0;6;4
24;2403;7;6;2;2;0;1;1;7;4
9;0916;7;6;3;1;0;0;0;7;4
7;0702;7;6;5;2;0;0;0;7;4
7;0706;7;6;6;2;0;0;0;3;4
9;0920;7;6;7;2;0;1;1;2;5
24;2401;7;6;7;2;0;1;1;7;4
9;0920;7;6;9;1;0;1;1;2;5
9;0912;7;6;12;2;0;1;1;1;4
9;0916;7;6;12;2;0;0;0;3;7
12;1207;7;6;15;1;0;1;1;3;7
13;1309;7;6;18;2;1;0;1;3;4
13;1303;7;6;19;2;0;2;2;5;4
12;1205;7;6;19;2;0;1;1;3;7
12;1210;7;6;19;2;0;2;2;7;4
7;0709;7;6;20;2;0;1;1;7;4
9;0921;7;6;20;2;1;0;1;3;4
9;0921;7;6;20;2;1;1;2;6;4
9;0908;7;6;21;2;1;1;2;3;7
9;0927;7;6;21;2;0;0;0;3;7
24;2401;7;6;23;2;0;1;1;7;4
9;0925;7;7;1;2;0;1;1;3;7
9;0920;7;7;4;2;0;1;1;4;4
9;0920;7;7;5;2;1;0;1;7;4
9;0912;7;7;5;2;1;0;1;3;7
12;1207;7;7;5;2;1;0;1;1;4
17;1703;7;7;7;2;0;2;2;5;4
9;0910;7;7;11;2;1;0;1;7;4
9;0920;7;7;16;2;0;2;2;3;7
9;0902;7;7;19;2;0;2;2;1;4
9;0906;7;7;20;2;0;1;1;1;4
2;0207;7;7;20;1;0;3;3;3;7
24;2402;7;7;21;1;0;1;1;6;4
9;0906;7;7;22;1;0;1;1;1;4
9;0902;7;7;22;2;0;1;1;8;10
7;0712;7;7;23;2;1;0;1;7;4
9;0908;7;1;0;2;0;1;1;1;4
9;0919;7;1;4;2;0;1;1;1;4
9;0901;7;1;5;2;0;0;0;3;4
9;0909;7;1;7;2;0;1;1;3;4
13;1312;7;1;8;2;0;2;2;4;4
1;0108;7;1;9;2;0;0;0;3;4
9;0904;7;1;12;2;0;1;1;3;7
9;0911;7;1;14;2;0;1;1;1;4
24;2403;7;1;14;1;0;3;3;3;7
9;0910;7;1;20;2;0;0;0;5;4
9;0920;7;1;23;2;0;2;2;3;4
9;0905;7;1;23;2;0;1;1;7;4
9;0907;7;2;3;2;0;0;0;6;4
9;0909;7;2;6;2;0;1;1;1;4
9;0906;7;2;7;1;0;1;1;3;7
1;0101;7;2;10;2;0;0;0;3;7
1;0101;7;2;10;2;0;3;3;7;4
24;2403;7;2;12;2;0;2;2;1;4
9;0904;7;2;13;1;0;1;1;1;4
9;0908;7;2;16;2;0;2;2;3;7
24;2403;7;2;16;2;0;2;2;4;4
1;0102;7;2;19;2;0;1;1;3;7
23;2302;7;2;22;2;1;0;1;4;4
9;0904;7;3;0;1;0;2;2;3;7
9;0902;7;3;6;2;0;2;2;3;7
24;2403;7;3;11;2;0;0;0;3;4
12;1210;7;3;12;2;0;1;1;3;4
9;0909;7;3;12;1;0;1;1;3;7
9;0922;7;3;13;2;0;2;2;3;7
9;0916;7;3;16;2;0;1;1;7;4
9;0922;7;3;17;2;0;2;2;7;4
9;0920;7;3;18;2;1;0;1;5;4
9;0906;7;3;18;2;0;1;1;7;4
9;0916;7;4;5;2;1;0;1;3;4
9;0901;7;4;5;2;0;9;9;3;7
9;0908;7;4;7;2;0;1;1;2;5
9;0919;7;4;8;2;0;1;1;7;4
24;2401;7;4;8;1;0;2;2;5;4
1;0105;7;4;9;2;0;0;0;7;4
9;0920;7;4;12;1;0;3;3;4;4
9;0908;7;4;12;2;0;1;1;7;4
9;0908;7;4;14;2;0;1;1;1;4
9;0901;7;4;19;1;0;1;1;4;4
1;0105;7;4;20;2;0;0;0;3;7
9;0901;7;4;21;2;1;0;1;3;7
9;0906;7;4;23;2;0;0;0;4;4
1;0101;7;5;1;2;0;0;0;4;4
9;0923;7;5;6;2;2;0;2;3;4
9;0908;7;5;12;2;0;2;2;5;4
9;0906;7;5;12;1;0;0;0;3;7
9;0920;7;5;15;2;0;0;0;5;4
9;0916;7;5;16;2;1;1;2;3;7
13;1310;7;5;18;2;0;1;1;7;4
24;2402;7;5;19;1;0;2;2;3;7
9;0910;7;5;20;2;0;1;1;3;4
9;0910;7;5;21;2;0;1;1;1;4
9;0906;7;5;21;1;0;1;1;4;4
13;1306;7;5;23;2;0;0;0;7;4
13;1301;7;5;23;2;0;1;1;7;4
9;0904;7;6;3;2;0;1;1;1;4
13;1301;7;6;5;2;0;0;0;4;4
9;0905;7;6;7;2;0;1;1;2;5
13;1314;7;6;10;2;0;1;1;4;4
1;0104;7;6;12;2;0;0;0;3;4
12;1204;7;6;14;2;0;1;1;7;4
9;0920;7;6;14;2;0;1;1;7;4
9;0920;7;6;14;2;0;1;1;1;4
9;0920;7;6;14;2;0;1;1;3;7
9;0920;7;6;15;2;0;1;1;8;10
12;1208;7;6;17;1;0;1;1;3;7
9;0912;7;6;19;2;0;1;1;3;7
13;1312;7;6;22;2;0;1;1;4;4
12;1210;7;6;22;2;1;0;1;3;7
1;0103;7;6;22;2;0;1;1;1;4
9;0901;7;6;23;2;0;1;1;5;4
9;0901;7;6;23;2;0;0;0;3;4
9;0922;7;6;23;1;0;1;1;8;10
23;2301;7;7;2;2;0;1;1;3;7
9;0923;7;7;2;2;0;1;1;4;4
9;0908;7;7;8;2;0;2;2;3;7
1;0103;7;7;9;2;0;0;0;3;4
9;0918;7;7;15;2;1;0;1;3;7
12;1207;7;7;16;2;0;5;5;7;4
17;1703;7;7;16;2;0;0;0;7;4
9;0910;7;7;17;2;0;3;3;3;7
13;1301;7;7;17;2;0;1;1;3;7
9;0902;7;7;17;2;0;1;1;1;4
12;1201;7;7;18;2;0;1;1;8;10
9;0919;7;7;18;2;0;2;2;3;7
9;0925;7;7;19;2;0;1;1;7;4
9;0902;7;7;20;2;0;1;1;4;4
9;0925;7;7;21;2;0;4;4;5;4
9;0911;7;7;23;1;0;2;2;1;4
9;0920;7;7;23;2;0;1;1;1;4
9;0916;7;7;23;1;0;1;1;5;4
1;0101;7;1;0;2;6;2;8;3;7
12;1207;7;1;4;1;0;1;1;7;4
24;2401;7;1;4;2;0;1;1;3;7
9;0914;7;1;5;2;0;1;1;1;4
9;0910;7;1;7;2;0;1;1;8;10
1;0105;7;1;8;2;0;0;0;3;4
7;0702;7;1;8;2;1;0;1;7;4
13;1301;7;1;13;2;0;1;1;3;7
24;2401;7;1;15;2;0;1;1;2;5
9;0920;7;1;18;2;0;1;1;1;4
13;1301;7;1;19;2;0;1;1;3;7
13;1301;7;1;19;2;0;1;1;3;7
9;0901;7;2;6;2;1;0;1;5;4
17;1703;7;2;7;2;0;0;0;8;10
17;1703;7;2;8;2;0;1;1;4;4
9;0908;7;2;8;1;0;1;1;3;7
24;2401;7;2;9;2;0;1;1;1;4
9;0916;7;2;9;1;0;1;1;2;5
9;0910;7;2;9;2;0;0;0;7;4
9;0916;7;2;14;2;0;1;1;7;4
9;0908;7;2;15;1;0;0;0;3;7
9;0916;7;2;15;2;0;0;0;3;7
1;0103;7;2;16;2;0;2;2;3;7
7;0709;7;2;17;2;0;1;1;1;4
9;0909;7;2;19;1;0;2;2;3;7
9;0906;7;2;20;1;0;1;1;3;7
1;0104;7;3;1;2;0;2;2;7;4
24;2403;7;3;1;2;0;1;1;2;5
12;1207;7;3;10;1;0;0;0;7;4
13;1313;7;3;14;2;0;1;1;4;4
9;0912;7;3;14;2;0;1;1;7;4
7;0706;7;3;16;2;0;1;1;6;4
9;0916;7;3;19;2;0;0;0;3;7
9;0916;7;3;21;1;0;0;0;7;4
13;1309;7;3;23;2;0;2;2;7;4
9;0921;7;4;8;1;0;1;1;3;7
1;0108;7;4;9;2;0;2;2;3;7
13;1315;7;4;10;2;0;4;4;7;4
9;0914;7;4;11;1;0;1;1;3;4
9;0920;7;4;11;2;0;1;1;3;7
9;0906;7;4;11;2;0;0;0;3;4
13;1310;7;4;13;2;0;4;4;4;4
9;0922;7;4;14;1;0;2;2;3;7
9;0908;7;4;16;2;0;0;0;7;4
9;0906;7;4;20;2;1;0;1;1;4
13;1312;7;4;20;2;0;2;2;4;4
9;0928;7;4;20;2;0;2;2;6;4
12;1207;7;4;23;1;1;0;1;4;4
24;2402;7;5;0;1;0;1;1;3;7
1;0101;7;5;1;2;0;0;0;7;4
17;1703;7;5;3;2;0;7;7;7;4
9;0906;7;5;5;1;0;0;0;7;4
17;1703;7;5;9;2;0;1;1;4;4
7;0714;7;5;14;2;0;0;0;7;4
12;1204;7;5;23;2;0;0;0;7;4
9;0910;7;6;0;2;0;1;1;8;10
7;0713;7;6;1;2;0;1;1;7;4
13;1309;7;6;5;2;0;0;0;7;4
9;0920;7;6;5;2;1;0;1;3;7
23;2301;7;6;5;2;2;0;2;3;7
7;0706;7;6;6;2;1;0;1;3;4
7;0704;7;6;7;2;0;0;0;3;7
1;0102;7;6;7;2;0;2;2;3;7
9;0924;7;6;8;2;0;1;1;3;7
9;0920;7;6;11;2;0;1;1;2;5
1;0101;7;6;12;2;0;0;0;4;4
9;0902;7;6;12;2;0;2;2;2;5
9;0908;7;6;13;2;0;2;2;3;7
12;1207;7;6;14;1;0;2;2;3;7
12;1207;7;6;16;2;0;4;4;3;7
9;0908;7;6;16;2;0;1;1;6;4
9;0910;7;6;17;2;0;2;2;7;4
23;2301;7;6;17;2;0;0;0;5;4
12;1210;7;6;18;2;0;0;0;5;4
24;2402;7;6;19;1;0;1;1;1;4
13;1301;7;6;19;2;0;1;1;3;4
1;0103;7;6;20;2;1;0;1;1;4
24;2402;7;6;21;2;0;0;0;3;4
23;2301;7;6;21;2;0;1;1;1;4
13;1312;7;6;22;2;0;2;2;7;4
9;0909;7;6;22;1;0;3;3;1;4
9;0920;7;7;3;2;0;1;1;4;4
1;0102;7;7;3;2;0;1;1;4;4
7;0709;7;7;5;2;0;2;2;3;4
24;2401;7;7;5;2;0;1;1;3;7
9;0908;7;7;7;2;0;1;1;3;7
23;2301;7;7;11;2;0;0;0;7;4
9;0906;7;7;12;2;0;1;1;7;4
9;0916;7;7;13;1;0;0;0;7;4
9;0912;7;7;13;2;0;2;2;3;7
23;2301;7;7;14;2;0;1;1;7;4
1;0101;7;7;17;2;0;1;1;6;4
9;0902;7;7;17;2;0;1;1;1;4
9;0918;7;7;18;2;0;1;1;7;4
9;0912;7;7;18;1;0;1;1;2;5
9;0919;7;7;19;2;0;1;1;1;4
24;2402;7;7;21;2;0;1;1;1;4
9;0914;7;1;1;1;1;0;1;4;4
12;1207;7;1;7;1;0;1;1;7;4
9;0925;7;1;13;2;0;0;0;3;4
13;1301;7;1;14;2;0;1;1;7;4
9;0908;7;1;15;2;0;1;1;3;7
7;0706;7;1;17;2;0;2;2;3;7
13;1303;7;1;18;2;0;1;1;5;4
9;0927;7;1;19;2;0;2;2;7;4
9;0901;7;2;0;2;0;0;0;7;4
1;0101;7;2;6;2;0;4;4;3;7
9;0911;7;2;6;2;0;1;1;1;4
23;2301;7;2;7;2;0;1;1;3;4
24;2402;7;2;13;1;0;0;0;3;7
13;1309;7;2;15;2;0;1;1;7;4
9;0920;7;2;17;1;0;2;2;3;7
13;1309;7;2;17;2;0;0;0;3;4
9;0920;7;2;18;2;0;1;1;3;4
9;0914;7;2;18;2;0;1;1;3;7
7;0704;7;2;19;2;0;2;2;7;4
9;0920;7;2;19;2;1;0;1;1;4
12;1205;7;2;19;2;0;0;0;5;4
7;0712;7;2;19;2;0;0;0;7;4
24;2402;7;2;23;1;0;0;0;7;4
9;0916;7;3;0;1;0;1;1;4;4
12;1204;7;3;2;2;0;0;0;3;7
12;1205;7;3;5;2;0;4;4;3;7
7;0714;7;3;9;2;0;1;1;7;4
9;0920;7;3;11;2;0;1;1;3;7
9;0923;7;3;12;2;0;5;5;3;7
9;0910;7;3;12;2;1;1;2;1;4
9;0908;7;3;12;1;0;2;2;5;4
1;0101;7;3;14;2;0;1;1;1;4
9;0919;7;3;19;2;0;3;3;3;7
1;0101;7;3;19;2;0;0;0;5;4
9;0906;7;3;22;2;0;1;1;7;4
14;1401;7;1;7;2;0;1;1;3;4
17;1703;7;1;19;1;1;0;1;5;3
10;1001;7;1;22;2;0;1;1;7;4
6;0607;7;1;23;1;0;2;2;7;3
11;1103;7;2;4;2;1;1;2;7;4
20;2003;7;2;2;2;0;1;1;7;3
14;1401;7;2;10;2;0;9;9;3;4
17;1705;7;2;12;2;0;1;1;3;3
5;0505;7;2;19;2;0;2;2;7;7
14;1401;7;3;12;1;0;1;1;1;4
13;1306;7;3;13;2;0;1;1;3;4
6;0609;7;3;15;2;0;1;1;3;3
14;1401;7;3;18;2;0;0;0;5;4
17;1701;7;3;19;2;1;0;1;1;3
12;1211;7;4;13;1;0;2;2;3;4
17;1705;7;4;19;2;0;0;0;3;1
17;1701;7;6;9;2;0;0;0;7;4
13;1303;7;6;15;1;1;0;1;7;4
4;0402;7;7;4;2;1;0;1;6;4
13;1304;7;7;4;2;2;0;2;3;4
19;1901;7;7;11;2;0;1;1;3;4
11;1113;7;7;11;2;0;1;1;7;4
6;0603;7;1;1;2;2;1;3;3;3
5;0505;7;1;2;2;0;2;2;1;5
10;1001;7;1;3;2;1;0;1;1;5
6;0609;7;1;17;2;0;0;0;3;4
6;0606;7;1;17;2;1;0;1;1;4
18;1802;7;1;18;2;0;1;1;1;4
6;0605;7;2;21;1;0;1;1;1;4
2;0201;7;3;14;2;0;1;1;3;7
1;0112;7;3;18;2;1;0;1;7;4
10;1001;7;3;19;2;1;0;1;1;4
17;1701;7;3;23;2;0;0;0;3;4
18;1807;7;3;23;2;0;0;0;5;4
12;1203;7;4;5;2;0;1;1;7;4
16;1601;7;4;8;2;1;0;1;3;3
2;0203;7;4;11;2;0;1;1;3;4
11;1109;7;4;13;2;0;0;0;7;4
3;0301;7;4;14;2;1;0;1;4;7
13;1304;7;4;23;1;0;1;1;3;4
17;1703;7;5;7;2;1;0;1;3;4
11;1109;7;5;10;2;1;0;1;6;10
17;1703;7;5;20;2;1;0;1;3;4
12;1206;7;6;2;2;2;0;2;3;3
10;1001;7;6;7;2;3;2;5;7;4
10;1001;7;6;10;2;0;1;1;3;4
10;1001;7;6;11;2;0;1;1;1;4
8;0806;7;6;12;2;0;0;0;3;4
17;1701;7;6;16;1;0;0;0;3;4
14;1408;7;6;16;2;1;1;2;1;1
11;1104;7;6;18;2;1;2;3;7;3
8;0804;7;6;19;2;1;0;1;3;4
17;1701;7;6;21;2;0;0;0;3;1
17;1705;7;7;4;1;0;0;0;3;1
5;0504;7;7;5;1;1;2;3;7;4
13;1301;7;7;9;2;0;1;1;7;4
10;1002;7;7;15;1;0;0;0;3;4
8;0804;7;1;14;2;1;1;2;3;4
17;1704;7;1;14;2;3;2;5;3;4
17;1703;7;1;15;2;0;1;1;7;4
8;0803;7;1;19;2;1;0;1;3;4
5;0505;7;1;19;1;1;0;1;1;7
6;0607;7;2;5;2;0;2;2;3;4
4;0405;7;2;17;2;0;1;1;3;3
17;1701;7;2;20;2;1;0;1;1;4
6;0607;7;3;5;2;0;3;3;4;10
18;1809;7;3;15;2;0;0;0;3;4
6;0607;7;4;0;2;0;0;0;7;3
6;0604;7;4;7;1;0;0;0;4;10
4;0401;7;4;16;2;0;3;3;3;4
16;1603;7;4;18;2;1;0;1;3;4
17;1701;7;5;5;2;1;0;1;4;10
15;1501;7;5;6;2;2;0;2;3;3
8;0804;7;5;15;2;0;0;0;7;1
1;0103;7;6;2;2;1;1;2;7;4
8;0804;7;6;3;2;1;0;1;3;4
5;0505;7;6;5;2;2;0;2;7;4
6;0607;7;6;16;2;0;0;0;7;3
10;1001;7;6;17;2;0;2;2;7;4
18;1807;7;6;19;2;0;0;0;3;1
2;0201;7;6;20;2;0;1;1;3;3
17;1703;7;7;0;2;0;2;2;3;4
2;0202;7;7;1;2;1;1;2;3;4
17;1701;7;7;1;1;0;0;0;3;1
17;1701;7;7;2;2;1;0;1;3;4
17;1703;7;7;6;2;0;1;1;3;4
17;1701;7;7;7;2;0;1;1;3;1
19;1905;7;7;8;2;0;1;1;7;4
17;1701;7;7;8;2;1;1;2;3;4
22;2203;7;7;8;2;0;1;1;3;3
6;0607;7;7;9;2;0;0;0;3;3
11;1105;7;7;13;2;3;0;3;3;4
6;0609;7;7;15;2;0;0;0;3;1
6;0607;7;1;2;2;0;0;0;7;3
17;1701;7;1;4;1;1;0;1;1;4
2;0201;7;1;10;2;0;1;1;2;3
6;0601;7;1;11;2;0;2;2;3;3
1;0111;7;1;19;2;1;0;1;1;10
17;1707;7;2;4;2;1;0;1;7;3
2;0201;7;2;16;2;1;1;2;3;2
17;1701;7;2;17;2;2;0;2;7;6
17;1705;7;3;5;2;0;3;3;7;3
11;1107;7;3;18;2;1;0;1;7;4
17;1701;7;4;1;2;1;1;2;3;6
12;1210;7;4;11;1;0;2;2;3;4
13;1313;7;4;15;1;1;0;1;7;4
12;1210;7;4;16;1;0;2;2;3;4
13;1304;7;4;22;2;1;0;1;3;4
13;1301;7;5;3;1;1;0;1;7;4
18;1809;7;5;8;2;0;1;1;3;6
3;0302;7;5;21;2;0;1;1;3;7
10;1004;7;5;22;1;0;1;1;3;4
14;1401;7;5;23;2;0;0;0;3;4
14;1401;7;6;2;2;2;0;2;4;4
2;0203;7;6;10;2;0;2;2;3;4
6;0607;7;6;13;2;0;0;0;3;3
6;0604;7;6;14;2;0;0;0;4;3
17;1703;7;6;15;2;0;1;1;3;4
13;1306;7;6;20;1;1;2;3;3;3
22;2201;7;6;22;1;0;1;1;1;3
17;1701;7;7;1;2;0;3;3;7;3
17;1701;7;7;2;2;1;0;1;1;3
6;0607;7;7;5;2;0;0;0;3;3
13;1306;7;7;7;1;0;3;3;3;3
22;2204;7;7;10;2;0;2;2;3;3
6;0607;7;7;11;1;0;0;0;4;3
13;1304;7;7;11;2;0;1;1;3;4
22;2204;7;7;20;2;1;0;1;3;3
22;2201;7;7;21;2;1;0;1;3;3
2;0205;7;1;11;1;0;0;0;3;10
6;0601;7;1;13;2;0;0;0;3;3
12;1210;7;2;9;1;0;0;0;3;4
5;0505;7;2;14;2;0;2;2;3;4
11;1112;7;2;15;2;1;0;1;1;4
12;1203;7;2;15;2;0;0;0;5;4
14;1406;7;2;19;1;1;0;1;3;4
12;1210;7;3;4;1;0;1;1;3;4
12;1210;7;3;17;2;4;0;4;3;4
2;0201;7;3;21;2;0;0;0;3;4
5;0501;7;1;0;1;0;0;0;7;4
13;1301;7;1;1;1;0;1;1;7;3
13;1308;7;1;7;1;0;1;1;1;6
23;2301;7;1;8;1;0;1;1;3;7
5;0501;7;1;9;1;0;1;1;3;4
17;1701;7;1;10;1;0;1;1;1;5
1;0101;7;1;11;1;0;2;2;1;5
13;1308;7;1;12;1;0;1;1;3;4
13;1308;7;1;12;1;0;0;0;4;3
17;1701;7;1;13;1;0;0;0;3;4
9;0907;7;1;16;1;0;0;0;3;4
17;1701;7;1;17;1;0;1;1;2;4
23;2301;7;1;17;1;0;0;0;7;4
17;1701;7;1;17;1;0;1;1;3;2
10;1001;7;1;17;1;0;2;2;3;4
9;0907;7;1;18;1;0;0;0;1;7
17;1701;7;1;18;1;0;0;0;3;3
11;1111;7;1;18;2;0;1;1;4;4
17;1701;7;1;19;2;0;0;0;4;1
23;2301;7;1;20;1;0;0;0;1;4
11;1101;7;1;20;1;0;1;1;3;4
17;1701;7;1;20;1;0;0;0;3;7
13;1308;7;1;22;1;0;1;1;3;4
10;1001;7;1;22;1;0;1;1;3;7
23;2301;7;1;22;1;0;0;0;1;4
5;0501;7;1;22;1;0;0;0;3;4
17;1701;7;1;23;1;0;0;0;3;3
5;0501;7;2;0;1;0;0;0;1;4
5;0501;7;2;0;1;0;0;0;1;3
11;1101;7;2;0;1;0;0;0;7;3
1;0101;7;2;4;1;0;0;0;7;3
17;1701;7;2;7;1;0;2;2;4;2
17;1701;7;2;8;1;0;0;0;3;4
5;0501;7;2;8;2;0;0;0;3;4
17;1701;7;2;9;2;0;0;0;3;4
18;1801;7;2;9;1;0;1;1;3;1
18;1801;7;2;10;2;0;0;0;3;4
18;1801;7;2;11;2;1;0;1;3;3
17;1701;7;2;14;1;0;1;1;1;4
5;0501;7;2;14;1;0;1;1;3;4
17;1701;7;2;15;1;0;2;2;8;4
8;0805;7;2;15;2;0;0;0;5;2
12;1205;7;2;16;2;0;2;2;3;2
18;1801;7;2;16;1;0;0;0;7;3
5;0501;7;2;16;1;0;0;0;3;4
17;1701;7;2;17;1;0;0;0;3;3
13;1308;7;2;17;1;0;0;0;4;6
8;0805;7;2;17;2;0;2;2;3;3
5;0501;7;2;17;1;0;0;0;4;4
10;1001;7;2;18;1;0;1;1;3;1
1;0101;7;2;18;1;0;1;1;3;4
11;1101;7;2;18;1;0;0;0;4;1
17;1704;7;2;18;2;0;1;1;3;4
6;0603;7;2;19;2;0;0;0;4;3
5;0501;7;2;19;2;0;1;1;4;4
10;1004;7;2;19;1;0;1;1;1;4
23;2301;7;2;21;1;0;0;0;5;7
18;1801;7;2;21;1;0;1;1;3;7
10;1001;7;2;21;1;0;1;1;3;1
13;1308;7;2;22;1;0;0;0;3;4
23;2301;7;2;23;1;0;0;0;7;3
17;1701;7;3;6;2;0;0;0;4;3
17;1701;7;3;7;2;0;0;0;4;3
18;1801;7;3;8;2;0;0;0;4;1
10;1001;7;3;8;2;1;0;1;3;7
11;1101;7;3;8;1;0;1;1;1;4
13;1301;7;3;9;1;0;1;1;7;3
17;1701;7;3;11;1;0;1;1;1;4
1;0101;7;3;11;1;0;1;1;3;7
13;1301;7;3;13;1;0;2;2;1;4
12;1205;7;3;15;1;0;1;1;7;3
17;1701;7;3;17;1;0;1;1;3;4
17;1701;7;3;17;1;0;0;0;1;5
23;2301;7;3;17;1;0;0;0;1;4
23;2301;7;3;18;1;0;0;0;4;7
1;0101;7;3;18;1;0;1;1;3;4
7;0701;7;3;21;1;0;2;2;3;3
1;0101;7;3;22;1;0;0;0;3;4
17;1701;7;3;23;1;1;0;1;7;3
17;1701;7;3;23;1;0;4;4;3;2
11;1101;7;3;23;1;0;2;2;3;7
11;1101;7;3;23;1;0;0;0;7;3
18;1801;7;4;0;2;0;1;1;4;3
17;1701;7;4;0;1;0;1;1;7;2
11;1101;7;4;1;1;0;0;0;3;1
23;2301;7;4;1;1;0;0;0;4;1
17;1701;7;4;5;1;0;0;0;4;2
17;1701;7;4;5;1;0;0;0;3;7
13;1308;7;4;7;1;0;2;2;3;4
18;1801;7;4;8;2;0;1;1;1;4
17;1701;7;4;8;1;0;3;3;8;3
5;0501;7;4;8;1;0;0;0;3;3
5;0501;7;4;8;1;0;0;0;3;4
1;0101;7;4;12;1;0;1;1;1;4
18;1801;7;4;12;1;0;1;1;1;4
11;1101;7;4;14;1;0;0;0;3;4
10;1001;7;4;14;1;0;1;1;3;7
18;1801;7;4;15;2;0;0;0;3;1
23;2301;7;4;16;1;0;1;1;5;7
17;1701;7;4;18;1;0;0;0;4;1
13;1301;7;4;18;1;0;0;0;5;4
17;1701;7;4;18;1;0;0;0;3;2
9;0907;7;4;18;1;0;1;1;3;7
1;0101;7;4;22;1;0;0;0;4;4
17;1701;7;4;23;2;0;0;0;7;3
17;1701;7;4;23;1;0;0;0;3;1
17;1701;7;4;23;1;0;0;0;8;7
5;0501;7;5;1;2;0;0;0;7;4
11;1101;7;5;1;1;0;0;0;3;1
23;2301;7;5;2;1;0;0;0;1;4
13;1308;7;5;2;1;0;0;0;4;4
23;2301;7;5;2;1;0;0;0;4;3
5;0501;7;5;3;1;0;0;0;4;3
5;0501;7;5;3;1;0;0;0;4;4
17;1701;7;5;3;1;0;0;0;4;8
18;1801;7;5;5;1;0;1;1;7;3
17;1701;7;5;5;1;0;0;0;3;1
18;1801;7;5;6;2;0;2;2;3;7
1;0101;7;5;10;1;0;1;1;5;4
1;0101;7;5;10;1;0;1;1;7;4
13;1301;7;5;10;1;0;1;1;3;7
8;0801;7;5;11;1;0;1;1;3;4
1;0101;7;5;11;1;0;3;3;8;10
18;1801;7;5;11;1;0;0;0;3;7
10;1001;7;5;11;1;0;0;0;3;1
1;0101;7;5;13;1;0;1;1;3;2
12;1205;7;5;13;1;1;0;1;6;2
17;1701;7;5;13;1;0;0;0;4;10
12;1205;7;5;14;1;1;0;1;6;2
5;0501;7;5;14;1;0;0;0;7;4
17;1701;7;5;15;1;0;0;0;3;2
23;2301;7;5;15;1;0;2;2;7;3
17;1701;7;5;16;1;0;1;1;4;3
1;0101;7;5;16;2;0;2;2;3;4
12;1204;7;5;17;2;0;1;1;3;4
9;0907;7;5;17;1;0;1;1;7;4
17;1701;7;5;17;1;0;0;0;8;3
10;1001;7;5;18;1;0;1;1;3;7
17;1701;7;5;19;1;0;0;0;3;3
11;1101;7;5;19;1;0;0;0;3;1
5;0501;7;5;20;2;0;0;0;3;4
18;1801;7;5;20;1;0;0;0;3;4
17;1701;7;5;21;1;0;0;0;3;4
17;1701;7;5;21;1;0;1;1;1;1
17;1701;7;5;22;1;0;0;0;3;1
17;1701;7;5;23;1;0;1;1;3;2
10;1001;7;5;23;1;0;0;0;3;7
9;0907;7;5;23;1;0;1;1;3;4
23;2301;7;5;23;1;0;0;0;1;4
5;0501;7;6;0;2;0;1;1;3;4
11;1101;7;6;0;1;0;1;1;7;1
17;1701;7;6;2;1;0;0;0;4;3
17;1701;7;6;3;1;0;0;0;4;3
17;1701;7;6;3;1;0;0;0;4;3
18;1801;7;6;3;1;0;0;0;4;1
17;1701;7;6;4;1;0;0;0;8;4
17;1701;7;6;7;1;0;0;0;7;3
17;1701;7;6;8;1;0;1;1;3;7
17;1701;7;6;9;1;0;0;0;3;7
13;1301;7;6;10;1;0;1;1;3;4
9;0907;7;6;10;1;0;0;0;2;5
23;2301;7;6;12;1;0;1;1;7;4
18;1801;7;6;12;1;0;1;1;1;4
17;1701;7;6;12;1;0;0;0;3;4
17;1701;7;6;13;1;0;1;1;1;7
11;1101;7;6;14;1;0;1;1;1;5
13;1308;7;6;14;1;0;2;2;4;6
17;1701;7;6;14;1;0;1;1;3;7
17;1701;7;6;15;2;0;1;1;1;5
17;1701;7;6;17;1;0;1;1;7;2
5;0501;7;6;18;1;0;1;1;3;4
17;1701;7;6;18;1;0;2;2;1;5
17;1701;7;6;18;1;0;0;0;3;1
11;1101;7;6;19;1;1;1;2;1;4
23;2301;7;6;20;1;0;0;0;3;1
23;2301;7;6;21;1;1;0;1;3;7
17;1701;7;6;22;1;0;1;1;3;2
17;1701;7;6;22;1;0;0;0;3;1
7;0701;7;6;23;1;1;0;1;7;3
11;1101;7;7;0;1;0;0;0;5;1
17;1701;7;7;0;1;0;1;1;3;3
17;1701;7;7;1;1;0;2;2;8;7
5;0501;7;7;1;2;0;0;0;7;4
1;0101;7;7;2;1;0;0;0;3;1
17;1701;7;7;2;2;0;0;0;4;3
17;1701;7;7;2;1;0;0;0;7;2
1;0101;7;7;2;2;0;0;0;4;3
5;0501;7;7;3;1;0;1;1;7;4
23;2301;7;7;4;1;0;0;0;4;4
9;0907;7;7;4;1;0;1;1;7;4
5;0501;7;7;4;1;0;1;1;7;4
17;1701;7;7;4;1;0;0;0;4;2
10;1006;7;7;5;2;0;0;0;4;7
17;1701;7;7;5;1;0;0;0;4;2
1;0101;7;7;5;1;0;0;0;4;4
17;1701;7;7;6;1;0;1;1;1;5
7;0701;7;7;7;1;0;1;1;3;7
6;0601;7;7;7;2;0;0;0;1;4
11;1101;7;7;8;1;0;0;0;4;4
18;1801;7;7;8;2;0;2;2;1;3
8;0801;7;7;10;1;1;0;1;7;3
12;1205;7;7;12;1;0;1;1;3;7
17;1701;7;7;13;2;0;2;2;3;3
18;1801;7;7;14;2;0;1;1;2;5
17;1701;7;7;14;1;0;3;3;6;3
23;2301;7;7;15;2;0;1;1;3;4
23;2301;7;7;15;1;0;0;0;7;3
18;1801;7;7;16;1;0;1;1;1;5
17;1701;7;7;18;1;0;1;1;3;4
5;0501;7;7;19;1;0;1;1;4;4
9;0907;7;7;20;1;0;2;2;3;4
17;1701;7;7;20;1;0;0;0;3;1
13;1301;7;7;20;1;0;1;1;7;7
5;0501;7;7;20;2;1;0;1;3;4
7;0701;7;7;20;1;0;1;1;1;3
12;1205;7;7;20;1;0;0;0;3;4
17;1701;7;7;20;2;0;1;1;3;7
23;2301;7;7;22;1;0;0;0;3;7
17;1701;7;7;23;1;0;0;0;3;4
7;0701;7;7;23;1;0;1;1;3;4
5;0501;7;7;23;2;0;8;8;3;4
17;1701;7;1;0;1;1;0;1;4;3
11;1103;7;1;0;1;0;1;1;7;3
5;0501;7;1;1;2;0;1;1;7;4
11;1111;7;1;4;1;0;1;1;4;3
17;1701;7;1;5;1;1;0;1;1;5
17;1701;7;1;7;1;0;0;0;3;7
17;1701;7;1;7;1;0;2;2;3;7
18;1801;7;1;8;1;0;0;0;4;6
23;2301;7;1;9;1;0;1;1;2;5
5;0501;7;1;9;1;0;1;1;3;4
7;0701;7;1;9;1;0;2;2;3;3
1;0101;7;1;9;1;0;2;2;7;3
17;1701;7;1;10;1;0;1;1;3;7
10;1001;7;1;10;1;0;0;0;8;10
23;2301;7;1;11;1;0;0;0;3;7
17;1701;7;1;12;2;1;0;1;8;3
17;1701;7;1;16;1;0;1;1;3;7
17;1701;7;1;17;1;0;2;2;3;7
23;2301;7;1;18;1;0;1;1;7;3
9;0907;7;1;18;1;0;0;0;8;6
17;1701;7;1;18;1;0;1;1;3;4
23;2301;7;1;19;1;0;0;0;3;4
11;1101;7;1;19;2;0;0;0;3;1
11;1101;7;1;19;2;0;1;1;3;4
13;1301;7;1;20;1;0;0;0;3;4
18;1801;7;1;21;2;0;0;0;4;7
17;1701;7;1;23;1;0;0;0;7;4
17;1701;7;2;1;1;0;0;0;4;3
9;0907;7;2;7;1;0;1;1;2;5
9;0907;7;2;7;1;0;1;1;1;5
5;0501;7;2;7;1;0;0;0;3;4
13;1308;7;2;9;1;0;2;2;3;4
17;1701;7;2;10;2;0;0;0;3;4
10;1001;7;2;10;1;0;2;2;3;7
17;1701;7;2;10;1;0;1;1;1;4
7;0701;7;2;11;1;0;1;1;3;7
10;1001;7;2;12;1;0;1;1;3;7
17;1701;7;2;12;1;0;0;0;8;7
17;1701;7;2;12;1;0;0;0;4;3
1;0101;7;2;13;1;0;0;0;8;10
8;0801;7;2;13;1;0;1;1;3;7
17;1701;7;2;13;1;0;0;0;3;4
10;1001;7;2;17;1;1;0;1;1;4
7;0701;7;2;17;1;0;0;0;6;3
17;1701;7;2;18;1;0;0;0;3;4
17;1708;7;2;18;1;0;0;0;7;3
5;0501;7;2;18;1;0;0;0;1;4
6;0601;7;2;18;2;0;0;0;1;4
1;0101;7;2;18;1;0;1;1;1;5
17;1709;7;2;19;1;0;3;3;1;4
17;1701;7;2;19;1;0;1;1;6;6
17;1701;7;2;21;1;0;0;0;4;2
23;2301;7;2;21;1;0;3;3;3;1
17;1701;7;2;22;1;0;1;1;5;7
15;1501;7;2;22;1;0;1;1;7;4
17;1701;7;2;23;1;0;0;0;4;2
23;2301;7;2;23;1;0;0;0;4;3
17;1701;7;3;6;2;0;2;2;3;2
13;1308;7;3;6;1;0;2;2;1;3
1;0101;7;3;7;1;0;1;1;3;4
1;0101;7;3;7;1;0;1;1;3;4
23;2301;7;3;8;1;0;0;0;1;4
17;1701;7;3;8;1;0;1;1;1;5
11;1101;7;3;10;1;0;0;0;7;3
11;1101;7;3;10;1;0;1;1;3;3
18;1801;7;3;12;2;0;1;1;3;4
17;1701;7;3;12;1;0;2;2;3;7
13;1308;7;3;13;1;0;0;0;3;4
13;1308;7;3;15;1;0;0;0;3;4
18;1801;7;3;15;1;0;0;0;4;3
17;1701;7;3;15;1;0;0;0;3;3
17;1701;7;3;16;1;0;0;0;3;4
18;1801;7;3;16;1;0;1;1;3;6
7;0701;7;3;17;1;0;1;1;3;4
17;1701;7;3;17;1;0;3;3;3;4
23;2301;7;3;17;1;0;3;3;3;4
1;0101;7;3;17;1;0;1;1;5;4
17;1701;7;3;19;1;0;1;1;3;4
23;2301;7;3;22;1;0;0;0;3;4
17;1701;7;4;2;1;1;0;1;8;2
11;1101;7;4;6;1;0;1;1;3;7
13;1301;7;4;7;1;0;0;0;5;7
17;1701;7;4;8;2;0;4;4;8;3
23;2301;7;4;9;1;0;0;0;8;4
17;1701;7;4;12;1;0;1;1;3;7
23;2301;7;4;13;1;0;2;2;3;3
23;2301;7;4;13;1;0;0;0;3;3
18;1801;7;4;14;2;1;0;1;1;4
10;1001;7;4;14;1;0;1;1;3;7
11;1101;7;4;15;1;0;0;0;3;4
1;0101;7;4;16;1;0;1;1;3;4
12;1201;7;4;18;1;0;1;1;7;2
17;1701;7;4;19;2;0;0;0;3;4
17;1701;7;4;19;2;0;1;1;3;7
9;0907;7;4;20;1;0;2;2;3;4
9;0907;7;4;20;1;0;1;1;3;4
7;0701;7;4;20;1;1;2;3;3;7
7;0701;7;4;20;1;0;1;1;3;7
23;2301;7;4;21;1;0;2;2;2;3
9;0907;7;4;21;1;0;2;2;5;1
9;0907;7;4;21;1;0;1;1;5;4
17;1701;7;4;23;1;1;1;2;8;3
5;0501;7;4;23;1;0;0;0;3;4
17;1701;7;4;23;2;0;0;0;7;3
18;1801;7;5;1;1;0;0;0;4;1
7;0701;7;5;3;1;0;1;1;3;7
11;1101;7;5;3;1;0;0;0;3;1
17;1701;7;5;4;1;0;5;5;3;4
1;0101;7;5;5;1;0;1;1;3;1
7;0701;7;5;6;1;0;1;1;3;4
17;1701;7;5;7;1;0;1;1;7;10
17;1701;7;5;8;1;0;0;0;3;7
11;1101;7;5;9;1;0;0;0;5;4
11;1101;7;5;11;2;0;2;2;7;4
7;0701;7;5;13;1;0;1;1;1;3
1;0101;7;5;13;1;0;0;0;7;3
18;1801;7;5;13;1;0;0;0;7;1
11;1101;7;5;16;1;1;0;1;1;5
18;1801;7;5;17;1;0;1;1;3;4
11;1101;7;5;17;1;0;1;1;1;5
7;0701;7;5;17;1;0;1;1;3;7
18;1801;7;5;18;1;0;0;0;5;4
17;1701;7;5;19;2;0;0;0;3;2
1;0101;7;5;19;1;0;1;1;3;1
18;1801;7;5;20;2;0;0;0;3;7
12;1211;7;5;21;2;0;0;0;7;3
17;1701;7;5;22;1;0;0;0;4;1
1;0101;7;5;23;1;0;0;0;3;1
18;1801;7;6;0;2;0;0;0;4;1
23;2301;7;6;1;1;0;1;1;4;3
17;1701;7;6;1;1;1;0;1;3;7
11;1101;7;6;2;1;0;0;0;4;1
23;2301;7;6;2;1;0;1;1;3;7
10;1001;7;6;2;2;1;0;1;4;3
17;1701;7;6;3;1;0;0;0;8;3
18;1801;7;6;3;1;0;0;0;4;1
9;0907;7;6;3;1;0;2;2;6;4
17;1701;7;6;3;1;0;1;1;1;4
9;0907;7;6;3;1;0;2;2;6;4
17;1701;7;6;4;1;0;2;2;8;3
17;1701;7;6;4;1;0;0;0;4;3
5;0501;7;6;4;1;0;0;0;3;4
10;1002;7;6;4;1;0;0;0;1;4
18;1801;7;6;5;2;0;0;0;4;1
11;1101;7;6;7;2;0;2;2;7;4
12;1201;7;6;8;1;0;0;0;3;4
1;0101;7;6;9;1;0;3;3;7;4
17;1701;7;6;10;1;0;0;0;8;3
17;1701;7;6;10;1;0;0;0;3;2
17;1701;7;6;11;1;0;0;0;8;7
17;1701;7;6;12;2;0;0;0;4;3
17;1701;7;6;13;1;0;1;1;1;4
17;1701;7;6;13;2;0;1;1;5;4
1;0101;7;6;14;1;0;1;1;1;5
10;1004;7;6;15;1;0;2;2;3;4
10;1001;7;6;16;1;0;1;1;3;4
17;1701;7;6;17;1;0;0;0;8;2
18;1801;7;6;17;1;0;1;1;1;4
17;1701;7;6;18;1;0;0;0;3;6
17;1701;7;6;19;1;0;1;1;2;5
11;1101;7;6;20;1;0;1;1;7;1
8;0801;7;6;20;1;0;1;1;3;7
5;0501;7;6;21;2;0;0;0;3;4
11;1101;7;6;22;1;0;0;0;3;4
23;2301;7;6;22;1;0;1;1;3;3
6;0601;7;6;23;1;0;1;1;1;7
11;1101;7;6;23;1;0;0;0;4;1
17;1701;7;6;23;1;0;0;0;3;2
13;1308;7;7;0;1;0;2;2;7;3
23;2301;7;7;1;1;0;0;0;7;3
12;1201;7;7;1;1;1;1;2;4;4
8;0801;7;7;2;1;0;1;1;7;3
12;1205;7;7;2;1;1;0;1;7;2
17;1701;7;7;4;1;0;0;0;3;1
18;1801;7;7;4;1;0;0;0;4;1
23;2301;7;7;5;1;0;0;0;4;4
18;1801;7;7;5;2;0;1;1;1;1
9;0907;7;7;6;1;0;0;0;1;4
9;0907;7;7;6;1;0;0;0;1;4
12;1201;7;7;9;1;1;0;1;3;7
1;0101;7;7;10;2;0;2;2;5;4
18;1801;7;7;11;1;0;0;0;3;7
18;1801;7;7;12;1;0;1;1;1;4
11;1101;7;7;12;1;0;0;0;3;1
18;1801;7;7;13;1;0;0;0;3;7
8;0801;7;7;13;2;1;0;1;1;3
17;1701;7;7;13;2;0;1;1;3;7
13;1301;7;7;14;1;0;1;1;8;7
17;1701;7;7;15;1;0;1;1;3;2
18;1801;7;7;17;1;0;2;2;4;3
17;1701;7;7;18;1;0;0;0;8;3
23;2301;7;7;19;1;0;1;1;3;4
9;0907;7;7;19;1;0;0;0;1;4
9;0907;7;7;19;1;0;0;0;1;4
1;0101;7;7;20;1;0;1;1;3;4
17;1701;7;7;20;1;0;1;1;8;2
9;0907;7;7;20;1;0;0;0;1;4
5;0501;7;7;20;2;0;0;0;1;4
18;1801;7;7;21;2;0;0;0;5;4
13;1308;7;7;21;1;0;1;1;8;6
18;1801;7;7;23;2;0;1;1;7;3
17;1701;7;7;23;1;0;0;0;3;7
23;2301;7;1;0;1;1;0;1;4;3
17;1701;7;1;0;1;0;0;0;3;4
5;0501;7;1;0;2;1;0;1;7;4
17;1701;7;1;0;2;0;0;0;4;3
17;1701;7;1;1;2;0;0;0;4;1
1;0101;7;1;9;2;0;3;3;3;7
1;0101;7;1;10;1;1;0;1;1;4
17;1701;7;1;13;1;0;1;1;3;7
17;1701;7;1;14;1;0;0;0;3;7
18;1801;7;1;14;1;0;1;1;1;7
17;1701;7;1;15;1;0;2;2;3;6
8;0801;7;1;15;1;0;1;1;3;4
17;1701;7;1;15;1;0;3;3;1;1
9;0907;7;1;15;1;0;0;0;4;4
9;0907;7;1;15;1;0;0;0;4;4
15;1501;7;1;16;2;0;1;1;1;4
13;1309;7;1;16;1;0;1;1;4;4
13;1301;7;1;17;1;0;0;0;1;7
18;1801;7;1;17;1;0;0;0;3;2
11;1101;7;1;18;1;0;1;1;3;4
23;2301;7;1;18;1;0;1;1;4;3
17;1701;7;1;19;1;0;2;2;3;2
17;1701;7;1;19;1;0;1;1;1;5
18;1801;7;1;21;1;0;0;0;3;4
17;1701;7;1;22;1;0;1;1;3;1
10;1004;7;1;23;1;0;0;0;1;4
18;1801;7;1;23;1;0;0;0;4;3
17;1701;7;2;1;1;0;0;0;8;4
5;0501;7;2;6;1;0;1;1;3;4
17;1701;7;2;6;1;1;1;2;4;1
23;2301;7;2;7;1;0;1;1;7;3
17;1701;7;2;7;2;0;1;1;8;2
17;1701;7;2;10;1;0;1;1;3;2
1;0101;7;2;10;1;0;1;1;1;5
17;1701;7;2;10;1;0;0;0;3;3
11;1101;7;2;13;1;0;0;0;4;4
18;1801;7;2;14;2;0;0;0;5;4
1;0101;7;2;17;1;0;0;0;4;4
11;1101;7;2;18;2;0;0;0;3;3
10;1001;7;2;18;1;0;0;0;3;7
1;0101;7;2;18;1;0;0;0;3;1
9;0907;7;2;18;1;0;0;0;3;4
23;2301;7;2;18;1;0;1;1;3;7
9;0907;7;2;18;1;0;0;0;3;4
1;0101;7;2;18;1;0;1;1;3;4
12;1205;7;2;18;1;0;0;0;3;3
5;0501;7;2;19;1;0;1;1;3;4
17;1701;7;2;20;1;0;0;0;4;3
10;1001;7;2;21;1;0;1;1;3;1
18;1801;7;2;22;1;0;0;0;4;3
18;1801;7;3;0;2;0;1;1;4;1
17;1701;7;3;1;1;0;0;0;4;2
1;0101;7;3;4;1;0;1;1;7;4
13;1301;7;3;5;1;0;1;1;3;7
7;0701;7;3;6;1;0;2;2;4;4
23;2301;7;3;8;1;0;1;1;3;3
17;1701;7;3;8;1;0;1;1;3;4
18;1801;7;3;9;2;0;0;0;5;4
18;1801;7;3;9;1;0;0;0;4;4
23;2301;7;3;10;1;0;0;0;8;3
11;1101;7;3;10;1;0;1;1;3;4
10;1004;7;3;11;2;0;1;1;1;4
12;1205;7;3;13;1;0;1;1;3;2
1;0101;7;3;13;1;0;1;1;3;4
17;1701;7;3;13;1;0;1;1;5;2
17;1701;7;3;13;1;0;1;1;3;7
18;1801;7;3;17;2;0;1;1;1;3
17;1701;7;3;17;1;0;0;0;3;7
23;2301;7;3;17;1;0;0;0;3;3
23;2301;7;3;18;1;0;2;2;3;4
9;0907;7;3;18;1;0;0;0;7;4
17;1701;7;3;19;1;0;0;0;5;4
5;0501;7;3;19;1;0;1;1;3;4
17;1701;7;3;20;1;0;0;0;3;7
17;1701;7;3;20;1;0;1;1;1;5
18;1801;7;3;20;1;0;0;0;3;2
17;1701;7;3;20;1;1;0;1;3;3
17;1701;7;3;20;1;0;1;1;3;4
23;2301;7;3;21;2;1;0;1;4;3
13;1301;7;3;22;1;0;0;0;1;7
18;1801;7;3;23;2;0;1;1;4;3
17;1701;7;4;0;1;0;1;1;3;7
17;1701;7;4;1;1;0;0;0;4;2
5;0501;7;4;3;1;0;0;0;8;4
11;1101;7;4;4;1;0;0;0;3;7
17;1701;7;4;4;1;0;0;0;3;1
17;1701;7;4;6;1;0;0;0;3;4
23;2301;7;4;6;1;1;0;1;5;5
9;0907;7;4;6;1;0;0;0;3;4
17;1701;7;4;7;1;0;1;1;3;7
17;1701;7;4;7;1;0;0;0;4;2
1;0101;7;4;9;1;0;2;2;3;4
1;0101;7;4;12;1;0;0;0;4;4
18;1801;7;4;13;1;1;0;1;7;3
18;1801;7;4;14;1;0;0;0;3;4
10;1001;7;4;17;1;0;1;1;1;4
5;0501;7;4;17;2;1;0;1;6;4
11;1101;7;4;18;1;0;0;0;4;4
17;1701;7;4;18;1;1;0;1;7;2
11;1101;7;4;18;1;0;2;2;3;7
13;1301;7;4;19;1;0;0;0;1;7
23;2301;7;4;20;1;0;2;2;3;4
17;1701;7;4;20;1;0;0;0;5;1
9;0907;7;4;21;1;0;0;0;1;4
1;0101;7;4;21;2;0;0;0;3;4
18;1801;7;4;22;1;0;2;2;3;1
17;1701;7;5;0;1;0;2;2;7;4
17;1701;7;5;2;2;1;0;1;3;4
11;1101;7;5;3;1;0;0;0;4;1
17;1701;7;5;3;1;0;0;0;7;2
17;1701;7;5;4;2;0;0;0;7;3
17;1701;7;5;7;1;0;1;1;2;5
12;1205;7;5;8;2;0;1;1;2;2
9;0907;7;5;8;1;0;1;1;3;4
23;2301;7;5;9;1;0;1;1;5;3
6;0601;7;5;12;1;0;0;0;3;7
17;1701;7;5;13;1;0;1;1;1;5
17;1701;7;5;14;2;0;0;0;3;4
17;1701;7;5;15;1;0;0;0;3;3
1;0101;7;5;15;1;1;0;1;1;4
23;2301;7;5;16;1;0;1;1;3;7
17;1701;7;5;17;1;0;0;0;5;4
10;1001;7;5;17;1;0;0;0;3;7
10;1002;7;5;19;2;0;0;0;3;7
11;1101;7;5;19;1;0;0;0;3;1
10;1001;7;5;20;1;0;1;1;3;7
11;1101;7;5;20;1;1;0;1;7;3
18;1801;7;5;20;1;0;2;2;3;4
10;1001;7;5;21;1;0;1;1;3;7
13;1309;7;5;22;1;0;0;0;3;4
1;0101;7;5;22;1;0;1;1;3;1
1;0101;7;5;22;1;0;2;2;4;1
17;1701;7;5;23;1;0;0;0;3;4
1;0101;7;5;23;1;0;2;2;7;1
17;1701;7;6;0;2;0;0;0;8;1
17;1701;7;6;1;2;0;0;0;3;1
17;1701;7;6;1;1;1;0;1;8;4
11;1101;7;6;1;1;0;0;0;3;1
17;1701;7;6;2;1;0;0;0;3;2
7;0701;7;6;2;1;0;3;3;4;4
17;1701;7;6;2;1;0;0;0;6;3
17;1701;7;6;2;2;0;0;0;3;1
11;1101;7;6;2;1;0;0;0;4;1
11;1101;7;6;5;1;1;0;1;7;3
17;1701;7;6;7;1;0;1;1;3;7
23;2301;7;6;7;1;0;1;1;5;3
17;1701;7;6;8;1;0;0;0;3;7
9;0907;7;6;10;1;0;1;1;2;5
17;1701;7;6;11;1;0;1;1;7;2
17;1701;7;6;13;1;0;0;0;3;1
18;1801;7;6;13;2;0;1;1;1;3
13;1308;7;6;14;1;0;1;1;3;4
23;2301;7;6;14;1;0;2;2;3;7
11;1101;7;6;14;1;0;1;1;3;4
23;2301;7;6;14;1;0;1;1;5;4
18;1801;7;6;15;2;0;2;2;4;1
1;0101;7;6;15;1;0;1;1;6;4
5;0501;7;6;15;1;1;0;1;1;4
5;0501;7;6;16;2;0;0;0;3;4
11;1101;7;6;17;2;0;1;1;8;4
5;0501;7;6;17;2;0;0;0;4;4
18;1801;7;6;18;2;0;0;0;5;1
1;0101;7;6;18;1;0;2;2;7;1
17;1701;7;6;19;1;0;1;1;3;4
13;1301;7;6;19;1;0;0;0;5;7
12;1205;7;6;19;1;0;0;0;4;1
18;1801;7;6;19;1;0;0;0;3;7
1;0101;7;6;19;1;0;1;1;3;1
17;1701;7;6;21;1;0;3;3;3;1
1;0101;7;6;21;1;0;0;0;3;7
23;2301;7;6;22;1;0;0;0;3;3
11;1101;7;6;22;1;0;1;1;3;1
1;0101;7;6;22;1;0;3;3;3;7
23;2302;7;6;23;1;0;1;1;4;2
12;1205;7;6;23;1;0;1;1;7;2
13;1308;7;6;23;1;0;1;1;7;4
23;2301;7;7;0;2;0;1;1;3;3
17;1701;7;7;0;1;0;1;1;3;1
12;1205;7;7;1;1;0;1;1;4;2
17;1701;7;7;2;2;0;0;0;4;2
1;0101;7;7;2;2;0;5;5;3;1
17;1701;7;7;3;2;0;0;0;4;4
17;1701;7;7;3;1;0;0;0;7;4
17;1701;7;7;3;1;0;2;2;8;4
18;1801;7;7;4;2;1;0;1;1;1
17;1701;7;7;4;1;0;0;0;4;3
17;1701;7;7;5;1;0;0;0;4;3
17;1701;7;7;6;1;0;0;0;4;3
5;0501;7;7;6;2;0;0;0;7;4
18;1801;7;7;7;2;0;1;1;4;3
12;1205;7;7;7;1;1;0;1;1;3
13;1301;7;7;8;1;0;0;0;3;7
17;1701;7;7;8;1;0;3;3;4;1
8;0806;7;7;11;2;1;0;1;3;2
17;1701;7;7;12;1;0;1;1;8;7
17;1701;7;7;14;1;0;0;0;8;7
17;1701;7;7;16;1;0;0;0;8;3
23;2301;7;7;17;2;0;1;1;7;3
13;1308;7;7;18;1;0;2;2;3;4
12;1205;7;7;18;2;1;0;1;3;3
13;1308;7;7;19;1;0;0;0;4;3
17;1701;7;7;20;1;0;0;0;8;2
5;0501;7;7;20;2;0;0;0;3;4
18;1801;7;7;20;1;0;0;0;3;7
1;0101;7;7;20;1;0;0;0;3;4
18;1801;7;7;20;2;0;2;2;3;3
23;2301;7;7;21;1;0;0;0;4;3
5;0501;7;7;21;2;0;0;0;3;4
23;2301;7;7;22;1;0;1;1;3;4
17;1701;7;7;22;1;0;1;1;8;7
23;2301;7;1;0;1;0;2;2;3;3
10;1004;7;1;5;1;0;1;1;4;4
17;1701;7;1;5;2;0;0;0;4;2
18;1801;7;1;7;2;0;2;2;3;3
11;1101;7;1;8;1;0;1;1;1;4
17;1701;7;1;8;1;0;3;3;8;7
17;1701;7;1;10;1;0;0;0;8;7
13;1308;7;1;12;1;0;1;1;3;4
11;1101;7;1;13;1;0;0;0;3;4
13;1301;7;1;15;1;0;0;0;3;7
1;0101;7;1;17;2;0;1;1;3;4
17;1701;7;1;19;1;1;0;1;8;7
1;0101;7;1;19;2;0;2;2;3;4
17;1701;7;1;20;2;0;0;0;3;4
17;1701;7;1;21;1;0;1;1;7;3
17;1701;7;1;23;1;0;0;0;4;2
10;1005;7;2;2;2;1;0;1;4;7
17;1701;7;2;4;1;0;0;0;3;4
17;1701;7;2;6;2;0;2;2;3;4
1;0101;7;2;7;1;0;0;0;3;7
17;1701;7;2;8;1;0;0;0;3;4
18;1801;7;2;10;1;0;1;1;1;4
7;0701;7;2;12;1;0;3;3;3;4
17;1701;7;2;13;1;0;1;1;1;5
17;1701;7;2;15;2;0;0;0;3;2
18;1801;7;2;15;1;0;0;0;3;7
9;0907;7;2;16;1;0;1;1;3;4
1;0101;7;2;16;1;0;1;1;3;2
18;1801;7;2;18;1;0;1;1;3;7
17;1701;7;2;18;1;0;1;1;1;5
17;1701;7;2;23;1;0;0;0;3;7
18;1801;7;3;0;1;0;1;1;3;7
5;0501;7;3;1;2;0;0;0;4;4
9;0907;7;3;5;1;0;1;1;3;4
18;1801;7;3;6;1;0;1;1;8;7
17;1701;7;3;8;1;0;0;0;3;4
17;1701;7;3;8;1;0;0;0;3;4
17;1701;7;3;10;1;0;1;1;3;2
9;0907;7;3;10;1;0;1;1;3;4
17;1701;7;3;12;2;0;1;1;4;4
13;1308;7;3;13;1;0;0;0;3;4
10;1005;7;3;13;2;1;0;1;7;3
13;1301;7;3;14;1;0;0;0;1;7
1;0101;7;3;16;1;0;0;0;4;9
17;1701;7;3;16;1;0;0;0;3;3
17;1701;7;3;16;1;0;1;1;1;5
17;1701;7;3;17;1;0;0;0;8;7
17;1701;7;3;17;1;0;0;0;8;3
11;1101;7;3;18;1;0;0;0;3;4
17;1701;7;3;18;1;0;0;0;3;4
1;0101;7;3;18;1;0;1;1;3;3
1;0101;7;3;19;1;0;0;0;3;7
17;1701;7;3;21;2;0;2;2;8;3
17;1701;7;3;23;1;0;0;0;3;7
17;1701;7;4;0;1;0;0;0;4;4
17;1701;7;4;1;1;0;0;0;4;3
23;2301;7;4;1;1;0;1;1;7;3
9;0907;7;4;5;1;0;2;2;3;4
12;1201;7;4;6;2;0;0;0;3;4
17;1701;7;4;8;1;0;1;1;1;5
17;1701;7;4;9;2;1;9;10;8;6
18;1801;7;4;9;2;0;1;1;1;4
17;1701;7;4;9;1;0;2;2;1;4
17;1701;7;4;11;1;0;1;1;1;4
11;1101;7;4;12;1;0;1;1;6;4
8;0801;7;4;13;1;0;0;0;4;7
1;0101;7;4;13;1;0;1;1;3;1
12;1205;7;4;13;1;0;0;0;3;7
9;0907;7;4;14;1;0;1;1;3;4
17;1701;7;4;16;1;0;0;0;8;4
12;1205;7;4;16;1;0;0;0;3;4
17;1701;7;4;18;2;0;2;2;1;4
5;0501;7;4;18;1;0;2;2;3;4
8;0801;7;4;19;2;0;1;1;5;3
18;1801;7;4;20;1;0;0;0;3;1
23;2301;7;4;20;1;0;0;0;1;3
18;1801;7;4;20;1;0;1;1;3;7
1;0101;7;4;21;1;0;1;1;3;2
8;0801;7;4;21;1;0;0;0;3;7
17;1701;7;4;21;1;0;0;0;5;1
23;2301;7;4;22;1;0;2;2;3;3
10;1002;7;4;23;1;0;1;1;3;4
17;1701;7;4;23;1;0;0;0;3;2
17;1701;7;4;23;2;0;0;0;4;1
13;1301;7;5;0;1;0;0;0;4;7
1;0101;7;5;2;1;0;0;0;4;1
1;0101;7;5;2;1;0;0;0;4;1
9;0907;7;5;3;1;0;1;1;7;4
17;1701;7;5;3;1;0;0;0;4;4
17;1701;7;5;5;1;0;1;1;3;7
9;0907;7;5;5;1;0;0;0;4;4
17;1701;7;5;5;1;0;0;0;3;7
11;1101;7;5;6;1;0;0;0;3;4
9;0907;7;5;6;1;0;2;2;3;7
18;1801;7;5;7;1;0;0;0;3;2
10;1004;7;5;7;1;1;0;1;3;7
23;2301;7;5;8;1;0;0;0;3;3
11;1101;7;5;8;2;0;0;0;3;4
17;1701;7;5;9;1;0;0;0;3;6
10;1001;7;5;9;1;0;0;0;5;4
1;0101;7;5;9;1;0;1;1;1;4
17;1701;7;5;10;1;0;1;1;3;7
9;0907;7;5;11;1;0;0;0;3;4
7;0701;7;5;11;1;0;1;1;1;3
17;1701;7;5;12;1;0;0;0;5;4
23;2301;7;5;12;1;0;2;2;1;3
18;1801;7;5;13;2;0;0;0;4;4
12;1205;7;5;13;1;0;0;0;3;2
7;0701;7;5;13;1;0;0;0;3;7
17;1701;7;5;16;1;0;0;0;3;7
1;0101;7;5;17;2;0;2;2;1;4
17;1701;7;5;17;1;0;0;0;3;4
5;0501;7;5;17;1;0;0;0;7;4
12;1205;7;5;17;1;0;0;0;1;2
1;0101;7;5;18;1;0;1;1;1;4
1;0101;7;5;19;2;1;0;1;5;2
23;2301;7;5;19;1;0;1;1;1;3
13;1301;7;5;19;1;0;0;0;4;7
11;1101;7;5;19;1;0;1;1;3;4
5;0501;7;5;20;1;0;0;0;1;4
1;0101;7;5;20;1;0;0;0;3;2
1;0101;7;5;20;1;0;1;1;4;1
1;0101;7;5;21;2;0;0;0;4;1
17;1701;7;5;22;1;0;1;1;3;1
18;1801;7;5;23;2;0;0;0;7;1
13;1301;7;6;0;1;0;1;1;4;7
7;0701;7;6;1;1;0;0;0;3;3
17;1701;7;6;1;1;0;0;0;4;1
17;1701;7;6;3;1;0;0;0;4;4
1;0101;7;6;3;1;0;1;1;4;9
5;0501;7;6;4;1;0;0;0;7;4
17;1701;7;6;4;2;0;0;0;4;3
17;1701;7;6;5;1;0;1;1;3;2
17;1701;7;6;6;1;0;0;0;4;3
8;0805;7;6;7;2;1;2;3;3;4
1;0101;7;6;9;1;0;3;3;3;7
12;1205;7;6;10;2;0;2;2;7;2
12;1205;7;6;10;2;0;1;1;7;3
17;1701;7;6;13;1;0;2;2;1;4
17;1701;7;6;13;2;0;0;0;3;4
17;1701;7;6;13;1;0;0;0;4;3
17;1701;7;6;13;1;0;1;1;3;4
17;1701;7;6;14;2;2;0;2;4;6
1;0101;7;6;15;1;0;1;1;1;1
17;1701;7;6;16;1;0;1;1;2;5
8;0801;7;6;16;1;0;0;0;3;7
18;1801;7;6;18;2;0;1;1;1;3
17;1701;7;6;19;2;0;2;2;3;1
17;1701;7;6;20;1;0;1;1;8;1
13;1301;7;6;20;1;0;2;2;3;7
1;0101;7;6;21;1;0;1;1;1;4
23;2301;7;6;22;2;0;1;1;7;3
17;1701;7;6;22;1;0;0;0;4;3
1;0101;7;6;23;1;0;0;0;3;1
23;2301;7;6;23;1;0;1;1;3;3
17;1701;7;7;0;1;0;1;1;7;4
5;0506;7;7;1;1;1;0;1;7;4
1;0101;7;7;1;2;0;0;0;4;4
13;1301;7;7;1;1;0;1;1;3;7
18;1801;7;7;1;2;0;0;0;4;1
1;0101;7;7;2;1;1;1;2;3;4
8;0801;7;7;2;1;1;0;1;3;3
10;1001;7;7;2;1;0;1;1;3;7
17;1701;7;7;2;1;0;0;0;4;2
10;1001;7;7;2;1;0;0;0;4;7
1;0101;7;7;2;1;0;2;2;7;1
17;1701;7;7;4;1;0;1;1;8;7
7;0701;7;7;5;1;0;0;0;1;3
17;1701;7;7;9;1;1;0;1;8;2
1;0101;7;7;9;1;0;2;2;3;2
10;1002;7;7;9;2;0;3;3;8;4
17;1701;7;7;10;1;0;1;1;7;2
13;1301;7;7;10;1;0;1;1;3;7
17;1701;7;7;11;1;0;1;1;8;7
17;1701;7;7;11;1;0;0;0;3;4
17;1701;7;7;11;1;0;1;1;7;2
18;1801;7;7;12;1;0;1;1;4;1
23;2301;7;7;12;2;0;1;1;7;3
9;0907;7;7;12;1;0;0;0;1;4
11;1101;7;7;13;1;0;2;2;3;3
23;2301;7;7;13;1;0;3;3;3;3
13;1301;7;7;16;1;0;0;0;3;7
17;1701;7;7;18;2;1;0;1;7;3
18;1801;7;7;18;2;0;0;0;3;1
8;0801;7;7;19;1;1;0;1;3;7
17;1701;7;7;22;1;0;1;1;4;1
9;0907;7;7;23;1;0;1;1;2;5
11;1101;7;1;0;1;0;0;0;7;1
17;1701;7;1;2;1;0;0;0;4;2
5;0501;7;1;3;1;0;0;0;3;4
17;1701;7;1;4;1;0;0;0;4;3
18;1801;7;1;4;1;1;0;1;1;5
17;1701;7;1;5;1;1;0;1;8;5
17;1701;7;1;6;1;0;6;6;3;4
17;1701;7;1;7;1;0;0;0;4;3
1;0101;7;1;8;1;0;0;0;4;2
5;0501;7;1;10;1;0;0;0;7;4
12;1205;7;1;12;2;1;2;3;3;2
9;0907;7;1;14;1;0;0;0;3;4
17;1701;7;1;15;1;0;0;0;3;4
12;1205;7;1;17;1;0;1;1;3;2
12;1205;7;1;17;1;0;1;1;3;7
17;1701;7;1;18;1;0;0;0;3;4
17;1701;7;1;18;1;0;0;0;3;7
12;1205;7;1;20;1;0;1;1;3;2
17;1701;7;1;21;1;0;0;0;3;4
17;1701;7;1;21;2;0;0;0;6;3
17;1701;7;1;22;1;0;1;1;7;3
17;1701;7;2;0;1;0;0;0;3;4
13;1301;7;2;7;1;0;2;2;3;7
18;1801;7;2;7;1;0;0;0;4;4
18;1801;7;2;8;2;0;1;1;3;2
1;0101;7;2;10;1;0;1;1;3;2
1;0101;7;2;11;1;0;1;1;3;7
17;1701;7;2;12;1;0;0;0;3;1
17;1701;7;2;13;1;0;0;0;3;1
23;2301;7;2;13;1;0;0;0;5;4
18;1801;7;2;13;2;0;1;1;3;2
23;2301;7;2;14;1;0;0;0;8;10
17;1701;7;2;15;1;0;1;1;3;7
1;0101;7;2;15;1;0;1;1;3;7
18;1801;7;2;18;1;0;1;1;7;3
17;1701;7;2;18;1;0;2;2;3;2
23;2301;7;2;19;1;0;1;1;3;7
5;0501;7;2;19;1;0;0;0;3;4
5;0501;7;2;20;1;0;1;1;3;4
13;1301;7;2;21;1;0;1;1;3;7
1;0101;7;2;23;2;1;1;2;4;3
17;1701;7;3;4;1;0;0;0;8;9
11;1101;7;3;5;1;0;0;0;4;1
23;2301;7;3;5;1;0;0;0;7;3
17;1701;7;3;6;1;0;0;0;4;2
17;1701;7;3;7;1;0;0;0;3;7
17;1701;7;3;8;1;0;1;1;6;4
23;2301;7;3;9;1;0;1;1;3;4
17;1701;7;3;9;1;0;0;0;3;4
17;1701;7;3;9;1;0;1;1;3;4
11;1101;7;3;11;1;0;2;2;3;3
18;1801;7;3;12;2;0;1;1;3;2
17;1701;7;3;12;1;0;0;0;3;4
18;1801;7;3;13;1;0;0;0;3;4
9;0907;7;3;14;1;0;2;2;3;7
10;1001;7;3;16;1;1;0;1;3;7
18;1801;7;3;18;2;0;0;0;3;7
6;0601;7;3;19;1;0;0;0;3;7
17;1701;7;3;21;1;0;0;0;4;2
10;1001;7;3;21;1;0;1;1;8;4
18;1801;7;3;23;1;0;0;0;5;4
9;0901;8;4;6;1;0;1;1;3;4
9;0901;8;4;7;1;0;1;1;3;4
9;0901;8;4;8;1;0;1;1;7;3
9;0901;8;4;14;1;0;0;0;4;4
9;0901;8;4;13;1;0;4;4;3;7
9;0901;8;4;15;1;0;1;1;7;3
9;0901;8;4;17;1;0;1;1;3;7
9;0901;8;4;18;1;0;1;1;3;7
9;0901;8;4;20;1;0;0;0;3;1
9;0901;8;4;22;1;0;2;2;3;7
9;0901;8;5;0;1;0;0;0;3;4
9;0901;8;5;5;1;0;2;2;5;3
9;0901;8;5;9;1;0;1;1;7;10
9;0901;8;5;9;1;0;1;1;1;5
9;0901;8;5;10;1;0;1;1;7;3
9;0901;8;5;9;1;0;1;1;3;3
9;0901;8;5;4;1;0;0;0;4;3
9;0901;8;5;12;1;0;2;2;1;3
9;0901;8;5;17;1;0;1;1;5;3
9;0901;8;5;16;1;0;1;1;3;7
9;0901;8;5;16;1;0;2;2;3;2
9;0901;8;5;19;1;0;1;1;1;3
9;0901;8;5;21;1;0;0;0;4;3
9;0901;8;5;16;1;0;0;0;3;4
9;0901;8;6;3;1;1;0;1;7;3
9;0901;8;5;22;1;0;2;2;3;3
9;0901;8;6;1;1;0;1;1;7;3
9;0901;8;5;23;1;0;0;0;3;1
9;0901;8;6;2;1;0;0;0;3;3
9;0901;8;5;22;1;0;1;1;7;1
9;0901;8;6;4;1;0;0;0;7;3
9;0901;8;6;1;1;0;0;0;7;3
9;0901;8;6;2;1;0;1;1;7;3
9;0901;8;6;11;1;0;1;1;3;7
9;0901;8;6;6;1;1;0;1;1;3
9;0901;8;6;16;1;0;1;1;3;3
9;0901;8;6;19;1;0;1;1;7;3
9;0901;8;6;18;1;0;1;1;5;4
9;0901;8;6;21;1;1;1;2;1;3
9;0901;8;6;21;1;1;0;1;4;3
9;0901;8;6;21;1;0;1;1;3;4
9;0901;8;6;23;1;0;1;1;7;7
9;0901;8;6;23;1;0;0;0;3;1
9;0901;8;6;22;1;0;1;1;4;3
9;0901;8;6;22;1;0;2;2;7;3
9;0901;8;7;0;1;0;1;1;7;1
9;0901;8;7;2;1;0;0;0;4;3
9;0901;8;7;2;1;0;0;0;3;2
9;0901;8;7;5;1;0;0;0;3;7
9;0901;8;7;3;1;1;0;1;1;5
9;0901;8;7;3;1;0;4;4;1;3
9;0901;8;7;1;1;0;2;2;4;3
9;0901;8;7;13;1;0;2;2;5;3
9;0901;8;7;13;1;0;2;2;5;3
9;0901;8;7;0;1;1;0;1;4;3
9;0901;8;7;14;1;0;1;1;7;3
9;0901;8;7;19;1;0;1;1;3;7
9;0901;8;7;18;1;0;2;2;3;2
9;0901;8;7;20;1;0;1;1;5;4
9;0901;8;7;16;1;0;1;1;3;4
9;0901;8;7;22;1;1;0;1;3;3
9;0901;8;7;21;1;0;5;5;3;4
9;0901;8;1;5;1;0;0;0;4;1
9;0901;8;1;7;1;0;1;1;3;7
9;0901;8;1;8;1;0;1;1;1;3
9;0901;8;1;8;1;0;1;1;3;2
9;0901;8;1;13;1;0;4;4;3;6
9;0901;8;1;14;1;0;1;1;1;3
9;0901;8;1;14;1;0;1;1;3;4
9;0901;8;1;12;1;0;0;0;3;4
9;0901;8;1;17;1;0;1;1;7;4
9;0901;8;1;22;1;0;2;2;3;7
9;0901;8;2;9;1;0;1;1;1;3
9;0901;8;2;9;1;0;0;0;3;7
9;0901;8;2;16;1;0;1;1;3;3
9;0901;8;2;15;1;0;1;1;7;3
9;0901;8;2;19;1;0;2;2;3;2
9;0901;8;2;21;1;0;1;1;1;3
9;0901;8;3;1;1;0;0;0;4;3
9;0901;8;3;0;1;0;1;1;7;3
9;0901;8;3;4;1;0;1;1;4;3
9;0901;8;3;6;1;0;0;0;4;3
9;0901;8;3;13;1;0;2;2;1;3
9;0901;8;3;19;1;0;1;1;1;3
9;0901;8;3;16;1;0;1;1;5;10
9;0901;8;3;20;1;0;0;0;3;1
9;0901;8;3;18;1;0;0;0;4;3
9;0901;8;3;20;1;0;1;1;1;3
9;0901;8;4;11;1;0;1;1;3;7
9;0901;8;4;15;1;0;1;1;2;3
9;0901;8;4;11;1;0;1;1;4;3
9;0901;8;4;16;1;0;2;2;3;3
9;0901;8;4;16;1;0;1;1;3;3
9;0901;8;4;19;1;0;1;1;3;3
9;0901;8;4;19;1;0;1;1;3;2
9;0901;8;4;20;1;0;0;0;3;3
9;0901;8;4;23;1;0;1;1;4;1
9;0901;8;5;2;1;0;0;0;4;2
9;0901;8;5;5;1;0;1;1;7;10
9;0901;8;4;21;1;0;2;2;3;7
9;0901;8;5;5;1;0;3;3;3;4
9;0901;8;5;8;1;0;2;2;3;4
9;0901;8;5;19;1;0;1;1;3;2
9;0901;8;5;21;1;0;1;1;3;2
9;0901;8;5;19;1;0;2;2;3;2
9;0901;8;5;22;1;0;1;1;3;4
9;0901;8;5;23;1;0;1;1;3;1
9;0901;8;5;21;1;1;1;2;3;1
9;0901;8;6;3;1;0;0;0;7;4
9;0901;8;6;6;1;0;1;1;7;3
9;0901;8;6;0;1;0;0;0;4;1
9;0901;8;6;4;1;0;0;0;7;10
9;0901;8;6;5;1;0;0;0;7;1
9;0901;8;6;5;1;0;0;0;4;3
9;0901;8;6;8;1;0;1;1;3;3
9;0901;8;6;6;1;0;1;1;3;3
9;0901;8;6;8;1;0;1;1;3;7
9;0901;8;6;9;1;0;2;2;3;4
9;0901;8;6;8;1;0;3;3;3;7
9;0901;8;6;16;1;0;2;2;1;5
9;0901;8;6;15;1;0;0;0;3;7
9;0901;8;6;16;1;0;1;1;3;2
9;0901;8;6;19;1;0;0;0;5;4
9;0901;8;6;20;1;0;3;3;7;9
9;0901;8;6;19;1;0;0;0;3;2
9;0901;8;7;2;1;0;0;0;3;7
9;0901;8;6;23;1;0;2;2;3;4
9;0901;8;7;1;1;0;0;0;3;7
9;0901;8;7;6;1;0;0;0;4;3
9;0901;8;7;4;1;0;0;0;3;7
9;0901;8;7;20;1;0;1;1;1;5
9;0901;8;7;20;1;0;0;0;8;10
9;0901;8;7;22;1;0;1;1;1;3
9;0901;8;7;19;1;0;1;1;3;7
9;0901;8;7;23;1;0;1;1;7;3
9;0901;8;1;5;1;1;0;1;1;3
9;0901;8;1;5;1;0;2;2;1;3
9;0901;8;1;8;1;0;1;1;3;7
9;0901;8;1;9;1;0;2;2;3;4
9;0901;8;1;12;1;0;2;2;3;3
9;0901;8;1;15;1;0;1;1;4;9
9;0901;8;1;16;1;0;1;1;3;3
9;0901;8;1;12;1;0;3;3;3;3
9;0901;8;1;16;1;0;1;1;5;3
9;0901;8;1;17;1;0;1;1;3;3
9;0901;8;1;21;1;0;0;0;3;3
9;0901;8;1;16;1;0;3;3;3;10
9;0901;8;1;22;1;0;1;1;7;3
9;0901;8;1;20;1;0;2;2;1;3
9;0901;8;2;8;1;0;1;1;3;2
9;0901;8;2;0;1;0;2;2;7;3
9;0901;8;2;10;1;0;1;1;7;3
9;0901;8;2;9;1;0;0;0;3;3
9;0901;8;2;14;1;0;1;1;3;3
9;0901;8;2;18;1;0;1;1;1;3
9;0901;8;2;19;1;0;1;1;7;3
9;0901;8;3;0;1;0;2;2;3;3
9;0901;8;2;15;1;0;1;1;1;5
9;0901;8;3;7;1;0;1;1;3;4
9;0901;8;3;7;1;0;1;1;1;3
9;0901;8;3;12;1;0;3;3;3;4
9;0901;8;3;14;1;0;3;3;3;7
9;0901;8;3;17;1;0;1;1;7;3
9;0901;8;3;21;1;0;1;1;3;3
9;0901;8;3;19;1;1;1;2;1;3
9;0901;8;4;1;1;0;2;2;7;3
9;0901;8;4;13;1;0;1;1;1;3
9;0901;8;4;13;1;0;1;1;3;7
9;0901;8;4;19;1;0;1;1;3;4
9;0901;8;4;15;1;0;0;0;4;7
9;0901;8;4;16;1;0;2;2;3;4
9;0901;8;4;17;1;0;1;1;1;5
9;0901;8;4;19;1;0;1;1;7;9
9;0901;8;4;23;1;0;2;2;3;7
9;0901;8;5;9;1;0;1;1;1;5
9;0901;8;5;16;1;0;1;1;1;7
9;0901;8;5;20;1;1;1;2;1;3
9;0901;8;5;20;1;0;1;1;1;3
9;0901;8;5;22;1;0;1;1;3;3
9;0901;8;6;1;1;0;1;1;7;3
9;0901;8;6;2;1;0;1;1;3;3
9;0901;8;6;6;1;0;1;1;7;7
9;0901;8;6;8;1;0;1;1;7;3
9;0901;8;6;9;1;0;2;2;3;3
9;0901;8;6;1;1;0;0;0;4;3
9;0901;8;6;10;1;0;1;1;3;3
9;0901;8;6;6;1;0;0;0;4;3
9;0901;8;6;12;1;0;0;0;4;4
9;0901;8;6;14;1;0;2;2;6;3
9;0901;8;6;16;1;0;1;1;3;7
9;0901;8;6;12;1;0;3;3;3;7
9;0901;8;6;14;1;0;1;1;3;2
9;0901;8;6;17;1;0;1;1;3;2
9;0901;8;7;0;1;0;1;1;1;4
9;0901;8;6;23;1;1;0;1;7;3
9;0901;8;6;18;1;0;1;1;1;4
9;0901;8;6;20;1;0;1;1;1;5
9;0901;8;7;3;1;0;2;2;3;7
9;0901;8;6;21;1;0;2;2;3;7
9;0901;8;7;4;1;0;0;0;7;3
9;0901;8;6;20;1;0;1;1;1;4
9;0901;8;6;23;1;0;1;1;3;7
9;0901;8;7;5;1;0;0;0;4;4
9;0901;8;7;0;1;0;0;0;7;3
9;0901;8;7;3;1;0;0;0;4;3
9;0901;8;7;2;1;0;1;1;3;4
9;0901;8;7;4;1;0;1;1;3;1
9;0901;8;7;4;1;0;0;0;7;3
9;0901;8;7;13;1;0;0;0;3;4
9;0901;8;7;9;1;0;1;1;3;7
9;0901;8;7;7;1;1;0;1;7;3
9;0901;8;7;14;1;0;2;2;3;7
9;0901;8;7;17;1;0;2;2;1;5
9;0901;8;7;15;1;0;1;1;3;2
9;0901;8;1;3;1;0;1;1;3;3
9;0901;8;1;4;1;0;2;2;3;3
9;0901;8;1;7;1;0;1;1;1;3
9;0901;8;1;7;1;0;1;1;2;10
9;0901;8;7;21;1;0;0;0;4;5
9;0901;8;1;14;1;0;3;3;1;3
9;0901;8;1;16;1;0;1;1;4;3
9;0901;8;2;0;1;0;0;0;3;7
9;0901;8;2;7;1;0;1;1;1;7
9;0901;8;2;6;1;0;1;1;1;3
9;0901;8;2;8;1;0;2;2;5;7
9;0901;8;2;10;1;0;1;1;7;3
9;0901;8;2;8;1;0;0;0;3;4
9;0901;8;2;15;1;0;1;1;7;3
9;0901;8;2;11;1;0;2;2;3;4
9;0901;8;2;16;1;0;1;1;4;4
9;0901;8;2;15;1;0;0;0;4;3
9;0901;8;2;14;1;0;1;1;3;4
9;0901;8;3;6;1;0;2;2;3;2
9;0901;8;3;7;1;0;1;1;1;5
9;0901;8;3;10;1;0;1;1;3;7
9;0901;8;3;12;1;0;1;1;3;4
9;0901;8;3;18;1;0;2;2;1;3
9;0901;8;3;18;1;0;1;1;1;3
9;0901;8;3;18;1;0;1;1;3;7
9;0901;8;3;16;1;0;2;2;7;3
9;0901;8;3;21;1;0;1;1;1;3
9;0901;8;3;19;1;0;3;3;3;4
9;0901;8;3;19;1;0;4;4;1;3
9;0901;8;3;20;1;0;1;1;3;3
9;0901;8;4;9;1;0;0;0;4;3
9;0901;8;4;6;1;0;2;2;3;7
9;0901;8;4;8;1;0;1;1;7;3
9;0901;8;4;14;1;0;1;1;1;4
9;0901;8;4;20;1;0;1;1;3;4
9;0901;8;4;21;1;0;1;1;6;3
9;0901;8;4;19;1;0;2;2;3;5
9;0901;8;4;18;1;0;0;0;3;4
9;0901;8;4;17;1;0;0;0;5;4
9;0901;8;4;19;1;0;1;1;1;5
9;0901;8;5;3;1;0;1;1;7;3
9;0901;8;4;18;1;0;4;4;3;7
9;0901;8;5;1;1;2;0;2;4;3
9;0901;8;5;6;1;0;1;1;1;3
9;0901;8;5;8;1;0;1;1;3;3
9;0901;8;5;7;1;0;1;1;1;3
9;0901;8;5;8;1;0;1;1;7;3
9;0901;8;5;9;1;0;1;1;2;10
9;0901;8;5;11;1;0;2;2;1;3
9;0901;8;5;11;1;0;0;0;3;3
9;0901;8;5;11;1;0;1;1;3;7
9;0901;8;5;20;1;0;2;2;1;4
9;0901;8;5;23;1;1;0;1;7;3
9;0901;8;6;3;1;0;2;2;3;1
9;0901;8;6;5;1;0;0;0;5;3
9;0901;8;6;9;1;0;1;1;7;3
9;0901;8;6;8;1;0;1;1;3;7
9;0901;8;6;9;1;0;1;1;3;4
9;0901;8;6;11;1;0;1;1;3;3
9;0901;8;6;11;1;0;3;3;3;3
9;0901;8;6;13;1;0;1;1;7;3
9;0901;8;6;16;1;0;3;3;3;7
9;0901;8;6;16;1;0;1;1;2;3
9;0901;8;6;15;1;0;1;1;6;3
9;0901;8;6;15;1;0;1;1;7;3
9;0901;8;6;19;1;0;0;0;7;6
9;0901;8;6;17;1;0;1;1;3;2
9;0901;8;6;13;1;0;1;1;1;3
9;0901;8;6;13;1;0;1;1;3;3
9;0901;8;6;15;1;0;1;1;4;3
9;0901;8;6;13;1;0;1;1;2;3
9;0901;8;6;21;1;0;0;0;3;1
9;0901;8;6;20;1;0;1;1;1;3
9;0901;8;6;22;1;0;2;2;7;3
9;0901;8;7;0;1;0;2;2;7;1
9;0901;8;7;2;1;0;1;1;1;3
9;0901;8;7;0;1;0;1;1;7;3
9;0901;8;7;4;1;0;1;1;3;3
9;0901;8;7;6;1;0;0;0;7;3
9;0901;8;7;6;1;1;0;1;4;3
9;0901;8;7;3;1;0;1;1;7;3
9;0901;8;7;3;1;0;1;1;3;7
9;0901;8;7;12;1;0;1;1;3;7
9;0901;8;7;13;1;0;0;0;4;3
9;0901;8;7;14;1;0;2;2;5;4
9;0901;8;7;15;1;0;2;2;3;7
9;0901;8;7;14;1;0;3;3;1;10
9;0901;8;7;16;1;0;0;0;5;1
9;0901;8;7;16;1;0;1;1;4;10
9;0901;8;7;21;1;0;1;1;7;3
9;0901;8;1;0;1;0;2;2;3;1
9;0901;8;1;2;1;0;0;0;7;1
9;0901;8;1;4;1;0;0;0;3;1
9;0901;8;1;7;1;0;1;1;3;3
9;0901;8;1;8;1;0;2;2;5;4
9;0901;8;1;14;1;0;2;2;7;2
9;0901;8;1;14;1;0;1;1;1;3
9;0901;8;1;9;1;0;4;4;4;4
9;0901;8;1;16;1;0;1;1;3;2
9;0901;8;2;2;1;0;1;1;1;5
9;0901;8;2;7;1;0;0;0;7;3
9;0901;8;2;11;1;0;1;1;6;3
9;0901;8;2;11;1;0;2;2;3;7
9;0901;8;2;14;1;0;1;1;1;5
9;0901;8;2;16;1;0;1;1;1;4
9;0901;8;2;14;1;0;2;2;6;9
9;0901;8;2;14;1;0;2;2;3;7
9;0901;8;2;10;1;0;1;1;3;7
9;0901;8;3;10;1;0;1;1;1;3
9;0901;8;3;10;1;0;1;1;3;3
9;0901;8;3;15;1;0;1;1;3;3
9;0901;8;3;14;1;0;0;0;3;7
9;0901;8;3;18;1;0;1;1;6;3
9;0901;8;3;17;1;0;2;2;6;3
9;0901;8;3;19;1;0;1;1;2;4
9;0901;8;3;19;1;0;2;2;6;9
9;0901;8;3;23;1;0;1;1;4;6
9;0901;8;4;0;1;0;1;1;3;7
9;0901;8;4;3;1;0;1;1;7;3
9;0901;8;4;3;1;0;1;1;7;3
9;0901;8;4;10;1;0;2;2;3;3
9;0901;8;4;14;1;0;1;1;1;3
9;0901;8;4;15;1;0;1;1;7;3
9;0901;8;4;17;1;0;0;0;7;10
9;0901;8;4;18;1;0;2;2;3;3
9;0901;8;4;15;1;1;0;1;1;3
9;0901;8;5;5;1;0;0;0;3;3
9;0901;8;5;7;1;0;1;1;1;5
9;0901;8;5;8;1;0;1;1;5;3
9;0901;8;5;13;1;0;0;0;4;3
9;0901;8;5;14;1;0;2;2;7;3
9;0901;8;5;14;1;0;1;1;8;10
9;0901;8;5;15;1;0;1;1;3;7
9;0901;8;5;14;1;0;1;1;3;4
9;0901;8;5;18;1;0;2;2;1;3
9;0901;8;5;22;1;0;1;1;7;3
9;0901;8;6;0;1;0;2;2;3;7
9;0901;8;6;2;1;0;0;0;7;3
9;0901;8;6;2;1;1;0;1;7;1
9;0901;8;6;6;1;0;0;0;3;4
9;0901;8;6;8;1;0;0;0;3;7
9;0901;8;6;12;1;0;1;1;3;4
9;0901;8;6;12;1;0;1;1;1;3
9;0901;8;6;13;1;0;1;1;3;3
9;0901;8;6;15;1;0;2;2;5;3
9;0901;8;6;18;1;0;0;0;8;10
9;0901;8;6;18;1;0;1;1;7;9
9;0901;8;6;18;1;0;1;1;7;3
9;0901;8;6;23;1;0;1;1;1;3
9;0901;8;6;22;1;1;0;1;7;3
9;0922;8;4;7;2;0;2;2;3;7
1;0104;8;4;9;2;0;1;1;3;7
12;1208;8;4;10;1;0;1;1;3;7
1;0101;8;4;11;2;0;1;1;3;7
9;0902;8;4;12;2;0;0;0;1;4
9;0906;8;4;13;1;0;0;0;1;4
9;0916;8;4;14;2;1;0;1;3;7
9;0916;8;4;14;2;0;0;0;3;7
7;0702;8;4;14;2;1;3;4;7;4
9;0904;8;4;16;2;0;1;1;3;7
13;1301;8;4;17;2;0;1;1;7;4
9;0906;8;4;20;2;0;1;1;3;7
24;2401;8;5;4;2;0;0;0;7;4
13;1309;8;5;8;2;0;2;2;3;7
12;1202;8;5;10;2;0;0;0;3;7
9;0916;8;5;11;1;0;1;1;2;5
24;2401;8;5;11;2;0;1;1;7;4
1;0103;8;5;14;2;1;0;1;3;7
24;2401;8;5;14;2;0;1;1;1;4
9;0916;8;5;15;1;0;1;1;5;4
9;0911;8;5;19;2;0;1;1;3;4
1;0104;8;5;20;2;0;1;1;3;7
9;0906;8;5;20;1;0;0;0;3;7
9;0908;8;5;20;2;0;1;1;7;4
17;1703;8;5;20;2;0;1;1;7;4
13;1306;8;5;20;2;0;1;1;7;4
12;1207;8;5;22;1;0;1;1;7;4
24;2402;8;5;23;1;0;1;1;2;5
12;1207;8;6;0;2;0;1;1;7;4
17;1703;8;6;0;2;0;0;0;7;4
1;0105;8;6;0;2;0;2;2;7;4
12;1207;8;6;1;1;0;1;1;7;4
9;0916;8;6;2;1;0;1;1;7;4
24;2403;8;6;3;1;0;0;0;7;4
9;0916;8;6;3;1;1;0;1;3;4
9;0909;8;6;5;1;0;1;1;4;4
24;2401;8;6;6;2;0;2;2;1;4
13;1321;8;6;7;2;0;0;0;8;10
13;1301;8;6;8;2;0;0;0;3;7
2;0206;8;6;8;1;0;2;2;7;4
7;0710;8;6;14;2;0;0;0;1;4
9;0918;8;6;17;1;0;0;0;4;4
9;0918;8;6;17;1;0;0;0;4;4
7;0712;8;6;18;2;0;0;0;3;4
12;1210;8;6;18;2;0;2;2;3;7
13;1303;8;6;19;2;0;1;1;3;7
24;2403;8;6;19;2;0;2;2;4;4
9;0906;8;6;20;2;0;1;1;4;4
9;0919;8;6;20;2;0;0;0;3;7
9;0906;8;6;21;2;0;1;1;1;4
1;0101;8;6;21;2;0;1;1;3;4
9;0911;8;6;21;1;0;0;0;3;7
1;0105;8;6;22;2;0;1;1;3;4
13;1312;8;7;0;2;0;0;0;1;4
12;1208;8;7;0;1;0;0;0;1;4
9;0916;8;7;2;1;0;0;0;2;5
13;1303;8;7;4;2;0;2;2;7;4
13;1314;8;7;4;2;0;0;0;7;4
12;1207;8;7;6;1;0;1;1;7;4
9;0920;8;7;7;2;0;1;1;7;4
9;0908;8;7;8;2;0;2;2;3;4
9;0909;8;7;8;2;0;1;1;8;10
13;1320;8;7;13;2;1;1;2;7;4
13;1319;8;7;13;2;0;3;3;2;5
17;1703;8;7;14;2;0;3;3;7;4
12;1204;8;7;18;2;2;0;2;7;4
9;0902;8;7;19;2;0;2;2;1;4
9;0906;8;7;20;1;0;1;1;7;4
9;0902;8;7;20;2;0;1;1;7;4
9;0910;8;7;20;2;0;1;1;8;10
24;2401;8;7;20;2;0;0;0;3;7
1;0105;8;7;21;2;0;1;1;3;7
9;0906;8;7;22;2;0;1;1;3;4
1;0101;8;7;23;2;0;1;1;2;5
24;2401;8;1;7;2;0;1;1;7;4
23;2301;8;1;8;2;0;0;0;3;4
9;0907;8;1;8;2;0;1;1;3;4
9;0921;8;1;11;1;1;0;1;1;4
24;2402;8;1;12;1;0;0;0;3;7
17;1703;8;1;15;2;0;1;1;3;7
9;0918;8;1;17;2;0;0;0;1;4
9;0908;8;1;17;2;0;1;1;3;7
9;0918;8;1;19;2;0;1;1;7;4
17;1703;8;1;22;2;0;0;0;5;4
9;0920;8;2;6;2;0;2;2;3;4
13;1306;8;2;11;2;0;1;1;6;4
1;0101;8;2;12;2;0;1;1;3;7
9;0916;8;2;16;1;2;2;4;3;7
17;1703;8;2;17;2;1;0;1;5;4
9;0920;8;2;17;2;0;1;1;1;4
1;0103;8;2;18;2;1;0;1;1;4
13;1312;8;2;19;2;0;1;1;3;4
9;0928;8;3;6;2;0;1;1;7;4
9;0920;8;3;7;2;0;0;0;3;7
9;0916;8;3;8;1;0;1;1;4;4
24;2403;8;3;9;1;0;2;2;3;7
9;0911;8;3;9;1;0;1;1;2;5
23;2301;8;3;12;2;0;2;2;1;4
9;0906;8;3;12;2;0;1;1;3;7
24;2402;8;3;17;1;1;0;1;4;4
9;0911;8;3;17;1;0;0;0;3;7
9;0920;8;3;18;2;0;1;1;3;4
9;0909;8;3;18;1;0;1;1;3;7
9;0908;8;3;19;2;0;1;1;3;7
9;0916;8;3;22;1;0;1;1;2;5
9;0910;8;4;5;2;0;1;1;3;4
9;0921;8;4;6;2;0;1;1;3;4
9;0906;8;4;7;2;0;1;1;3;4
9;0916;8;4;7;2;0;3;3;3;4
13;1321;8;4;15;2;0;1;1;3;7
9;0902;8;4;16;2;0;1;1;3;4
13;1310;8;4;17;2;2;0;2;3;7
1;0103;8;4;20;2;0;1;1;3;7
9;0912;8;4;22;2;0;1;1;3;4
7;0701;8;4;23;2;0;1;1;3;4
9;0918;8;5;0;2;0;1;1;7;4
1;0102;8;5;0;2;0;1;1;7;4
13;1301;8;5;0;2;0;0;0;3;7
9;0903;8;5;5;2;0;0;0;7;4
9;0916;8;5;5;2;0;1;1;7;4
9;0923;8;5;7;1;0;1;1;1;4
9;0918;8;5;10;2;0;0;0;3;7
9;0901;8;5;12;2;0;2;2;8;10
9;0924;8;5;13;2;0;0;0;3;7
24;2401;8;5;13;2;0;2;2;3;4
17;1703;8;5;14;2;0;1;1;5;4
24;2402;8;5;16;1;0;0;0;3;4
1;0103;8;5;17;2;0;1;1;3;7
17;1703;8;5;18;2;1;0;1;3;7
9;0910;8;5;20;2;0;0;0;3;4
7;0706;8;5;20;2;0;1;1;6;4
1;0106;8;5;21;2;0;3;3;3;7
23;2301;8;6;1;2;0;1;1;3;7
12;1207;8;6;1;1;0;2;2;3;4
9;0910;8;6;8;2;0;2;2;7;4
9;0910;8;6;8;2;0;1;1;1;4
9;0919;8;6;10;2;0;1;1;3;7
9;0901;8;6;11;1;0;2;2;7;4
9;0920;8;6;13;2;0;1;1;3;4
9;0920;8;6;14;2;1;0;1;1;4
12;1207;8;6;15;2;0;0;0;3;7
17;1703;8;6;17;2;0;0;0;3;7
12;1207;8;6;17;2;0;1;1;3;7
24;2402;8;6;17;1;0;1;1;8;10
9;0911;8;6;18;1;0;2;2;2;5
12;1201;8;6;19;2;0;1;1;3;7
9;0906;8;6;19;2;0;1;1;1;4
9;0909;8;6;19;2;0;2;2;1;4
9;0918;8;6;20;2;0;1;1;4;4
23;2301;8;6;21;2;0;0;0;3;7
9;0920;8;7;0;2;0;2;2;3;4
13;1312;8;7;0;2;0;0;0;7;4
12;1204;8;7;1;2;0;0;0;7;4
9;0902;8;7;1;2;0;0;0;7;4
1;0104;8;7;4;2;0;3;3;3;7
1;0105;8;7;4;2;0;1;1;7;4
9;0901;8;7;5;2;0;3;3;7;4
9;0909;8;7;5;2;0;1;1;7;4
9;0906;8;7;7;2;0;1;1;1;4
12;1207;8;7;9;2;0;1;1;3;7
9;0921;8;7;10;2;0;1;1;3;7
9;0916;8;7;10;2;0;1;1;2;5
12;1203;8;7;11;2;0;4;4;1;4
7;0710;8;7;13;2;0;1;1;3;7
13;1309;8;7;15;2;0;1;1;3;4
24;2401;8;7;15;2;0;0;0;3;7
12;1201;8;7;15;2;1;0;1;3;4
9;0911;8;7;16;2;0;1;1;3;7
9;0902;8;7;16;2;0;1;1;1;4
13;1319;8;7;16;2;0;1;1;3;4
9;0922;8;7;16;2;0;3;3;7;4
1;0101;8;7;19;2;0;1;1;3;4
9;0922;8;7;19;2;0;0;0;3;7
9;0914;8;7;19;2;0;1;1;1;4
9;0906;8;7;21;2;2;0;2;3;7
13;1310;8;1;0;2;0;1;1;7;4
9;0925;8;1;1;2;0;0;0;7;4
9;0906;8;1;3;2;1;4;5;7;4
12;1212;8;1;4;2;0;2;2;3;4
9;0906;8;1;4;2;0;1;1;3;7
9;0908;8;1;5;2;0;1;1;1;4
9;0911;8;1;5;2;0;2;2;3;4
7;0709;8;1;11;2;1;0;1;3;4
9;0920;8;1;12;2;0;2;2;4;4
1;0106;8;1;17;2;0;1;1;7;4
9;0906;8;1;18;2;0;2;2;7;4
13;1313;8;1;19;2;0;1;1;7;4
24;2401;8;1;19;2;0;0;0;1;4
1;0110;8;1;21;2;0;2;2;5;4
24;2401;8;1;21;2;0;0;0;7;4
17;1703;8;2;2;2;0;1;1;4;4
9;0909;8;2;3;2;0;0;0;4;4
12;1208;8;2;7;1;0;1;1;3;7
1;0103;8;2;9;2;0;1;1;3;4
24;2403;8;2;11;1;0;1;1;3;7
12;1207;8;2;16;1;0;1;1;8;10
9;0918;8;2;17;2;0;1;1;7;4
9;0906;8;2;17;2;0;0;0;3;7
9;0901;8;2;19;2;0;1;1;3;7
24;2402;8;2;19;2;0;1;1;3;7
9;0901;8;2;22;2;0;0;0;3;4
9;0913;8;3;4;2;0;3;3;7;4
17;1703;8;3;7;2;0;5;5;8;10
1;0108;8;3;7;2;0;1;1;3;4
13;1306;8;3;11;2;0;1;1;7;4
7;0712;8;3;13;2;1;2;3;5;4
9;0906;8;3;15;1;0;1;1;8;10
24;2401;8;3;19;2;0;1;1;3;7
7;0701;8;3;20;2;0;0;0;3;4
9;0908;8;3;21;2;0;0;0;6;4
9;0902;8;3;22;2;1;0;1;3;7
9;0916;8;3;23;1;0;0;0;4;4
1;0101;8;4;2;2;0;4;4;7;4
9;0901;8;4;9;2;0;0;0;3;7
13;1312;8;4;10;2;0;0;0;3;7
7;0709;8;4;11;2;0;1;1;3;4
7;0701;8;4;12;2;0;2;2;6;4
12;1203;8;4;16;2;0;2;2;3;4
1;0115;8;4;16;2;0;1;1;1;4
9;0925;8;4;18;2;0;1;1;7;4
9;0914;8;4;18;2;0;1;1;3;7
24;2403;8;4;21;1;0;3;3;1;4
9;0920;8;4;21;2;0;1;1;3;4
13;1309;8;4;22;2;0;2;2;3;4
24;2403;8;5;4;2;0;3;3;3;7
1;0108;8;5;6;2;0;1;1;3;7
9;0920;8;5;7;2;0;1;1;4;4
9;0909;8;5;8;2;1;1;2;3;4
12;1208;8;5;12;2;0;1;1;1;4
24;2401;8;5;12;2;1;0;1;1;4
1;0102;8;5;18;2;0;2;2;3;7
7;0706;8;5;18;2;0;1;1;7;4
9;0909;8;5;18;2;0;1;1;3;4
9;0912;8;5;19;1;0;1;1;3;7
9;0906;8;5;20;2;0;2;2;3;7
24;2403;8;5;22;2;0;2;2;3;7
24;2403;8;5;23;1;0;1;1;2;5
13;1306;8;6;0;2;0;1;1;7;4
12;1203;8;6;2;2;0;0;0;7;4
24;2402;8;6;3;2;0;1;1;3;7
9;0920;8;6;3;2;0;1;1;8;10
24;2401;8;6;5;2;0;1;1;3;7
17;1703;8;6;6;2;0;1;1;3;7
9;0920;8;6;7;2;0;1;1;3;7
17;1703;8;6;8;2;1;0;1;3;7
9;0906;8;6;8;1;1;0;1;1;4
12;1207;8;6;9;2;0;2;2;3;7
1;0103;8;6;13;2;0;0;0;7;4
12;1210;8;6;18;2;0;1;1;7;4
12;1204;8;6;18;2;0;2;2;5;4
9;0904;8;6;19;2;0;1;1;3;7
12;1201;8;6;19;2;0;1;1;7;4
9;0914;8;6;19;1;0;1;1;3;7
12;1210;8;6;19;2;0;1;1;7;4
12;1207;8;6;20;2;0;0;0;7;4
9;0920;8;6;22;2;0;1;1;8;10
9;0910;8;6;22;2;1;0;1;3;7
12;1207;8;6;22;2;0;1;1;1;4
24;2402;8;6;23;1;0;2;2;3;7
24;2401;8;7;1;2;0;0;0;3;4
24;2401;8;7;4;1;5;0;5;1;4
24;2402;8;7;4;1;0;1;1;3;7
9;0920;8;7;10;1;0;1;1;8;10
13;1301;8;7;10;2;0;0;0;5;4
13;1312;8;7;11;2;0;1;1;7;4
12;1207;8;7;12;2;0;2;2;3;7
17;1703;8;7;16;2;0;0;0;3;7
9;0912;8;7;17;2;0;1;1;3;7
12;1207;8;7;17;1;0;1;1;7;4
9;0906;8;7;17;1;0;0;0;3;7
1;0105;8;7;18;2;0;1;1;3;7
12;1207;8;7;18;1;0;3;3;1;4
7;0702;8;7;19;2;0;0;0;7;4
9;0916;8;7;19;1;0;1;1;1;4
24;2403;8;7;19;1;0;1;1;1;4
9;0922;8;7;19;1;0;0;0;8;10
1;0102;8;7;20;2;0;2;2;3;7
7;0701;8;7;21;2;0;1;1;5;4
24;2401;8;7;22;2;0;0;0;5;4
9;0919;8;7;23;2;0;1;1;1;4
9;0916;8;1;0;1;0;0;0;4;4
13;1309;8;1;1;2;0;1;1;7;4
9;0902;8;1;1;2;0;1;1;3;7
1;0101;8;1;1;2;0;0;0;7;4
2;0206;8;1;8;1;0;0;0;3;7
9;0921;8;1;9;1;0;1;1;3;7
17;1703;8;1;14;2;0;1;1;2;5
17;1703;8;1;14;2;0;1;1;2;5
1;0108;8;1;14;2;0;1;1;5;4
9;0911;8;1;15;2;0;0;0;3;7
24;2401;8;1;16;1;1;0;1;1;4
12;1201;8;1;19;2;0;0;0;3;7
23;2301;8;2;3;2;0;1;1;8;10
9;0904;8;2;4;1;0;3;3;3;7
12;1207;8;2;6;2;0;0;0;5;4
9;0918;8;2;7;2;0;1;1;3;7
1;0103;8;2;8;2;0;0;0;3;7
9;0907;8;2;11;2;0;0;0;3;4
9;0907;8;2;13;2;0;2;2;3;4
9;0906;8;2;15;2;1;0;1;7;4
17;1703;8;2;16;2;0;1;1;3;7
24;2401;8;2;20;2;0;0;0;3;4
24;2403;8;3;4;1;0;1;1;7;4
9;0912;8;3;5;2;0;0;0;3;4
12;1203;8;3;6;2;0;1;1;1;4
9;0916;8;3;7;1;1;0;1;3;7
9;0911;8;3;7;2;0;0;0;5;4
12;1207;8;3;14;2;0;0;0;3;7
9;0907;8;3;15;2;0;3;3;3;4
17;1703;8;3;16;2;1;2;3;3;7
9;0921;8;3;16;2;0;1;1;3;4
9;0906;8;3;17;2;0;1;1;7;4
9;0920;8;3;19;2;0;1;1;1;4
9;0911;8;3;22;2;0;1;1;3;4
9;0906;8;3;23;2;0;1;1;7;4
9;0912;8;4;3;2;0;0;0;3;4
9;0906;8;4;7;2;0;1;1;2;5
17;1703;8;4;7;2;0;0;0;8;10
24;2401;8;4;9;2;0;1;1;3;7
9;0906;8;4;11;1;1;0;1;3;4
7;0711;8;4;19;2;0;0;0;7;4
9;0911;8;4;19;1;0;1;1;3;7
9;0920;8;4;19;2;0;0;0;3;7
1;0115;8;4;19;2;0;0;0;3;4
13;1301;8;4;20;2;0;0;0;6;4
13;1301;8;4;21;2;1;0;1;6;4
12;1201;8;5;5;2;0;1;1;7;4
1;0101;8;5;11;2;0;2;2;3;7
7;0707;8;5;14;2;0;0;0;3;7
9;0925;8;5;15;2;0;1;1;7;4
24;2402;8;5;16;1;0;1;1;4;4
9;0901;8;5;17;2;0;0;0;7;4
1;0111;8;5;17;2;0;1;1;3;7
9;0910;8;5;17;1;0;1;1;2;5
9;0922;8;5;17;2;1;0;1;2;5
13;1306;8;5;18;2;0;2;2;1;4
9;0906;8;5;18;2;1;1;2;1;4
9;0914;8;5;18;1;0;1;1;1;4
9;0908;8;5;19;1;0;1;1;3;4
9;0906;8;5;19;2;0;1;1;3;7
13;1301;8;5;19;2;1;0;1;3;7
9;0910;8;6;0;2;0;0;0;7;4
9;0907;8;6;6;2;0;1;1;4;4
9;0911;8;6;6;2;0;3;3;3;4
13;1312;8;6;8;2;0;2;2;3;7
17;1703;8;6;16;2;0;1;1;3;7
9;0910;8;6;17;2;0;2;2;3;4
9;0918;8;6;18;2;0;1;1;3;7
24;2402;8;6;18;2;0;0;0;3;4
24;2402;8;6;19;1;0;1;1;3;7
9;0918;8;6;22;2;0;1;1;3;7
9;0918;8;6;22;2;0;0;0;1;4
17;1703;8;6;22;2;0;3;3;7;4
9;0906;8;6;23;1;0;0;0;1;4
9;0922;8;6;23;1;0;1;1;4;4
9;0904;8;7;0;1;0;1;1;1;4
12;1210;8;7;1;2;0;1;1;7;4
9;0906;8;7;4;1;0;1;1;4;4
2;0207;8;7;5;1;0;1;1;7;4
12;1205;8;7;6;2;0;1;1;1;4
9;0912;8;7;6;2;0;1;1;3;7
9;0906;8;7;7;2;0;1;1;7;4
24;2403;8;7;9;1;0;1;1;1;4
9;0921;8;7;9;2;0;1;1;7;4
13;1321;8;7;12;2;0;1;1;3;4
9;0916;8;7;13;1;1;0;1;3;4
9;0907;8;7;13;1;0;0;0;3;7
9;0906;8;7;14;1;1;0;1;4;4
7;0701;8;7;14;1;0;1;1;3;7
9;0911;8;7;15;2;0;1;1;7;4
9;0909;8;7;15;1;0;2;2;3;4
12;1208;8;7;18;1;0;0;0;7;4
23;2301;8;7;18;2;1;0;1;5;4
9;0914;8;7;18;2;0;1;1;1;4
9;0914;8;7;19;2;0;0;0;3;7
9;0906;8;7;19;2;0;1;1;3;7
9;0908;8;7;19;1;1;0;1;3;4
9;0906;8;7;19;1;0;3;3;4;4
12;1203;8;7;19;2;0;0;0;4;4
9;0905;8;1;0;2;0;2;2;5;4
9;9004;8;1;5;2;0;0;0;3;4
24;2402;8;1;7;2;0;1;1;3;7
13;1309;8;1;7;2;0;0;0;1;4
12;1201;8;1;7;2;0;2;2;7;4
12;1201;8;1;7;2;0;1;1;3;7
24;2402;8;1;15;1;0;1;1;3;7
1;0101;8;1;15;2;0;1;1;3;7
1;0103;8;1;16;2;1;0;1;3;7
9;0912;8;1;20;1;0;1;1;1;4
9;0906;8;1;22;2;0;1;1;3;7
9;0916;8;2;0;1;0;1;1;7;4
7;0703;8;2;8;2;1;0;1;6;4
13;1321;8;2;11;2;0;1;1;7;4
1;0101;8;2;12;2;0;1;1;1;4
9;0927;8;2;12;2;0;2;2;1;4
24;2402;8;2;13;1;0;1;1;3;7
9;0906;8;2;15;2;0;0;0;5;4
3;0304;8;2;16;2;0;2;2;3;7
1;0101;8;2;16;2;0;1;1;3;7
13;1306;8;2;16;2;0;0;0;1;4
9;0906;8;2;21;1;0;1;1;3;7
9;0916;8;3;0;1;1;0;1;3;7
17;1703;8;3;7;2;0;2;2;8;10
9;0906;8;3;7;2;0;2;2;3;7
1;0101;8;3;11;2;0;2;2;1;4
12;1207;8;3;12;2;0;1;1;1;4
9;0906;8;3;16;2;0;1;1;3;7
9;0907;8;3;17;2;0;2;2;4;4
9;0911;8;3;18;1;0;0;0;3;7
9;0901;8;3;19;2;0;1;1;8;10
7;0707;8;3;21;2;0;0;0;7;4
9;0916;8;3;22;1;0;2;2;3;4
13;1309;8;3;23;2;0;2;2;3;7
24;2403;8;4;0;1;0;1;1;4;4
13;1306;8;4;5;2;0;1;1;7;4
9;0902;8;4;6;2;0;1;1;7;4
9;0904;8;4;12;2;0;1;1;2;5
17;1703;8;4;14;2;0;2;2;3;4
2;0206;8;4;17;1;0;3;3;7;4
24;2402;8;4;17;1;0;1;1;3;7
9;0909;8;5;5;2;0;0;0;3;4
9;0905;8;5;14;2;0;1;1;7;4
9;0907;8;5;16;2;0;2;2;7;4
9;0920;8;5;17;2;0;1;1;3;7
13;1321;8;5;18;2;0;1;1;4;4
9;0911;8;5;18;2;0;1;1;3;4
9;0902;8;5;19;2;0;0;0;7;4
24;2402;8;5;23;1;0;1;1;7;4
13;1321;8;5;23;2;1;0;1;6;4
9;0921;8;6;1;2;1;0;1;3;4
24;2401;8;6;2;2;0;1;1;4;4
17;1703;8;6;6;2;0;1;1;8;10
23;2301;8;6;11;2;0;2;2;3;4
9;0918;8;6;14;2;0;1;1;7;4
7;0712;8;6;15;2;0;2;2;7;4
13;1312;8;6;17;2;0;1;1;3;4
7;0712;8;6;18;2;0;1;1;5;4
12;1210;8;6;18;2;0;3;3;3;4
9;0902;8;6;19;2;0;3;3;8;10
9;0907;8;6;19;2;1;1;2;3;4
24;2401;8;6;20;2;1;0;1;1;4
9;0911;8;6;21;2;0;1;1;1;4
12;1207;8;6;23;2;0;1;1;3;7
13;1317;8;4;3;1;1;1;2;1;1
17;1702;8;4;1;2;0;1;1;3;1
17;1701;8;5;5;1;0;1;1;3;4
12;1206;8;4;20;2;1;0;1;3;4
5;0504;8;5;11;1;0;2;2;3;4
11;1107;8;5;16;2;0;0;0;4;4
5;0503;8;6;3;2;1;0;1;1;5
3;0303;8;5;17;2;1;0;1;1;4
19;1901;8;5;15;2;0;0;0;5;2
6;0607;8;6;3;2;0;1;1;3;3
17;1701;8;5;11;1;1;1;2;7;6
12;1210;8;5;1;1;0;1;1;7;3
8;0803;8;6;20;2;1;0;1;3;2
15;1509;8;6;17;2;1;1;2;3;3
1;0109;8;7;4;2;1;2;3;6;9
17;1701;8;6;11;1;1;0;1;3;7
12;1203;8;6;19;2;0;1;1;3;4
19;1901;8;6;11;1;1;0;1;3;4
18;1806;8;5;8;2;0;1;1;7;4
18;1809;8;6;5;2;1;2;3;3;4
18;1807;8;5;20;2;0;7;7;3;4
11;1109;8;6;14;2;0;1;1;7;4
17;1705;8;5;15;1;0;2;2;3;4
6;0608;8;1;5;2;0;1;1;3;4
6;0610;8;7;17;2;0;0;0;7;4
19;1901;8;2;8;2;0;0;0;7;8
11;1106;8;1;16;2;0;1;1;5;3
17;1703;8;7;2;2;1;0;1;1;4
11;1114;8;1;15;2;1;0;1;7;3
17;1703;8;7;7;2;0;1;1;4;4
17;1703;8;1;1;1;0;0;0;4;1
22;2201;8;2;21;1;0;2;2;3;3
17;1708;8;3;22;2;0;3;3;3;3
11;1103;8;3;9;1;0;0;0;3;10
19;1901;8;3;22;2;0;4;4;7;4
12;1203;8;3;10;2;0;1;1;3;4
7;0713;8;3;14;2;2;1;3;7;4
11;1103;8;3;19;2;0;5;5;7;9
6;0601;8;2;12;2;0;0;0;3;4
10;1001;8;4;7;2;1;0;1;7;4
19;1901;8;3;19;2;0;0;0;3;4
4;0401;8;4;17;2;1;0;1;7;4
14;1401;8;4;19;1;0;1;1;4;4
11;1102;8;4;18;2;0;0;0;7;2
11;1102;8;4;18;2;1;0;1;6;4
22;2203;8;4;20;2;0;1;1;3;3
17;1701;8;4;23;2;1;0;1;7;4
5;0506;8;5;1;2;0;1;1;7;4
17;1701;8;4;23;2;0;0;0;7;4
10;1001;8;5;14;2;0;1;1;3;4
17;1703;8;5;17;2;0;1;1;1;4
12;1213;8;5;16;2;0;0;0;3;4
11;1103;8;5;18;2;0;3;3;1;4
11;1107;8;5;19;2;0;0;0;3;4
6;0607;8;6;4;2;0;0;0;4;4
2;0201;8;6;0;1;0;0;0;3;1
22;2201;8;6;4;2;0;1;1;1;7
18;1807;8;6;8;2;0;1;1;3;4
4;0405;8;6;3;2;1;1;2;4;3
4;0401;8;6;7;2;0;1;1;3;4
17;1704;8;6;9;2;0;1;1;7;4
13;1301;8;6;17;2;1;1;2;3;4
15;1501;8;7;0;2;1;0;1;7;4
11;1109;8;7;4;1;0;1;1;3;3
13;1304;8;7;5;1;0;2;2;7;3
18;1807;8;6;22;2;0;0;0;4;4
8;0804;8;7;0;1;1;0;1;3;4
17;1701;8;1;21;2;0;1;1;4;6
17;1701;8;7;5;2;0;0;0;6;4
17;1701;8;6;15;2;0;3;3;7;4
17;1705;8;6;20;2;0;3;3;3;1
5;0504;8;7;16;1;1;0;1;3;4
13;1311;8;7;16;2;0;4;4;3;4
13;1301;8;7;19;1;0;2;2;2;4
13;1309;8;7;20;1;0;0;0;3;4
13;1304;8;7;1;2;0;2;2;4;4
12;1210;8;7;21;1;0;0;0;1;4
17;1703;8;7;23;2;0;1;1;3;4
17;1703;8;1;6;2;0;1;1;1;4
5;0502;8;1;19;1;0;3;3;3;4
13;1301;8;1;19;2;1;0;1;7;4
14;1412;8;1;14;2;0;8;8;7;4
6;0601;8;3;0;2;0;0;0;3;1
18;1809;8;1;1;2;0;0;0;7;4
18;1802;8;2;20;2;0;0;0;3;4
22;2204;8;2;11;2;0;1;1;3;3
6;0603;8;3;19;2;1;0;1;6;4
14;1401;8;3;17;2;0;0;0;3;4
8;0804;8;4;11;1;0;0;0;3;4
19;1905;8;3;13;1;0;1;1;3;4
19;1905;8;3;0;1;0;1;1;7;3
19;1905;8;1;12;1;0;1;1;3;4
3;0304;8;4;21;2;1;0;1;3;3
12;1204;8;4;18;2;0;0;0;3;4
10;1004;8;4;20;1;1;1;2;3;4
17;1703;8;5;6;2;3;2;5;3;4
6;0601;8;5;0;2;1;0;1;1;5
17;1702;8;6;0;2;0;2;2;3;9
13;1304;8;6;9;2;0;2;2;7;4
10;1004;8;6;9;2;0;1;1;3;4
6;0602;8;6;3;2;0;1;1;4;9
1;0103;8;7;3;2;0;1;1;1;4
1;0113;8;7;1;2;0;5;5;3;4
18;1807;8;5;12;1;0;1;1;1;4
13;1303;8;7;6;1;0;1;1;4;4
17;1703;8;7;18;2;0;6;6;3;4
6;0610;8;7;4;2;1;0;1;7;3
6;0607;8;7;12;2;0;2;2;3;3
17;1705;8;7;4;1;1;0;1;1;4
2;0201;8;7;23;1;0;5;5;7;4
19;1901;8;6;23;1;0;2;2;3;4
15;1503;8;1;12;2;0;0;0;3;3
17;1701;8;6;17;2;0;1;1;7;4
17;1702;8;6;19;2;0;0;0;3;4
13;1304;8;1;23;1;0;1;1;1;4
5;0504;8;1;20;1;1;1;2;3;4
17;1701;8;7;13;1;0;0;0;3;4
17;1701;8;7;18;1;0;0;0;3;4
15;1507;8;2;15;2;0;2;2;7;4
6;0605;8;7;20;2;0;1;1;3;4
17;1701;8;2;16;2;0;3;3;7;4
1;0103;8;3;5;2;0;5;5;6;4
19;1905;8;2;14;2;0;4;4;2;3
12;1202;8;3;9;2;0;0;0;6;4
12;1210;8;3;6;2;1;0;1;3;4
7;0713;8;3;17;2;1;0;1;7;9
11;1103;8;3;23;2;0;1;1;3;4
22;2201;8;3;10;1;0;2;2;3;3
14;1401;8;4;11;2;1;2;3;3;4
17;1701;8;3;14;2;0;1;1;7;3
17;1705;8;4;3;2;0;1;1;7;9
13;1304;8;4;23;2;0;1;1;3;4
17;1701;8;2;11;2;0;2;2;7;3
13;1304;8;5;2;1;1;0;1;1;5
13;1304;8;4;2;2;1;0;1;7;3
13;1304;8;5;20;1;0;1;1;3;4
13;1314;8;6;1;2;1;0;1;4;4
17;1703;8;5;20;2;0;1;1;1;4
12;1205;8;6;18;2;0;1;1;3;4
14;1404;8;5;15;2;0;1;1;3;4
13;1304;8;7;9;1;0;1;1;3;4
6;0603;8;5;20;2;0;0;0;1;1
6;0607;8;6;3;2;0;0;0;4;1
22;2201;8;7;14;2;1;0;1;3;3
10;1001;8;7;4;2;0;2;2;3;4
17;1703;8;6;13;2;0;1;1;3;4
17;1703;8;6;19;2;0;1;1;3;4
17;1703;8;7;21;2;0;1;1;3;9
17;1701;8;6;7;2;0;2;2;3;3
17;1705;8;5;16;2;0;1;1;1;7
11;1103;8;5;13;1;0;1;1;1;7
11;1102;8;1;8;2;0;0;0;3;7
13;1303;8;1;23;1;0;1;1;7;4
11;1103;8;7;21;2;1;0;1;1;4
18;1806;8;1;9;2;1;3;4;3;4
6;0601;8;1;15;1;0;0;0;3;4
6;0607;8;2;13;2;0;0;0;3;3
3;0303;8;6;13;1;0;1;1;3;4
12;1213;8;3;23;1;0;1;1;3;4
19;1908;8;4;7;2;0;1;1;7;4
6;0607;8;4;7;2;0;1;1;3;3
5;0502;8;4;19;1;2;0;2;3;4
13;1315;8;5;12;2;1;0;1;3;4
18;1808;8;2;8;2;0;1;1;3;4
18;1804;8;5;1;2;0;1;1;3;1
17;1701;8;5;22;2;0;1;1;3;4
19;1905;8;5;14;1;0;0;0;3;9
12;1212;8;6;11;1;0;1;1;3;4
13;1304;8;6;5;2;0;2;2;3;4
14;1412;8;4;2;2;0;0;0;7;4
14;1406;8;3;18;2;0;0;0;3;4
10;1001;8;5;8;1;0;1;1;3;7
10;1001;8;7;10;1;0;1;1;8;3
10;1001;8;4;18;1;0;1;1;1;7
8;0801;8;4;15;1;0;1;1;1;5
10;1001;8;7;1;1;0;2;2;3;7
18;1801;8;7;4;1;0;0;0;4;1
18;1801;8;1;15;2;0;1;1;7;1
18;1801;8;4;13;1;0;0;0;4;3
18;1801;8;5;2;1;0;2;2;4;3
18;1801;8;5;7;1;0;1;1;1;7
18;1801;8;5;20;1;0;0;0;3;1
1;0101;8;4;10;1;0;1;1;1;4
1;0101;8;4;13;1;0;0;0;3;3
1;0101;8;5;8;1;0;1;1;3;4
1;0101;8;5;20;1;0;1;1;3;1
1;0101;8;6;0;1;0;1;1;3;1
1;0101;8;6;7;1;0;1;1;3;4
1;0101;8;3;0;1;0;0;0;7;1
1;0101;8;7;7;2;0;2;2;3;4
1;0101;8;6;18;1;0;0;0;3;4
1;0101;8;1;7;1;0;1;1;3;4
1;0101;8;1;10;1;0;1;1;8;4
18;1801;8;2;10;1;0;0;0;3;7
18;1801;8;2;8;1;0;1;1;7;6
1;0101;8;1;19;1;0;1;1;3;4
18;1801;8;2;16;2;0;0;0;3;7
1;0101;8;6;10;1;0;0;0;3;4
18;1801;8;2;16;1;0;0;0;3;4
1;0101;8;7;15;1;0;0;0;3;1
1;0101;8;1;22;1;0;0;0;3;1
18;1801;8;1;15;2;0;1;1;3;1
12;1205;8;5;13;1;0;4;4;3;3
6;0601;8;5;21;1;0;1;1;3;7
6;0601;8;6;3;1;1;0;1;4;7
10;1004;8;4;17;1;0;2;2;3;4
10;1002;8;6;11;1;0;2;2;3;1
10;1002;8;6;4;1;1;0;1;4;4
12;1205;8;7;18;1;0;0;0;3;3
12;1205;8;4;6;1;0;0;0;3;2
12;1205;8;4;10;1;0;1;1;7;3
18;1801;8;3;11;2;0;0;0;7;3
18;1801;8;4;16;1;0;1;1;3;7
18;1801;8;6;16;2;0;1;1;8;7
18;1801;8;6;7;1;0;0;0;4;7
18;1801;8;3;23;2;0;2;2;7;3
18;1801;8;6;22;2;0;0;0;3;1
6;0601;8;3;1;1;1;0;1;7;7
23;2301;8;6;14;1;0;0;0;3;4
23;2301;8;4;3;1;0;0;0;3;3
17;1701;8;4;9;1;0;1;1;8;5
6;0601;8;3;7;1;1;0;1;3;7
11;1101;8;5;3;1;0;0;0;4;1
11;1101;8;5;5;1;0;0;0;4;3
11;1101;8;5;20;2;0;0;0;3;1
11;1101;8;6;2;1;0;1;1;6;3
11;1101;8;6;14;2;0;4;4;3;6
11;1101;8;7;5;1;0;0;0;4;1
11;1101;8;7;4;1;0;0;0;3;1
11;1101;8;7;2;2;0;0;0;4;1
11;1101;8;7;3;1;0;0;0;4;3
11;1101;8;7;12;1;0;0;0;5;7
11;1101;8;3;2;1;0;0;0;4;3
11;1101;8;5;12;2;0;1;1;3;7
11;1101;8;4;12;2;1;1;2;7;3
11;1101;8;5;5;2;0;1;1;3;4
11;1101;8;5;20;1;0;2;2;3;3
11;1101;8;5;21;1;0;0;0;4;1
11;1101;8;1;8;1;0;1;1;3;3
18;1801;8;4;16;1;0;1;1;3;2
18;1801;8;7;13;2;0;1;1;1;4
18;1801;8;5;8;2;0;0;0;3;2
18;1801;8;3;8;2;0;1;1;3;7
18;1801;8;3;1;2;0;1;1;1;4
18;1801;8;4;5;2;0;1;1;8;3
18;1801;8;4;15;1;0;0;0;3;4
18;1801;8;6;8;1;0;0;0;3;1
18;1801;8;5;15;2;0;1;1;3;4
18;1801;8;5;15;1;0;0;0;3;7
18;1801;8;2;13;2;0;0;0;5;4
13;1301;8;6;10;1;0;0;0;4;10
13;1301;8;7;14;1;0;1;1;5;4
13;1301;8;1;21;1;0;0;0;1;7
13;1301;8;7;5;1;0;1;1;3;3
13;1301;8;6;12;1;0;2;2;3;4
13;1301;8;3;16;1;0;0;0;3;7
13;1301;8;5;13;1;0;0;0;8;3
18;1801;8;6;4;1;0;0;0;4;1
18;1801;8;7;16;1;0;0;0;3;1
18;1801;8;6;8;2;1;0;1;7;3
10;1002;8;6;8;1;0;0;0;4;4
17;1701;8;4;17;1;0;1;1;3;4
17;1701;8;4;21;1;0;0;0;3;1
10;1002;8;5;5;1;0;1;1;3;7
17;1701;8;5;18;1;0;0;0;8;2
18;1801;8;6;16;2;0;1;1;3;2
18;1801;8;5;21;2;0;0;0;3;4
17;1701;8;5;16;1;0;1;1;8;7
18;1801;8;4;23;2;0;2;2;3;4
17;1701;8;5;22;1;0;0;0;3;1
23;2301;8;4;6;1;0;1;1;3;3
17;1701;8;5;20;1;0;0;0;3;7
23;2301;8;4;20;1;0;1;1;7;3
17;1701;8;5;16;2;0;1;1;7;7
17;1701;8;5;22;2;0;0;0;4;3
23;2301;8;5;23;1;0;0;0;4;4
17;1701;8;5;10;2;0;0;0;3;7
13;1308;8;4;7;1;0;1;1;3;4
17;1701;8;6;7;1;1;0;1;8;4
23;2301;8;6;12;1;0;0;0;3;3
13;1308;8;7;13;1;0;0;0;3;3
23;2301;8;6;16;1;0;0;0;4;3
23;2301;8;7;0;1;0;0;0;3;3
23;2301;8;7;7;1;0;0;0;7;3
17;1701;8;6;4;1;0;0;0;8;3
17;1701;8;6;21;1;0;0;0;8;7
17;1701;8;6;23;1;0;1;1;8;7
18;1801;8;1;14;2;0;1;1;1;5
11;1101;8;3;16;2;0;5;5;3;4
11;1101;8;2;20;1;0;2;2;1;4
11;1101;8;3;12;1;0;1;1;3;7
11;1101;8;3;23;1;0;1;1;3;4
18;1801;8;1;16;1;0;0;0;3;7
19;1901;8;4;9;2;0;0;0;3;7
18;1801;8;4;17;1;0;0;0;5;4
17;1701;8;6;9;1;0;1;1;1;4
17;1701;8;6;7;1;0;1;1;1;4
17;1701;8;6;5;1;0;1;1;3;7
17;1701;8;6;19;1;0;2;2;3;1
18;1801;8;7;22;2;0;1;1;1;1
17;1701;8;6;11;1;0;1;1;3;2
17;1701;8;6;19;1;0;0;0;3;3
17;1701;8;6;22;1;0;2;2;3;7
17;1701;8;6;22;1;0;1;1;3;1
17;1701;8;6;3;1;0;2;2;7;1
11;1101;8;6;21;1;0;1;1;1;5
11;1101;8;6;21;1;0;0;0;4;4
11;1101;8;7;2;2;0;1;1;3;4
11;1101;8;7;2;1;0;0;0;4;4
11;1101;8;7;22;1;0;0;0;4;4
11;1103;8;1;0;1;0;0;0;4;3
17;1701;8;7;0;1;0;0;0;3;1
17;1701;8;7;6;2;0;0;0;4;2
17;1701;8;7;8;1;0;0;0;8;3
17;1701;8;7;6;2;0;0;0;4;3
17;1701;8;7;2;1;0;0;0;4;2
17;1701;8;7;14;1;0;1;1;3;2
17;1701;8;7;8;1;0;1;1;4;2
17;1701;8;6;0;1;0;0;0;4;3
17;1701;8;7;4;2;0;0;0;4;2
17;1701;8;6;1;1;1;1;2;4;4
17;1701;8;7;12;1;0;0;0;3;4
17;1701;8;6;3;1;0;0;0;4;2
17;1701;8;1;12;1;0;0;0;8;3
17;1701;8;6;2;1;3;2;5;4;4
17;1701;8;1;8;2;0;0;0;3;4
17;1701;8;6;11;1;0;0;0;4;3
17;1701;8;6;3;2;0;0;0;4;2
17;1701;8;2;1;1;1;0;1;7;4
17;1701;8;3;4;1;0;2;2;8;1
17;1701;8;2;7;2;0;1;1;7;3
17;1701;8;2;13;1;0;1;1;3;3
17;1701;8;2;19;1;0;1;1;3;7
17;1701;8;2;21;1;0;0;0;3;4
17;1701;8;3;19;1;0;2;2;8;2
17;1701;8;2;18;2;0;0;0;4;6
17;1701;8;2;19;1;0;0;0;3;4
13;1301;8;5;13;1;0;0;0;3;7
17;1701;8;3;5;2;0;0;0;3;2
17;1701;8;3;2;1;0;4;4;4;4
13;1301;8;7;12;1;0;0;0;3;4
17;1701;8;2;8;1;0;0;0;3;7
17;1701;8;3;19;1;0;0;0;4;3
17;1701;8;4;14;1;0;0;0;3;4
17;1701;8;3;0;1;0;0;0;4;1
17;1701;8;4;22;1;0;0;0;8;3
17;1701;8;5;17;1;0;0;0;5;4
17;1701;8;4;22;2;0;1;1;3;3
17;1701;8;3;19;1;0;0;0;4;3
17;1701;8;4;23;1;0;0;0;8;3
17;1701;8;5;22;1;0;0;0;4;3
17;1701;8;6;1;1;0;1;1;8;7
17;1701;8;4;9;1;0;1;1;3;4
17;1701;8;5;4;1;0;0;0;4;2
17;1701;8;6;20;2;0;0;0;8;3
13;1301;8;7;0;1;0;0;0;8;6
17;1701;8;6;15;1;0;1;1;1;4
17;1701;8;5;2;2;0;0;0;3;1
17;1701;8;4;14;2;0;1;1;1;2
17;1701;8;6;2;1;0;3;3;7;4
17;1701;8;4;8;2;0;2;2;8;6
13;1301;8;7;3;1;0;0;0;7;4
17;1701;8;5;15;1;0;1;1;3;7
17;1701;8;4;20;1;0;2;2;3;1
17;1701;8;5;16;1;0;0;0;3;7
17;1701;8;6;1;1;0;0;0;4;4
13;1301;8;6;6;1;1;0;1;3;7
17;1701;8;6;23;1;0;0;0;4;3
17;1701;8;5;13;2;0;2;2;3;7
17;1701;8;4;16;1;0;0;0;3;4
17;1701;8;6;22;1;0;0;0;4;3
17;1701;8;4;0;1;1;0;1;7;4
17;1701;8;5;15;1;0;0;0;4;8
17;1701;8;7;11;1;0;1;1;8;4
17;1701;8;4;18;1;0;1;1;1;1
17;1701;8;5;21;1;0;0;0;3;1
17;1701;8;7;22;1;0;0;0;3;1
17;1701;8;4;8;1;0;1;1;1;5
17;1701;8;5;17;1;0;0;0;3;7
17;1701;8;7;1;1;0;0;0;3;7
17;1701;8;5;20;1;0;0;0;3;2
17;1701;8;7;15;2;0;3;3;3;1
17;1701;8;7;9;1;0;0;0;4;1
17;1701;8;7;16;1;0;0;0;4;7
17;1701;8;5;20;1;0;1;1;4;2
17;1701;8;1;3;1;0;0;0;4;2
17;1701;8;1;15;1;0;1;1;3;4
17;1701;8;5;15;2;0;0;0;4;8
18;1801;8;1;18;2;0;1;1;1;4
18;1801;8;2;19;1;0;0;0;3;4
17;1701;8;2;7;1;0;0;0;4;3
13;1308;8;6;12;1;0;0;0;3;4
17;1701;8;1;2;1;1;0;1;8;2
17;1701;8;1;6;1;0;0;0;3;4
17;1701;8;1;14;2;0;1;1;5;3
17;1701;8;1;20;1;0;0;0;3;1
17;1701;8;1;20;1;0;2;2;7;3
17;1701;8;1;8;2;0;0;0;3;3
17;1701;8;4;6;1;0;0;0;8;3
17;1701;8;3;16;1;0;1;1;7;8
13;1308;8;6;21;1;0;0;0;4;4
11;1101;8;1;22;2;0;2;2;3;4
13;1308;8;3;12;1;0;0;0;3;4
13;1308;8;6;1;1;0;0;0;3;4
17;1701;8;3;9;2;0;0;0;3;3
17;1701;8;3;2;1;0;0;0;3;3
17;1701;8;2;15;1;0;0;0;4;4
17;1701;8;3;6;1;0;0;0;3;4
23;2301;8;7;4;2;0;2;2;7;3
17;1701;8;3;7;2;0;1;1;3;2
17;1701;8;3;15;1;0;2;2;1;5
17;1701;8;3;21;1;0;1;1;7;3
18;1801;8;3;22;2;1;0;1;3;3
17;1701;8;3;18;2;0;1;1;3;4
17;1701;8;2;21;1;1;0;1;8;3
17;1701;8;3;11;1;0;0;0;3;4
23;2301;8;6;13;1;0;0;0;3;7
17;1701;8;2;17;2;0;0;0;3;2
23;2301;8;7;3;2;0;0;0;7;3
18;1801;8;3;21;1;0;1;1;3;2
23;2301;8;7;1;2;1;0;1;7;3
17;1701;8;2;8;1;0;0;0;3;4
17;1701;8;2;12;1;0;2;2;3;2
17;1701;8;4;18;2;0;0;0;3;4
17;1701;8;5;23;1;0;1;1;8;2
18;1801;8;4;4;1;0;1;1;7;3
23;2301;8;7;14;2;1;1;2;5;3
18;1801;8;4;1;1;0;1;1;7;3
23;2301;8;7;16;1;0;0;0;3;7
23;2301;8;7;14;1;0;1;1;1;2
23;2301;8;7;17;1;0;2;2;3;2
23;2301;8;7;23;1;0;0;0;3;3
17;1701;8;4;8;1;0;1;1;3;4
23;2301;8;7;23;1;1;1;2;7;3
17;1701;8;4;5;1;0;0;0;3;7
17;1701;8;5;22;1;0;1;1;8;7
17;1701;8;4;0;1;0;0;0;4;2
17;1701;8;4;2;1;0;0;0;4;4
17;1701;8;4;6;2;0;0;0;3;4
23;2301;8;1;13;1;0;0;0;5;4
17;1701;8;4;9;1;0;1;1;3;2
17;1701;8;4;23;1;0;0;0;3;7
17;1701;8;4;8;1;0;0;0;3;4
17;1701;8;5;9;1;0;1;1;8;4
17;1701;8;6;5;2;0;0;0;4;3
23;2301;8;1;16;1;0;0;0;1;5
17;1701;8;6;5;1;0;1;1;3;1
17;1701;8;6;3;1;0;0;0;4;4
17;1701;8;6;22;1;0;3;3;8;1
17;1701;8;6;0;2;0;0;0;4;4
17;1701;8;5;13;1;0;1;1;1;7
17;1701;8;6;0;1;0;1;1;8;1
17;1701;8;5;8;2;0;0;0;3;4
17;1701;8;5;15;1;0;0;0;3;4
23;2301;8;2;20;1;0;0;0;3;7
1;0101;8;3;14;1;0;1;1;3;4
23;2301;8;3;15;1;0;0;0;1;5
23;2301;8;3;21;1;0;0;0;5;4
1;0101;8;3;8;1;0;0;0;3;4
23;2301;8;3;10;1;0;0;0;5;3
1;0101;8;4;22;1;0;2;2;3;1
1;0101;8;4;22;1;0;0;0;3;4
1;0101;8;5;4;1;0;0;0;4;1
1;0101;8;5;4;1;0;0;0;4;1
1;0101;8;6;2;1;0;1;1;7;4
1;0101;8;6;5;1;0;1;1;3;4
1;0101;8;6;5;1;0;1;1;3;2
1;0101;8;6;15;1;0;0;0;4;1
1;0101;8;7;3;1;0;1;1;3;1
1;0101;8;6;14;2;0;1;1;3;1
1;0101;8;7;16;2;0;1;1;3;1
1;0101;8;7;20;1;0;2;2;3;4
1;0101;8;1;14;1;0;2;2;3;4
13;1308;8;4;15;1;0;0;0;3;4
13;1308;8;4;5;1;0;0;0;6;4
13;1308;8;7;11;1;0;0;0;3;2
13;1309;8;6;17;1;0;0;0;3;4
13;1308;8;5;23;1;0;0;0;3;4
13;1308;8;5;7;1;0;0;0;3;4
13;1308;8;2;12;1;0;0;0;5;4
23;2301;8;3;21;2;0;0;0;3;2
23;2301;8;4;8;1;0;0;0;3;3
23;2301;8;5;8;1;0;1;1;7;9
23;2301;8;6;3;1;0;1;1;4;1
23;2301;8;6;3;1;0;1;1;7;8
23;2301;8;6;12;2;0;0;0;3;3
23;2301;8;6;11;1;0;1;1;3;5
23;2301;8;6;13;1;0;0;0;3;3
23;2301;8;6;21;2;0;0;0;3;3
1;0101;8;1;19;2;0;0;0;4;1
1;0101;8;7;16;1;0;0;0;4;1
1;0101;8;7;4;2;0;1;1;6;4
1;0101;8;1;15;1;0;0;0;3;4
1;0101;8;3;10;1;0;1;1;1;4
1;0101;8;3;10;1;0;1;1;3;4
1;0101;8;4;15;1;0;1;1;3;7
1;0101;8;4;17;2;0;1;1;3;4
1;0101;8;4;22;1;0;1;1;3;4
1;0101;8;5;8;1;0;1;1;3;1
1;0101;8;5;10;1;0;1;1;1;2
1;0101;8;5;14;1;0;2;2;7;1
1;0101;8;6;10;1;0;1;1;3;4
1;0101;8;6;2;1;0;0;0;4;1
1;0101;8;4;21;1;0;0;0;3;1
1;0101;8;2;19;2;0;1;1;2;1
1;0101;8;2;20;1;0;2;2;3;4
1;0101;8;3;0;1;1;1;2;7;1
17;1701;8;5;23;1;0;1;1;3;1
13;1308;8;2;12;1;0;0;0;5;4
17;1701;8;5;22;1;0;0;0;4;2
17;1701;8;5;9;1;0;0;0;4;3
17;1701;8;5;21;1;0;1;1;7;3
17;1701;8;5;21;1;1;0;1;7;3
17;1701;8;1;8;1;0;1;1;3;7
17;1701;8;1;7;1;0;1;1;3;4
17;1701;8;1;1;1;0;2;2;4;4
13;1308;8;2;8;1;0;1;1;7;10
17;1701;8;7;1;1;0;0;0;8;1
18;1801;8;4;16;1;0;0;0;3;4
17;1701;8;7;23;1;0;0;0;8;7
17;1701;8;7;13;1;0;2;2;3;4
18;1801;8;4;14;1;0;0;0;4;1
17;1701;8;7;17;1;0;0;0;3;7
18;1801;8;4;13;1;0;1;1;3;4
17;1701;8;7;1;1;0;0;0;3;3
17;1701;8;7;5;2;0;0;0;4;2
17;1701;8;6;5;1;0;0;0;8;7
17;1701;8;6;13;1;0;0;0;4;2
13;1308;8;7;14;1;0;0;0;3;4
18;1801;8;4;15;1;0;4;4;3;4
17;1701;8;6;11;1;0;1;1;7;4
13;1308;8;7;6;1;0;0;0;7;6
18;1801;8;4;21;1;0;1;1;3;3
13;1308;8;7;12;1;0;0;0;3;2
13;1308;8;5;1;1;0;0;0;7;2
17;1701;8;6;1;2;0;0;0;4;4
13;1308;8;4;14;1;0;0;0;6;3
13;1308;8;6;20;1;0;0;0;3;4
18;1801;8;5;19;1;0;0;0;4;2
13;1308;8;7;16;1;0;0;0;3;7
13;1308;8;6;17;1;0;0;0;3;4
12;1205;8;5;20;2;0;0;0;3;2
13;1308;8;4;7;1;0;1;1;8;4
13;1308;8;7;8;1;0;0;0;3;4
18;1801;8;4;12;1;0;1;1;1;5
18;1801;8;5;13;1;0;0;0;3;2
12;1205;8;5;18;2;0;0;0;7;2
18;1801;8;5;13;2;0;0;0;3;7
12;1205;8;1;13;2;0;1;1;7;2
18;1801;8;5;22;1;0;0;0;6;8
12;1205;8;6;5;1;0;1;1;7;2
12;1205;8;4;21;1;0;1;1;7;2
18;1801;8;6;19;1;0;3;3;3;7
1;0101;8;4;19;1;1;0;1;3;7
1;0101;8;7;16;1;0;1;1;3;4
18;1801;8;6;22;2;0;0;0;4;1
23;2301;8;7;3;2;0;1;1;2;2
23;2301;8;7;18;2;0;1;1;3;3
23;2301;8;1;7;1;0;2;2;5;3
23;2301;8;5;4;1;0;0;0;7;3
23;2301;8;1;14;1;0;1;1;2;4
18;1801;8;5;21;1;0;4;4;3;8
18;1801;8;7;2;2;0;0;0;4;3
18;1801;8;7;0;1;0;1;1;8;7
18;1801;8;7;14;1;0;0;0;4;3
18;1801;8;7;20;2;0;1;1;1;3
1;0101;8;1;19;1;0;2;2;1;4
18;1801;8;7;3;1;0;1;1;1;3
18;1801;8;7;4;1;0;0;0;4;3
1;0101;8;7;1;1;0;0;0;3;1
1;0101;8;1;1;2;0;0;0;3;1
17;1701;8;4;18;1;1;0;1;8;1
23;2301;8;2;5;1;0;0;0;3;7
23;2301;8;3;13;1;0;2;2;3;7
23;2301;8;5;18;1;0;2;2;3;7
1;0101;8;4;13;1;0;1;1;1;4
23;2301;8;5;19;1;0;0;0;3;7
23;2301;8;6;1;1;0;0;0;7;3
23;2301;8;6;21;1;0;1;1;3;8
1;0101;8;4;19;1;0;1;1;7;4
23;2301;8;7;13;1;0;1;1;7;3
23;2301;8;7;18;1;0;0;0;3;7
23;2301;8;7;19;1;0;1;1;3;7
23;2301;8;7;20;1;0;0;0;3;2
23;2301;8;7;22;1;0;0;0;1;3
23;2301;8;1;9;1;0;1;1;3;7
23;2301;8;1;17;1;0;1;1;3;4
18;1801;8;7;18;1;0;0;0;8;3
23;2301;8;1;18;1;0;2;2;3;3
23;2301;8;2;8;1;0;0;0;3;3
23;2301;8;2;16;1;0;2;2;7;3
1;0101;8;4;21;1;0;0;0;7;3
18;1801;8;2;11;1;0;0;0;4;4
23;2301;8;3;7;1;0;0;0;1;3
23;2301;8;3;20;1;0;1;1;3;3
23;2301;8;3;23;1;0;2;2;3;3
23;2301;8;5;1;1;0;0;0;4;3
23;2301;8;7;1;1;0;0;0;3;3
23;2301;8;4;22;1;0;2;2;3;3
23;2301;8;5;15;1;0;1;1;3;3
8;0807;8;2;5;1;0;0;0;7;3
23;2301;8;6;8;1;0;0;0;3;4
23;2301;8;6;8;1;0;1;1;3;4
23;2301;8;6;17;1;0;0;0;3;4
23;2301;8;7;3;1;0;1;1;3;4
23;2301;8;7;8;2;0;1;1;1;5
23;2301;8;5;19;1;0;1;1;7;8
23;2301;8;5;20;1;0;0;0;3;4
18;1801;8;2;22;2;0;0;0;3;3
18;1801;8;2;19;1;0;0;0;4;4
13;1308;8;2;9;1;0;0;0;3;4
18;1801;8;3;10;2;1;0;1;4;6
13;1308;8;6;10;1;0;0;0;3;4
13;1309;8;5;10;1;0;0;0;5;4
18;1801;8;3;7;2;0;0;0;7;3
13;1308;8;4;15;1;0;0;0;5;4
13;1308;8;1;10;1;0;0;0;4;6
13;1308;8;1;10;1;0;0;0;7;4
13;1308;8;7;20;1;0;1;1;3;4
17;1701;8;1;13;2;0;0;0;3;1
17;1701;8;1;17;1;0;0;0;3;7
17;1701;8;1;18;1;0;0;0;7;2
17;1701;8;1;5;1;0;0;0;3;7
17;1701;8;2;20;1;0;0;0;3;1
17;1701;8;2;3;1;0;0;0;4;4
17;1701;8;2;22;1;0;0;0;3;4
17;1701;8;3;3;2;0;0;0;3;1
17;1701;8;3;13;1;0;0;0;3;2
17;1701;8;3;22;1;0;0;0;4;3
17;1701;8;4;7;1;0;3;3;3;7
17;1701;8;4;9;1;0;1;1;1;10
17;1701;8;4;23;2;0;0;0;3;1
17;1701;8;4;9;1;0;1;1;6;3
17;1701;8;5;4;1;0;2;2;3;1
17;1701;8;5;13;2;0;4;4;4;3
17;1701;8;5;21;1;0;0;0;8;1
17;1701;8;5;18;1;0;0;0;3;4
17;1701;8;5;22;1;0;4;4;8;1
17;1701;8;5;1;1;0;0;0;7;3
17;1701;8;5;11;1;0;1;1;8;4
17;1701;8;5;16;1;0;3;3;3;7
17;1701;8;6;1;1;0;1;1;7;4
17;1701;8;6;2;1;0;0;0;3;4
17;1701;8;6;17;2;0;0;0;4;3
17;1701;8;6;22;1;0;0;0;3;7
17;1701;8;6;4;2;0;0;0;7;4
17;1701;8;6;12;2;0;0;0;3;4
17;1701;8;6;16;1;0;1;1;3;4
17;1701;8;6;2;1;0;2;2;3;1
17;1701;8;6;3;2;0;1;1;3;1
17;1701;8;6;13;1;0;3;3;3;2
17;1701;8;6;23;1;0;1;1;3;4
17;1701;8;6;22;1;1;0;1;3;4
17;1701;8;6;0;2;0;1;1;6;2
17;1701;8;6;16;1;0;0;0;4;2
9;0907;8;4;16;1;0;0;0;3;4
9;0907;8;7;3;1;1;1;2;7;1
9;0907;8;2;8;1;0;1;1;3;7
9;0907;8;2;8;1;0;0;0;3;4
9;0907;8;2;11;1;0;0;0;3;4
9;0907;8;3;4;1;0;0;0;3;4
9;0907;8;5;4;1;0;0;0;7;4
9;0907;8;5;11;1;0;0;0;8;4
9;0907;8;6;4;1;0;1;1;4;4
13;1308;8;2;10;1;0;0;0;3;4
13;1308;8;3;15;1;0;0;0;3;4
11;1101;8;2;12;1;0;2;2;3;3
11;1101;8;2;16;1;0;0;0;3;7
11;1101;8;2;16;1;0;2;2;3;7
9;0907;8;2;17;1;0;0;0;3;2
11;1101;8;4;1;1;0;3;3;3;3
9;0912;8;2;19;1;0;1;1;3;4
9;0907;8;4;8;1;0;0;0;3;4
17;1701;8;7;1;2;1;0;1;4;4
17;1701;8;7;4;1;0;0;0;3;1
9;0907;8;4;20;1;0;0;0;3;7
17;1701;8;7;2;1;0;0;0;3;1
17;1701;8;7;0;1;0;0;0;4;4
17;1701;8;7;13;2;1;2;3;4;3
9;0910;8;7;23;1;0;0;0;7;4
17;1701;8;7;2;1;0;0;0;7;4
17;1701;8;7;8;1;0;2;2;3;9
17;1701;8;7;21;1;0;1;1;8;4
9;0907;8;3;8;1;0;0;0;3;4
17;1701;8;7;20;1;0;1;1;8;2
17;1701;8;1;9;1;0;1;1;3;7
17;1701;8;1;0;1;0;1;1;1;4
9;0907;8;3;22;1;0;0;0;3;4
17;1701;8;1;20;1;0;0;0;3;7
17;1701;8;1;18;1;0;1;1;1;5
9;0907;8;6;19;1;0;0;0;3;4
8;0801;8;5;1;2;1;0;1;3;3
10;1004;8;4;11;1;0;0;0;8;4
8;0801;8;5;18;1;0;1;1;3;3
10;1004;8;6;17;1;0;1;1;3;4
5;0501;8;5;17;1;1;0;1;4;5
5;0501;8;5;19;2;0;3;3;3;7
5;0501;8;6;6;2;1;0;1;1;3
5;0501;8;6;14;2;0;0;0;3;3
5;0501;8;7;3;2;0;0;0;3;3
5;0501;8;7;23;1;0;0;0;7;3
5;0501;8;7;20;1;0;1;1;1;3
12;1201;8;7;19;1;1;0;1;7;4
5;0501;8;2;15;2;0;0;0;3;3
8;0801;8;3;8;1;0;1;1;3;3
5;0501;8;2;23;2;0;0;0;7;1
12;1201;8;1;10;1;0;0;0;5;4
5;0501;8;3;18;1;0;0;0;7;1
12;1201;8;5;14;1;0;1;1;3;4
5;0501;8;4;10;2;0;3;3;3;3
8;0801;8;6;4;1;0;0;0;7;3
5;0501;8;5;20;1;0;0;0;1;3
5;0501;8;6;0;2;0;1;1;4;3
8;0801;8;6;17;1;0;0;0;3;7
5;0501;8;6;4;2;1;0;1;7;3
5;0501;8;6;23;1;1;0;1;7;3
8;0801;8;7;8;1;0;0;0;3;7
5;0501;8;7;2;2;0;0;0;7;3
5;0501;8;7;20;1;0;0;0;3;3
8;0805;8;6;9;2;1;1;2;3;3
8;0801;8;2;11;1;0;2;2;1;7
8;0801;8;2;7;1;0;0;0;3;4
9;0907;8;7;16;1;0;1;1;3;4
13;1308;8;5;10;1;0;1;1;6;4
13;1308;8;3;17;1;0;0;0;5;4
13;1308;8;3;16;1;0;1;1;1;4
13;1308;8;5;16;1;0;0;0;5;4
13;1308;8;7;20;1;0;0;0;5;4
13;1308;8;7;10;1;0;0;0;4;4
13;1308;8;6;15;1;0;0;0;4;4
13;1308;8;6;22;1;0;0;0;3;4
18;1801;8;5;0;1;0;0;0;5;1
18;1801;8;5;8;1;0;2;2;3;3
5;0506;8;1;12;2;0;0;0;3;3
5;0501;8;1;14;2;0;0;0;4;3
18;1801;8;5;10;1;0;1;1;1;3
5;0501;8;2;16;1;0;0;0;4;3
5;0501;8;2;9;1;0;0;0;3;3
18;1801;8;5;13;2;0;1;1;1;4
5;0501;8;3;16;1;0;0;0;4;4
13;1308;8;3;16;1;0;0;0;3;4
13;1308;8;3;16;1;0;0;0;3;4
13;1308;8;4;10;1;0;0;0;3;4
5;0501;8;4;17;1;0;0;0;7;3
5;0501;8;4;22;1;0;0;0;7;3
13;1308;8;5;5;1;0;0;0;4;4
5;0501;8;5;9;1;0;0;0;3;3
18;1801;8;5;22;1;0;1;1;1;5
13;1308;8;5;12;1;0;0;0;3;4
18;1801;8;6;0;1;1;0;1;7;3
13;1308;8;1;10;1;0;0;0;3;4
18;1801;8;6;12;2;0;1;1;3;4
5;0501;8;5;13;2;0;0;0;3;3
5;0501;8;5;23;1;0;0;0;4;3
5;0501;8;6;0;1;0;0;0;7;3
5;0501;8;6;7;1;1;0;1;1;3
18;1801;8;6;13;2;0;0;0;3;1
13;1308;8;1;12;1;0;0;0;3;4
13;1308;8;5;4;1;0;0;0;4;4
13;1301;8;4;11;1;0;0;0;1;5
13;1301;8;7;7;1;0;1;1;3;7
13;1301;8;7;21;1;0;2;2;3;3
5;0501;8;6;12;1;0;3;3;3;3
13;1301;8;1;21;1;0;0;0;3;4
5;0501;8;7;8;1;0;0;0;7;3
13;1301;8;2;10;1;0;0;0;3;3
1;0101;8;4;18;1;0;0;0;4;1
1;0101;8;6;13;2;0;3;3;7;1
13;1301;8;6;11;1;0;1;1;5;3
1;0101;8;6;11;1;0;1;1;1;4
5;0504;8;3;15;2;0;2;2;3;3
5;0501;8;7;23;1;0;0;0;7;3
5;0501;8;1;14;1;0;0;0;7;3
5;0501;8;2;10;1;0;0;0;3;3
5;0501;8;3;6;1;0;0;0;3;3
5;0501;8;3;21;1;0;0;0;3;1
1;0101;8;2;16;2;0;1;1;3;4
5;0501;8;4;10;2;0;0;0;3;3
1;0101;8;2;16;1;0;1;1;3;1
13;1308;8;4;7;1;0;1;1;4;3
5;0501;8;4;23;2;0;0;0;3;3
1;0101;8;3;6;1;0;0;0;4;1
10;1001;8;3;18;1;0;1;1;3;7
13;1308;8;7;21;1;0;0;0;3;4
10;1001;8;6;21;1;0;1;1;3;7
1;0101;8;3;11;1;0;1;1;3;1
5;0501;8;4;23;1;0;0;0;7;1
13;1308;8;4;8;1;0;0;0;8;4
5;0501;8;5;22;1;0;3;3;3;3
10;1001;8;7;7;1;0;1;1;3;7
12;1205;8;4;17;1;0;0;0;7;3
13;1308;8;2;15;1;0;0;0;8;4
1;0101;8;3;13;2;0;2;2;5;1
11;1101;8;4;14;1;0;0;0;3;4
13;1308;8;7;5;1;0;0;0;7;4
11;1101;8;5;0;1;0;0;0;3;1
13;1308;8;3;10;1;0;0;0;3;4
1;0101;8;3;14;1;0;0;0;3;4
12;1205;8;7;15;1;1;1;2;7;3
11;1101;8;7;3;2;0;1;1;7;1
1;0101;8;5;15;1;0;1;1;5;4
13;1308;8;3;8;1;0;1;1;3;4
11;1101;8;6;2;1;1;0;1;4;3
1;0101;8;3;15;1;0;2;2;3;7
11;1101;8;6;10;2;0;1;1;3;4
13;1308;8;1;14;1;0;0;0;3;4
1;0101;8;3;21;1;0;0;0;4;4
11;1101;8;1;15;1;0;1;1;7;9
13;1308;8;1;13;1;0;0;0;3;4
1;0101;8;3;20;1;0;1;1;1;1
13;1308;8;4;11;1;0;0;0;3;4
11;1101;8;1;16;1;0;0;0;8;6
1;0101;8;5;9;1;0;1;1;3;7
11;1101;8;2;19;1;0;2;2;1;5
1;0101;8;5;8;1;0;0;0;3;4
11;1101;8;3;21;1;0;2;2;3;4
1;0101;8;7;5;2;0;1;1;7;1
11;1101;8;6;3;1;0;1;1;3;4
12;1212;8;7;14;1;0;0;0;4;4
12;1205;8;6;13;1;0;2;2;3;3
11;1101;8;6;1;1;0;0;0;3;4
23;2301;8;6;3;1;0;0;0;4;3
1;0101;8;7;12;2;0;1;1;7;9
1;0101;8;1;1;1;0;0;0;7;1
12;1205;8;6;22;1;0;3;3;7;3
1;0101;8;7;18;1;0;5;5;3;7
1;0101;8;7;20;2;0;0;0;4;4
12;1205;8;2;20;1;0;1;1;3;3
12;1205;8;3;8;1;0;1;1;3;3
13;1308;8;3;20;1;0;0;0;4;4
13;1308;8;3;18;1;0;0;0;3;4
13;1308;8;5;12;1;0;0;0;3;4
13;1308;8;7;17;1;0;0;0;3;4
10;1001;8;3;4;2;0;0;0;3;7
10;1001;8;3;13;1;0;2;2;3;7
18;1801;8;4;21;1;0;0;0;4;3
10;1001;8;7;12;1;0;1;1;1;4
18;1801;8;5;8;1;0;0;0;3;1
18;1801;8;5;19;1;0;0;0;3;3
12;1205;8;2;16;1;0;1;1;3;3
10;1001;8;2;7;1;0;1;1;3;7
12;1205;8;2;18;1;0;0;0;3;3
11;1101;8;6;21;1;0;2;2;3;4
10;1001;8;2;17;1;0;1;1;7;3
12;1205;8;3;22;1;0;1;1;3;2
10;1001;8;6;9;1;0;1;1;3;7
10;1001;8;7;16;1;0;0;0;3;7
12;1212;8;4;1;1;0;0;0;3;2
10;1005;8;1;19;2;0;1;1;1;7
12;1205;8;5;16;1;0;0;0;3;2
11;1101;8;6;23;1;1;1;2;3;1
12;1205;8;7;6;1;1;0;1;7;2
1;0101;8;5;19;1;0;1;1;1;4
1;0101;8;6;14;1;0;1;1;3;1
12;1205;8;6;6;2;0;0;0;3;2
1;0101;8;5;18;1;0;1;1;4;4
23;2301;8;5;2;1;0;0;0;4;1
12;1205;8;7;21;1;0;1;1;5;9
23;2301;8;5;18;1;0;1;1;3;3
23;2301;8;5;13;1;0;0;0;1;3
23;2301;8;6;1;1;0;3;3;4;1
23;2301;8;5;20;1;0;1;1;3;9
12;1205;8;1;23;1;0;1;1;3;2
12;1205;8;1;19;2;0;1;1;3;2
12;1205;8;5;17;1;0;0;0;3;7
12;1205;8;4;17;1;0;1;1;3;3
12;1205;8;5;6;1;0;1;1;3;3
12;1205;8;6;19;1;0;0;0;3;2
12;1205;8;6;20;1;0;1;1;3;2
12;1205;8;6;23;1;0;0;0;3;2
17;1701;8;5;10;1;0;0;0;3;7
17;1701;8;3;7;1;0;0;0;8;4
17;1701;8;5;19;2;0;0;0;5;4
17;1701;8;4;7;2;0;0;0;3;7
23;2301;8;1;9;2;1;0;1;7;3
17;1701;8;2;10;1;0;0;0;8;4
17;1701;8;2;17;1;0;0;0;8;7
23;2301;8;2;9;2;0;1;1;7;3
17;1701;8;2;12;1;0;1;1;1;5
23;2301;8;4;21;2;0;1;1;7;3
17;1701;8;1;15;2;0;0;0;8;3
17;1701;8;2;18;1;0;2;2;1;5
17;1701;8;1;0;1;0;0;0;8;7
17;1701;8;1;10;2;0;0;0;3;2
17;1701;8;1;15;2;1;0;1;8;7
17;1701;8;3;12;2;0;0;0;3;4
23;2301;8;5;11;1;0;1;1;3;3
17;1701;8;3;20;1;1;0;1;8;6
13;1301;8;6;1;1;0;0;0;7;3
17;1701;8;2;17;1;0;1;1;2;5
17;1701;8;3;23;2;0;0;0;4;6
17;1701;8;2;22;1;0;0;0;3;7
17;1701;8;3;16;2;0;1;1;3;1
17;1701;8;2;22;1;0;0;0;3;1
17;1701;8;3;14;1;1;0;1;3;2
17;1701;8;2;22;1;0;1;1;3;4
17;1701;8;3;17;1;0;0;0;8;2
17;1701;8;2;19;1;0;1;1;3;7
23;2301;8;6;18;1;0;1;1;3;3
23;2301;8;4;6;1;2;0;2;7;3
23;2301;8;3;20;1;0;1;1;1;3
23;2301;8;4;18;1;0;0;0;5;3
23;2301;8;3;21;1;0;1;1;3;3
23;2301;8;3;21;1;0;1;1;3;3
23;2301;8;7;16;1;0;0;0;3;3
7;0701;8;5;15;1;0;0;0;3;3
7;0701;8;7;15;1;0;0;0;3;7
7;0701;8;1;10;1;1;0;1;1;3
7;0701;8;5;23;1;0;1;1;1;1
7;0701;8;3;20;1;0;1;1;3;1
7;0701;8;5;19;1;1;0;1;3;3
17;1701;8;4;23;1;0;1;1;1;4
17;1701;8;4;10;2;0;3;3;3;4
17;1701;8;4;8;1;0;2;2;3;7
17;1701;8;4;7;1;0;0;0;3;4
17;1701;8;4;7;2;0;0;0;3;4
17;1701;8;5;6;1;0;2;2;1;5
17;1701;8;6;2;1;0;1;1;8;4
17;1701;8;5;6;2;0;1;1;3;7
17;1701;8;6;7;2;0;1;1;1;5
17;1701;8;5;7;1;0;1;1;1;5
17;1701;8;5;18;1;0;0;0;3;1
17;1701;8;5;19;1;0;0;0;8;2
17;1701;8;5;20;1;0;1;1;1;4
17;1701;8;5;22;1;0;0;0;3;4
17;1701;8;6;12;1;1;0;1;8;2
17;1701;8;5;5;2;0;1;1;3;4
17;1701;8;6;14;1;0;1;1;3;1
17;1701;8;6;0;1;0;0;0;4;4
17;1701;8;6;2;1;0;1;1;3;7
17;1701;8;6;2;1;0;0;0;4;4
17;1701;8;6;2;1;0;0;0;7;3
17;1701;8;6;7;1;0;0;0;3;3
17;1701;8;6;23;2;0;2;2;7;4
17;1701;8;4;6;2;0;0;0;7;9
17;1701;8;4;23;1;0;0;0;4;3
17;1701;8;6;6;1;0;0;0;8;7
17;1701;8;5;7;1;0;0;0;8;7
17;1701;8;4;20;2;0;1;1;3;3
17;1701;8;6;7;1;0;0;0;4;2
17;1701;8;3;19;2;0;0;0;3;4
1;0101;8;4;22;1;0;1;1;7;1
7;0701;8;5;12;1;0;0;0;3;3
7;0701;8;7;4;1;0;0;0;4;3
1;0101;8;5;14;1;0;0;0;3;4
7;0701;8;6;21;1;1;0;1;6;3
1;0101;8;5;21;2;0;0;0;3;2
23;2301;8;3;7;1;0;2;2;3;3
23;2301;8;1;17;1;0;1;1;3;5
23;2301;8;7;14;1;0;1;1;3;3
9;0901;9;7;5;1;0;1;1;1;7
9;0901;9;7;2;1;0;3;3;3;7
9;0901;9;7;1;1;0;1;1;3;2
9;0901;9;7;1;1;0;2;2;1;3
9;0901;9;7;5;1;0;1;1;4;3
9;0901;9;7;7;1;0;1;1;1;5
9;0901;9;7;8;1;0;1;1;5;4
9;0901;9;7;7;1;0;1;1;7;3
9;0901;9;7;4;1;0;1;1;3;3
9;0901;9;7;13;1;0;0;0;5;3
9;0901;9;7;9;1;0;2;2;3;3
9;0901;9;7;10;1;0;1;1;1;5
9;0901;9;7;18;1;0;1;1;3;4
9;0901;9;7;17;1;0;1;1;7;2
9;0901;9;7;15;1;0;0;0;3;3
9;0901;9;7;21;1;0;1;1;3;1
9;0901;9;7;21;1;0;1;1;7;3
9;0901;9;1;8;1;0;1;1;1;3
9;0901;9;1;9;1;0;0;0;3;3
9;0901;9;1;9;1;0;3;3;3;7
9;0901;9;1;11;1;0;2;2;3;4
9;0901;9;1;15;1;0;3;3;3;7
9;0901;9;1;19;1;0;2;2;3;4
9;0901;9;1;17;1;0;1;1;3;4
9;0901;9;1;19;1;0;1;1;3;7
9;0901;9;1;22;1;0;1;1;3;7
9;0901;9;2;3;1;0;0;0;7;3
9;0901;9;2;7;1;0;1;1;3;4
9;0901;9;2;7;1;0;1;1;3;4
9;0901;9;2;8;1;0;1;1;3;3
9;0901;9;2;13;1;0;1;1;5;4
9;0901;9;2;18;1;0;1;1;1;3
9;0901;9;2;19;1;0;3;3;3;3
9;0901;9;2;19;1;0;2;2;3;3
9;0901;9;3;4;1;0;0;0;4;1
9;0901;9;3;4;1;0;1;1;3;4
9;0901;9;2;21;1;0;0;0;8;10
9;0901;9;3;11;1;0;1;1;1;3
9;0901;9;3;11;1;0;0;0;3;4
9;0901;9;3;14;1;0;1;1;1;3
9;0901;9;3;16;1;0;2;2;1;3
9;0901;9;3;15;1;0;0;0;4;7
9;0901;9;3;19;1;0;1;1;1;3
9;0901;9;3;21;1;0;1;1;1;3
9;0901;9;3;18;1;0;1;1;3;1
9;0901;9;4;1;1;0;1;1;7;3
9;0901;9;3;21;1;0;0;0;4;4
9;0901;9;4;9;1;0;1;1;1;3
9;0901;9;4;8;1;0;0;0;3;7
9;0901;9;4;11;1;0;1;1;5;4
9;0901;9;4;11;1;0;1;1;7;3
9;0901;9;4;11;1;0;1;1;3;7
9;0901;9;4;5;1;0;0;0;4;3
9;0901;9;4;18;1;0;1;1;1;5
9;0901;9;4;16;1;0;1;1;4;3
9;0901;9;4;22;1;0;1;1;1;3
9;0901;9;5;7;1;0;1;1;3;4
9;0901;9;4;21;1;0;1;1;1;5
9;0901;9;5;7;1;0;0;0;3;2
9;0901;9;5;13;1;0;0;0;8;10
9;0901;9;5;9;1;0;1;1;6;3
9;0901;9;5;17;1;0;1;1;5;3
9;0901;9;5;14;1;0;0;0;3;3
9;0901;9;5;12;1;0;2;2;3;3
9;0901;9;5;19;1;0;2;2;5;4
9;0901;9;5;21;1;0;1;1;7;4
9;0901;9;5;19;1;0;2;2;1;3
9;0901;9;5;20;1;0;0;0;4;3
9;0901;9;5;22;1;0;1;1;3;3
9;0901;9;5;23;1;1;0;1;3;3
9;0901;9;6;4;1;0;0;0;3;1
9;0901;9;6;4;1;0;0;0;4;3
9;0901;9;6;5;1;1;0;1;3;3
9;0901;9;5;21;1;0;1;1;7;6
9;0901;9;6;0;1;0;1;1;3;2
9;0901;9;6;5;1;0;1;1;7;3
9;0901;9;6;1;1;0;1;1;3;7
9;0901;9;6;0;1;0;2;2;7;3
9;0901;9;6;3;1;0;0;0;4;10
9;0901;9;6;2;1;0;1;1;7;6
9;0901;9;6;6;1;0;0;0;3;1
9;0901;9;6;2;1;0;0;0;4;3
9;0901;9;6;17;1;0;1;1;3;7
9;0901;9;6;9;1;0;0;0;3;7
9;0901;9;6;11;1;0;2;2;3;7
9;0901;9;6;19;1;0;1;1;3;2
9;0901;9;6;20;1;0;1;1;1;3
9;0901;9;6;17;1;0;2;2;6;3
9;0901;9;6;14;1;0;1;1;3;7
9;0901;9;6;19;1;0;1;1;7;4
9;0901;9;7;0;1;0;1;1;3;3
9;0901;9;6;23;1;0;0;0;4;1
9;0901;9;7;6;1;0;1;1;7;4
9;0901;9;7;1;1;0;0;0;3;3
9;0901;9;7;5;1;0;0;0;7;3
9;0901;9;6;23;1;0;2;2;3;7
9;0901;9;7;6;1;0;0;0;4;3
9;0901;9;7;8;1;0;1;1;1;3
9;0901;9;7;7;1;0;1;1;3;3
9;0901;9;7;8;1;1;0;1;3;7
9;0901;9;7;5;1;0;0;0;4;3
9;0901;9;7;19;1;0;2;2;1;4
9;0901;9;7;20;1;0;1;1;1;1
9;0901;9;7;20;1;0;0;0;7;3
9;0901;9;7;18;1;0;2;2;5;4
9;0901;9;1;3;1;0;0;0;7;3
9;0901;9;1;1;1;0;1;1;7;3
9;0901;9;1;8;1;0;1;1;3;7
9;0901;9;1;7;1;0;1;1;3;4
9;0901;9;1;10;1;0;1;1;3;3
9;0901;9;1;13;1;0;2;2;3;7
9;0901;9;1;14;1;0;0;0;3;7
9;0901;9;1;20;1;0;0;0;3;3
9;0901;9;1;20;1;0;1;1;3;3
9;0901;9;1;21;1;0;1;1;1;3
9;0901;9;2;0;1;0;2;2;3;3
9;0901;9;2;7;1;0;1;1;2;3
9;0901;9;2;7;1;0;0;0;4;6
9;0901;9;2;8;1;0;2;2;3;7
9;0901;9;2;10;1;0;2;2;3;7
9;0901;9;2;10;1;0;1;1;3;3
9;0901;9;2;10;1;0;1;1;3;2
9;0901;9;2;14;1;0;1;1;1;3
9;0901;9;2;7;1;0;4;4;3;7
9;0901;9;2;17;1;0;1;1;1;4
9;0901;9;2;15;1;0;2;2;3;3
9;0901;9;2;17;1;0;1;1;7;3
9;0901;9;2;18;1;0;1;1;7;3
9;0901;9;2;18;1;0;2;2;7;3
9;0901;9;2;16;1;0;2;2;3;3
9;0901;9;2;23;1;0;1;1;5;3
9;0901;9;2;16;1;0;1;1;3;4
9;0901;9;3;8;1;0;1;1;1;4
9;0901;9;3;13;1;0;3;3;7;6
9;0901;9;3;13;1;0;1;1;3;2
9;0901;9;3;15;1;0;2;2;1;3
9;0901;9;3;16;1;0;1;1;7;3
9;0901;9;3;17;1;0;1;1;3;2
9;0901;9;3;18;1;0;1;1;4;9
9;0901;9;3;23;1;1;0;1;3;3
9;0901;9;4;0;1;0;1;1;3;3
9;0901;9;3;22;1;0;2;2;3;3
9;0901;9;4;0;1;1;0;1;3;3
9;0901;9;4;8;1;0;2;2;3;7
9;0901;9;4;9;1;0;1;1;3;4
9;0901;9;4;13;1;1;1;2;1;5
9;0901;9;4;14;1;0;2;2;3;7
9;0901;9;4;20;1;0;1;1;3;7
9;0901;9;4;20;1;0;1;1;1;5
9;0901;9;4;17;1;0;2;2;3;4
9;0901;9;4;21;1;0;1;1;4;3
9;0901;9;5;1;1;0;1;1;7;2
9;0901;9;5;6;1;1;0;1;6;6
9;0901;9;5;3;1;0;0;0;3;3
9;0901;9;5;1;1;0;1;1;1;1
9;0901;9;4;23;1;0;3;3;3;3
9;0901;9;5;7;1;0;1;1;4;3
9;0901;9;5;10;1;0;2;2;3;7
9;0901;9;5;12;1;1;0;1;3;3
9;0901;9;5;12;1;0;4;4;3;3
9;0901;9;5;16;1;0;1;1;1;3
9;0901;9;5;18;1;0;1;1;3;3
9;0901;9;5;20;1;0;1;1;1;3
9;0901;9;5;18;1;0;1;1;3;3
9;0901;9;5;19;1;0;0;0;4;4
9;0901;9;5;22;1;1;0;1;1;3
9;0901;9;6;0;1;0;1;1;3;7
9;0901;9;6;3;1;0;1;1;1;3
9;0901;9;5;20;1;0;0;0;3;4
9;0901;9;6;5;1;1;0;1;4;3
9;0901;9;6;4;1;0;1;1;4;4
9;0901;9;6;4;1;0;1;1;7;3
9;0901;9;6;12;1;1;0;1;4;3
9;0901;9;6;15;1;0;1;1;1;4
9;0901;9;6;7;1;0;1;1;7;3
9;0901;9;6;17;1;0;1;1;3;3
9;0901;9;6;14;1;0;1;1;3;7
9;0901;9;6;17;1;0;1;1;7;3
9;0901;9;6;13;1;0;1;1;3;10
9;0901;9;6;19;1;0;1;1;7;3
9;0901;9;6;13;1;0;1;1;5;3
9;0901;9;6;19;1;0;0;0;3;3
9;0901;9;6;20;1;0;0;0;5;1
9;0901;9;6;21;1;0;1;1;7;3
9;0901;9;6;20;1;0;1;1;4;3
9;0901;9;6;20;1;0;3;3;4;1
9;0901;9;6;21;1;0;1;1;7;3
9;0901;9;6;17;1;0;2;2;4;3
9;0901;9;6;20;1;0;0;0;7;3
9;0901;9;7;5;1;0;1;1;1;3
9;0901;9;7;5;1;0;2;2;1;3
9;0901;9;7;3;1;0;1;1;3;4
9;0901;9;7;6;1;1;0;1;7;3
9;0901;9;7;8;1;0;1;1;7;3
9;0901;9;6;22;1;0;1;1;3;3
9;0901;9;7;6;1;0;2;2;3;4
9;0901;9;7;7;1;0;1;1;3;3
9;0901;9;7;1;1;0;1;1;6;3
9;0901;9;7;6;1;0;1;1;3;7
9;0901;9;7;6;1;0;1;1;3;7
9;0901;9;7;3;1;0;0;0;7;3
9;0901;9;7;14;1;0;1;1;3;3
9;0901;9;7;11;1;0;1;1;7;3
9;0901;9;7;13;1;0;3;3;3;3
9;0901;9;7;16;1;0;1;1;1;3
9;0901;9;7;19;1;0;1;1;7;3
9;0901;9;7;20;1;0;0;0;3;3
9;0901;9;7;19;1;0;1;1;1;3
9;0901;9;7;21;1;0;1;1;3;3
9;0901;9;7;23;1;0;1;1;7;3
9;0901;9;7;15;1;0;1;1;7;7
9;0901;9;7;22;1;0;2;2;3;7
9;0901;9;1;6;1;0;1;1;2;5
9;0901;9;1;7;1;0;1;1;1;3
9;0901;9;1;5;1;0;1;1;5;1
9;0901;9;1;10;1;0;2;2;3;4
9;0901;9;7;23;1;0;0;0;7;3
9;0901;9;1;12;1;0;1;1;4;3
9;0901;9;1;14;1;1;0;1;1;3
9;0901;9;1;16;1;0;0;0;8;10
9;0901;9;2;7;1;0;0;0;7;3
9;0901;9;2;7;1;0;1;1;1;4
9;0901;9;2;12;1;0;1;1;7;3
9;0901;9;2;13;1;0;1;1;3;3
9;0901;9;2;13;1;0;0;0;3;4
9;0901;9;2;14;1;0;1;1;1;5
9;0901;9;2;16;1;0;1;1;3;7
9;0901;9;2;14;1;0;0;0;5;4
9;0901;9;2;15;1;0;1;1;7;3
9;0901;9;2;15;1;0;2;2;3;3
9;0901;9;2;20;1;0;1;1;3;7
9;0901;9;2;21;1;0;1;1;7;1
9;0901;9;2;20;1;0;0;0;7;9
9;0901;9;2;22;1;0;0;0;4;10
9;0901;9;3;2;1;0;1;1;6;3
9;0901;9;3;5;1;0;0;0;4;3
9;0901;9;3;9;1;0;1;1;3;4
9;0901;9;3;8;1;0;2;2;3;2
9;0901;9;3;11;1;0;3;3;3;7
9;0901;9;3;16;1;0;3;3;1;3
9;0901;9;3;15;1;0;0;0;8;3
9;0901;9;4;6;1;0;2;2;7;3
9;0901;9;4;9;1;0;0;0;3;3
9;0901;9;4;9;1;0;1;1;3;3
9;0901;9;4;16;1;0;1;1;1;4
9;0901;9;4;12;1;0;1;1;1;4
9;0901;9;4;18;1;0;1;1;1;4
9;0901;9;4;21;1;0;4;4;7;10
9;0901;9;4;20;1;0;1;1;1;4
9;0901;9;5;2;1;0;3;3;3;7
9;0901;9;5;7;1;0;1;1;3;4
9;0901;9;5;10;1;0;0;0;3;4
9;0901;9;5;12;1;0;2;2;3;4
9;0901;9;5;14;1;0;1;1;7;3
9;0901;9;5;16;1;0;1;1;5;3
9;0901;9;5;18;1;0;1;1;7;3
9;0901;9;5;21;1;0;1;1;1;3
9;0901;9;5;20;1;0;1;1;5;4
9;0901;9;5;20;1;0;0;0;4;3
9;0901;9;5;22;1;0;0;0;3;3
9;0901;9;5;23;1;0;1;1;7;3
9;0901;9;6;8;1;0;2;2;7;3
9;0901;9;6;8;1;0;1;1;7;3
9;0901;9;6;14;1;0;1;1;3;7
9;0901;9;6;16;1;0;1;1;1;3
9;0901;9;6;19;1;0;1;1;7;3
9;0901;9;6;19;1;0;0;0;4;3
9;0901;9;6;18;1;0;0;0;3;7
9;0901;9;6;19;1;0;2;2;1;3
9;0901;9;6;16;1;2;6;8;3;3
9;0901;9;6;21;1;0;1;1;1;7
9;0901;9;6;23;1;0;1;1;7;3
9;0901;9;6;22;1;0;2;2;3;7
9;0901;9;7;2;1;0;2;2;3;1
9;0901;9;7;6;1;1;0;1;7;3
9;0901;9;7;3;1;0;1;1;4;1
9;0901;9;6;23;1;0;0;0;7;1
9;0901;9;7;1;1;0;1;1;4;10
9;0901;9;7;5;1;0;1;1;1;3
9;0901;9;7;13;1;0;1;1;1;3
9;0901;9;7;4;1;0;0;0;3;1
9;0901;9;7;6;1;0;1;1;3;3
9;0901;9;7;7;1;0;2;2;7;3
9;0901;9;6;19;1;0;1;1;1;3
9;0901;9;7;7;1;0;0;0;7;3
9;0901;9;7;9;1;0;2;2;3;10
9;0901;9;7;18;1;1;0;1;7;3
9;0901;9;7;18;1;0;0;0;4;3
9;0901;9;7;19;1;0;2;2;3;4
9;0901;9;1;7;1;0;1;1;3;3
9;0901;9;1;9;1;0;0;0;3;3
9;0901;9;1;12;1;0;1;1;1;3
9;0901;9;1;15;1;0;0;0;3;3
9;0901;9;1;17;1;0;1;1;3;3
9;0901;9;1;18;1;0;2;2;7;3
9;0901;9;1;11;1;0;0;0;3;7
9;0901;9;1;23;1;1;1;2;7;6
9;0901;9;1;21;1;0;2;2;1;7
9;0901;9;1;21;1;0;1;1;3;3
9;0901;9;1;17;1;0;1;1;3;4
9;0901;9;2;7;1;0;1;1;7;4
9;0901;9;2;5;1;1;1;2;1;3
9;0901;9;2;9;1;0;1;1;3;3
9;0901;9;2;9;1;0;4;4;3;7
9;0901;9;2;11;1;0;0;0;3;7
9;0901;9;2;17;1;0;1;1;1;5
9;0901;9;2;17;1;0;2;2;3;7
9;0901;9;2;15;1;1;0;1;4;3
9;0901;9;2;14;1;0;3;3;3;4
9;0901;9;2;17;1;0;2;2;3;7
9;0901;9;2;17;1;0;0;0;3;3
9;0901;9;3;6;1;0;2;2;7;3
9;0901;9;3;8;1;0;1;1;3;3
9;0901;9;3;8;1;0;0;0;3;3
9;0901;9;3;7;1;0;0;0;3;3
9;0901;9;3;13;1;0;2;2;3;3
9;0901;9;3;11;1;0;1;1;3;3
9;0901;9;3;11;1;1;0;1;3;7
9;0901;9;3;17;1;0;1;1;3;7
9;0901;9;3;20;1;0;1;1;4;9
9;0901;9;3;18;1;1;0;1;4;3
9;0901;9;3;21;1;0;1;1;1;4
9;0901;9;4;8;1;0;1;1;7;3
9;0901;9;4;15;1;0;1;1;1;3
9;0901;9;4;16;1;0;1;1;3;3
9;0901;9;4;17;1;0;1;1;1;3
9;0901;9;4;21;1;0;1;1;7;3
9;0901;9;4;20;1;0;1;1;3;3
9;0901;9;4;22;1;0;0;0;7;3
9;0901;9;4;21;1;0;1;1;3;3
9;0901;9;4;20;1;0;2;2;1;5
9;0901;9;4;22;1;0;1;1;3;7
9;0901;9;5;8;1;0;1;1;6;3
9;0901;9;5;12;1;0;1;1;5;4
9;0901;9;5;7;1;0;1;1;1;4
9;0901;9;5;14;1;0;3;3;1;4
9;0901;9;5;11;1;0;4;4;3;2
9;0901;9;5;16;1;0;1;1;3;7
9;0901;9;5;17;1;0;2;2;3;4
9;0901;9;5;15;1;0;1;1;1;3
9;0901;9;5;23;1;0;1;1;7;3
9;0901;9;6;0;1;0;1;1;7;3
9;0901;9;6;0;1;0;1;1;7;3
9;0901;9;5;21;1;0;2;2;4;1
9;0901;9;6;4;1;0;1;1;1;3
9;0901;9;6;4;1;0;0;0;4;3
9;0901;9;6;9;1;0;1;1;3;3
9;0901;9;6;12;1;0;1;1;1;3
9;0901;9;6;11;1;1;0;1;7;3
9;0901;9;6;16;1;0;1;1;1;3
9;0901;9;6;16;1;0;2;2;7;3
9;0901;9;6;20;1;0;0;0;3;3
9;0901;9;6;22;1;0;3;3;3;7
9;0901;9;6;22;1;0;1;1;1;3
9;0901;9;7;0;1;0;1;1;4;3
9;0901;9;7;3;1;0;1;1;7;3
9;0901;9;7;5;1;1;0;1;4;3
9;0901;9;7;5;1;0;0;0;4;1
9;0901;9;6;18;1;0;1;1;7;3
9;0901;9;7;7;1;0;1;1;3;4
9;0901;9;7;6;1;0;1;1;4;3
9;0901;9;6;21;1;0;0;0;3;7
9;0901;9;7;3;1;0;0;0;3;3
9;0901;9;7;10;1;0;2;2;3;7
9;0901;9;7;13;1;0;0;0;3;7
9;0901;9;7;14;1;0;1;1;2;4
9;0901;9;7;18;1;0;1;1;1;4
9;0901;9;7;18;1;0;1;1;6;3
9;0901;9;7;13;1;0;2;2;3;4
9;0901;9;7;16;1;0;1;1;1;5
9;0901;9;7;17;1;0;1;1;2;4
9;0901;9;7;19;1;0;0;0;5;1
9;0901;9;7;20;1;0;1;1;1;5
9;0901;9;7;20;1;0;1;1;3;3
9;0901;9;7;16;1;0;0;0;3;10
9;0901;9;1;0;1;0;2;2;3;7
9;0901;9;1;7;1;0;1;1;7;6
9;0901;9;7;20;1;0;1;1;4;3
9;0901;9;1;8;1;0;1;1;1;3
9;0901;9;1;6;1;0;3;3;7;7
9;0901;9;1;8;1;0;3;3;3;7
9;0901;9;1;12;1;0;0;0;3;3
9;0901;9;1;20;1;0;1;1;1;3
9;0901;9;1;19;1;0;2;2;3;3
9;0901;9;1;21;1;0;4;4;4;3
9;0907;9;7;7;2;0;1;1;7;4
9;0928;9;7;4;2;1;0;1;7;4
24;2401;9;7;5;2;0;0;0;4;4
9;0920;9;7;1;2;0;2;2;3;4
12;1207;9;7;11;1;0;1;1;7;4
13;1309;9;7;1;2;0;1;1;4;4
9;0909;9;7;7;1;0;1;1;7;4
9;0906;9;7;7;2;0;2;2;7;4
9;0901;9;7;2;2;0;0;0;7;4
9;0901;9;7;5;2;0;0;0;4;4
9;0916;9;7;5;1;0;0;0;4;4
1;0101;9;7;9;2;0;1;1;3;7
9;0904;9;7;12;2;1;0;1;7;4
9;0920;9;7;16;1;0;1;1;6;4
2;0206;9;7;21;1;0;4;4;7;4
9;0916;9;7;17;2;0;1;1;3;4
9;0910;9;1;2;2;0;0;0;7;4
9;0909;9;1;1;2;1;0;1;4;4
9;0912;9;7;17;2;0;2;2;7;4
12;1207;9;7;19;1;0;3;3;5;4
9;0922;9;7;19;1;0;1;1;2;5
9;0921;9;7;7;2;0;1;1;2;5
9;0906;9;7;17;2;0;1;1;1;4
24;2401;9;7;14;2;0;5;5;5;4
13;1310;9;7;19;2;0;0;0;5;4
1;0103;9;7;23;2;0;0;0;3;7
9;0921;9;1;4;2;0;0;0;7;4
13;1309;9;7;19;2;0;2;2;3;7
9;0906;9;7;19;2;0;2;2;1;4
7;0710;9;7;20;2;0;0;0;7;4
24;2403;9;7;23;1;0;1;1;3;7
9;0906;9;7;22;2;0;3;3;4;4
9;0916;9;1;14;1;0;0;0;1;4
1;0101;9;1;11;2;0;0;0;8;10
9;0906;9;1;8;2;0;1;1;1;4
9;0907;9;1;11;2;0;1;1;3;7
24;2403;9;1;10;1;0;1;1;3;7
13;1309;9;1;10;2;0;0;0;3;4
13;1301;9;1;19;2;0;1;1;3;7
9;0908;9;7;17;1;0;1;1;3;7
9;0909;9;1;19;2;0;0;0;3;4
9;0904;9;1;20;1;0;1;1;5;4
9;0916;9;2;7;2;0;1;1;4;4
1;0105;9;1;14;2;0;1;1;3;7
9;0911;9;1;5;2;1;0;1;7;4
9;0919;9;2;7;2;0;1;1;1;4
9;0906;9;1;0;2;0;0;0;4;4
9;0907;9;2;13;2;0;0;0;3;4
24;2402;9;1;23;1;0;1;1;2;5
24;2402;9;2;16;1;0;1;1;3;7
9;0920;9;2;11;2;0;1;1;7;4
17;1703;9;2;14;2;0;3;3;3;7
24;2402;9;3;6;1;1;1;2;3;7
1;0101;9;3;0;2;0;0;0;7;4
7;0706;9;2;19;2;0;2;2;3;4
1;0101;9;3;5;2;0;0;0;4;4
12;1201;9;3;7;2;0;1;1;3;4
7;0709;9;2;19;2;0;1;1;3;7
7;0710;9;2;14;2;0;0;0;7;4
7;0706;9;1;20;2;0;0;0;4;4
9;0907;9;3;16;2;0;2;2;1;4
9;0902;9;3;11;2;1;0;1;6;4
9;0906;9;3;16;2;0;2;2;3;7
7;0702;9;3;18;2;0;1;1;7;4
9;0909;9;3;16;1;0;1;1;3;7
9;0925;9;3;21;2;0;1;1;7;4
24;2401;9;3;1;2;1;0;1;7;4
17;1703;9;3;21;2;0;0;0;7;4
9;0906;9;3;20;1;0;0;0;5;4
1;0101;9;3;22;2;0;1;1;3;4
24;2402;9;3;14;1;0;2;2;3;7
9;0906;9;3;13;2;1;0;1;4;4
9;0906;9;4;7;2;0;0;0;3;4
17;1703;9;4;3;2;0;0;0;3;4
9;0916;9;4;6;2;0;1;1;3;4
24;2402;9;4;10;2;0;2;2;4;4
24;2401;9;4;7;1;0;1;1;3;7
9;0920;9;4;6;2;0;2;2;3;4
24;2402;9;4;14;1;0;1;1;3;7
9;0910;9;4;23;2;0;1;1;8;10
12;1207;9;4;22;2;0;0;0;7;4
9;0907;9;4;20;2;0;2;2;3;7
24;2401;9;4;18;2;0;1;1;6;4
9;0925;9;4;22;2;1;0;1;3;7
24;2401;9;4;19;2;1;1;2;3;7
13;1312;9;4;20;2;0;0;0;3;7
24;2403;9;4;22;1;0;2;2;3;7
9;0920;9;5;9;1;0;1;1;1;4
9;0921;9;5;13;2;0;3;3;3;4
9;0920;9;5;14;2;0;1;1;8;10
9;0912;9;5;13;1;0;2;2;3;4
24;2403;9;5;10;1;0;0;0;3;7
9;0908;9;5;10;2;0;1;1;3;7
9;0906;9;5;20;2;0;2;2;1;4
13;1301;9;5;13;2;0;1;1;1;4
9;0911;9;5;16;1;0;0;0;5;4
9;0924;9;5;13;2;0;1;1;3;7
9;0906;9;6;8;2;0;1;1;4;4
9;0911;9;5;19;2;0;2;2;3;7
24;2402;9;6;7;1;0;1;1;3;7
9;0912;9;6;5;2;1;0;1;3;7
12;1207;9;5;23;1;0;0;0;4;4
9;0922;9;6;19;2;0;1;1;7;4
9;0906;9;7;4;2;0;1;1;7;4
13;1309;9;6;22;2;0;1;1;2;5
17;1703;9;6;18;2;0;0;0;8;10
9;0923;9;6;16;2;0;2;2;3;4
24;2401;9;7;7;2;1;0;1;7;4
13;1309;9;6;14;2;0;1;1;2;5
12;1207;9;7;8;1;0;1;1;8;10
9;0925;9;5;13;2;0;1;1;3;7
12;9008;9;7;2;2;0;1;1;7;4
9;0920;9;7;9;2;1;0;1;3;4
17;1703;9;6;22;2;0;1;1;4;4
24;2401;9;7;8;1;0;1;1;8;10
9;0908;9;6;13;2;0;1;1;1;4
13;1312;9;6;22;2;0;1;1;7;4
9;0906;9;7;20;1;0;1;1;3;7
1;0101;9;7;5;2;0;1;1;3;7
12;1207;9;7;20;1;3;4;7;1;4
9;0906;9;7;11;1;0;1;1;4;4
1;0106;9;7;18;2;0;0;0;5;4
9;0912;9;1;6;2;0;2;2;3;4
13;1301;9;7;23;2;0;1;1;7;4
12;1208;9;7;18;1;0;0;0;7;4
9;0909;9;7;23;2;1;0;1;4;4
9;0911;9;6;10;2;0;1;1;3;4
9;0906;9;7;14;1;0;1;1;7;4
7;0710;9;6;23;2;0;2;2;7;4
24;2401;9;7;16;2;0;1;1;1;4
9;0908;9;7;17;2;0;1;1;3;7
7;0701;9;1;13;2;0;4;4;7;4
9;0920;9;1;14;2;0;2;2;3;7
7;0712;9;7;21;2;0;0;0;7;4
17;1703;9;1;19;2;0;1;1;7;4
7;0709;9;7;0;2;0;0;0;7;4
9;0901;9;1;20;2;0;1;1;6;4
12;1207;9;1;13;1;0;0;0;3;7
7;0709;9;7;0;2;0;2;2;3;7
9;0904;9;7;21;1;0;0;0;3;7
1;0115;9;1;22;2;0;1;1;3;4
9;0906;9;2;8;2;0;3;3;3;7
9;0909;9;1;21;2;0;1;1;1;4
1;0115;9;2;15;2;0;1;1;6;4
2;0207;9;2;14;1;1;0;1;7;4
9;0906;9;3;3;2;0;3;3;1;4
9;0916;9;2;18;2;0;1;1;4;4
9;0906;9;2;19;2;1;2;3;1;4
9;0906;9;2;14;2;0;0;0;1;4
9;0913;9;1;14;2;0;1;1;7;4
9;0909;9;2;20;2;0;1;1;3;7
7;0709;9;3;7;2;2;1;3;3;7
9;0908;9;2;15;2;0;0;0;3;7
9;0918;9;3;13;2;0;1;1;1;4
9;0904;9;2;15;2;0;1;1;7;4
9;0920;9;3;6;2;0;1;1;1;4
9;0920;9;3;10;2;0;1;1;7;4
9;0906;9;3;12;1;0;5;5;5;4
9;0911;9;3;8;2;0;1;1;4;4
17;1703;9;3;22;2;0;0;0;7;4
1;0104;9;3;20;2;0;0;0;7;4
9;0909;9;4;6;2;0;0;0;7;4
9;0909;9;3;16;1;0;0;0;1;4
9;0927;9;4;4;2;0;1;1;7;4
9;0907;9;6;9;2;0;1;1;3;7
9;0904;9;4;4;2;0;1;1;7;4
13;1306;9;3;20;2;0;12;12;7;4
24;2402;9;4;13;2;0;1;1;7;4
9;0920;9;4;12;2;0;1;1;3;7
13;1309;9;5;1;2;0;0;0;7;4
9;0906;9;5;1;2;0;0;0;4;4
12;9008;9;4;18;1;0;0;0;3;7
9;0908;9;4;19;2;0;2;2;3;7
9;0919;9;4;19;2;0;1;1;1;4
9;0906;9;4;19;1;0;1;1;3;7
13;1312;9;5;6;2;0;1;1;6;4
9;0920;9;5;7;2;0;1;1;3;7
9;0909;9;5;7;2;0;1;1;1;4
9;0907;9;5;10;2;1;0;1;3;7
13;1321;9;5;11;2;1;0;1;3;7
12;1208;9;5;11;2;0;1;1;5;4
9;0909;9;5;6;2;0;0;0;5;4
9;0916;9;5;13;1;0;3;3;3;4
9;0909;9;6;2;2;0;1;1;4;4
12;1207;9;5;15;1;0;1;1;1;4
9;0912;9;6;4;2;0;1;1;8;10
9;0906;9;5;17;2;0;1;1;3;4
12;1203;9;4;18;2;0;3;3;3;4
9;0908;9;6;2;2;0;0;0;3;4
9;0923;9;6;6;2;1;0;1;7;4
12;1207;9;6;2;1;0;0;0;1;4
1;0103;9;5;14;2;0;2;2;3;4
9;0916;9;5;17;1;0;0;0;2;5
24;2402;9;6;2;1;0;1;1;4;4
9;0916;9;6;2;1;0;0;0;4;4
24;2403;9;5;23;2;0;0;0;3;7
24;2401;9;6;19;1;0;1;1;3;7
9;0920;9;6;23;2;0;1;1;1;4
7;0710;9;6;4;2;1;0;1;4;4
9;0910;9;7;0;2;0;0;0;3;7
9;0910;9;7;6;2;1;0;1;7;4
12;1207;9;6;21;1;0;1;1;1;4
13;1315;9;6;20;2;0;2;2;1;4
7;0712;9;7;4;2;0;2;2;7;4
9;0924;9;6;21;2;0;0;0;7;4
24;2401;9;7;6;2;0;5;5;7;4
12;1208;9;7;8;1;0;2;2;7;4
2;0207;9;7;1;1;0;1;1;7;4
12;1207;9;6;23;2;0;2;2;1;4
9;0901;9;5;16;2;0;1;1;1;4
13;1306;9;7;7;2;0;1;1;3;7
9;0906;9;6;22;1;0;7;7;7;4
7;0701;9;7;6;2;0;1;1;5;4
9;0906;9;7;1;2;0;1;1;4;4
9;0906;9;6;19;2;0;1;1;5;4
24;2401;9;7;4;2;0;1;1;7;4
9;0906;9;6;17;2;0;2;2;7;4
12;1203;9;7;0;2;0;1;1;7;4
12;1207;9;7;17;1;0;0;0;3;7
12;1207;9;7;14;2;0;1;1;4;4
9;0912;9;7;16;2;0;0;0;1;4
9;0910;9;7;15;2;0;1;1;5;4
9;0912;9;7;19;2;1;1;2;6;4
12;1207;9;7;17;2;1;0;1;3;7
17;1703;9;7;18;2;0;2;2;3;7
9;0920;9;7;19;2;0;0;0;3;7
12;1204;9;7;15;2;1;1;2;3;7
23;2301;9;7;19;2;0;2;2;3;7
9;0920;9;7;18;2;1;0;1;2;5
9;0906;9;7;15;1;0;1;1;1;4
9;0906;9;7;17;2;0;1;1;4;4
9;0906;9;7;15;2;0;2;2;3;4
9;0916;9;1;3;2;0;1;1;3;7
9;0904;9;7;16;2;0;1;1;3;4
24;2402;9;7;18;1;0;0;0;1;4
17;1703;9;1;4;2;0;1;1;7;4
7;0710;9;7;23;2;0;0;0;4;4
9;0901;9;1;6;2;0;1;1;3;7
2;0206;9;1;1;1;0;2;2;7;4
24;2401;9;1;11;2;0;1;1;5;4
9;0920;9;1;12;2;0;4;4;7;4
2;0206;9;5;21;1;0;1;1;7;4
9;0908;9;1;0;2;0;0;0;1;4
2;0206;9;1;13;1;0;1;1;1;4
9;0920;9;1;18;2;0;2;2;3;7
9;0912;9;1;16;1;0;1;1;3;7
9;0914;9;2;7;2;0;1;1;3;7
1;0101;9;1;22;2;0;2;2;7;4
13;1301;9;1;17;2;0;0;0;3;7
9;0919;9;2;9;2;0;1;1;7;4
9;0906;9;2;14;1;0;1;1;1;4
9;0907;9;2;16;2;0;1;1;3;4
9;0916;9;3;2;2;0;0;0;4;4
9;0908;9;2;18;2;0;0;0;3;7
13;1301;9;2;17;2;0;2;2;3;7
17;1703;9;2;21;2;0;1;1;7;4
9;0916;9;3;11;2;0;0;0;4;4
13;1314;9;3;15;2;0;1;1;3;7
9;0912;9;3;18;1;0;1;1;3;7
17;1703;9;3;13;2;0;4;4;7;4
9;0907;9;4;7;2;0;0;0;3;4
13;1309;9;3;22;2;0;1;1;4;4
9;0916;9;4;8;1;0;0;0;1;4
9;0916;9;4;8;1;0;2;2;1;4
9;0906;9;4;11;1;0;1;1;1;4
9;0921;9;4;14;2;0;1;1;3;7
12;1207;9;4;12;1;0;2;2;3;7
9;0910;9;4;15;1;0;1;1;1;4
17;1703;9;4;21;2;0;1;1;2;5
13;1315;9;4;19;2;0;1;1;3;4
9;0912;9;5;6;2;0;2;2;8;10
9;0923;9;4;20;2;0;1;1;4;4
13;1309;9;5;8;2;0;1;1;3;7
13;1321;9;5;14;2;0;0;0;3;7
9;0906;9;5;16;2;0;0;0;3;7
12;1207;9;5;22;1;0;1;1;1;4
1;0101;9;6;6;2;0;1;1;3;7
17;1703;9;5;21;2;0;0;0;3;7
9;0916;9;6;3;2;0;3;3;3;7
9;0909;9;5;13;2;0;1;1;5;4
7;0710;9;5;16;2;0;1;1;7;4
12;1203;9;5;16;2;0;0;0;3;7
9;0918;9;5;17;2;0;1;1;7;4
13;1301;9;6;11;2;0;1;1;3;4
17;1703;9;6;0;2;0;0;0;5;4
24;2401;9;6;15;2;0;0;0;3;7
9;0920;9;6;15;2;0;1;1;4;4
12;1208;9;6;16;1;0;1;1;3;7
7;0704;9;6;6;2;0;3;3;7;4
9;0906;9;6;16;2;0;1;1;3;4
9;0901;9;6;16;2;0;0;0;3;4
24;2403;9;6;10;1;0;3;3;3;7
13;1319;9;6;21;2;0;3;3;3;7
12;1207;9;7;3;2;0;2;2;6;4
9;0916;9;7;6;1;0;1;1;7;4
9;0905;9;5;9;2;0;0;0;1;4
12;1208;9;6;17;1;0;1;1;1;4
24;2401;9;7;8;1;0;1;1;3;4
7;0709;9;6;20;2;0;1;1;3;7
7;0701;9;5;22;2;1;0;1;7;4
12;1208;9;7;1;1;0;0;0;7;4
24;2401;9;7;6;2;0;1;1;3;7
9;0922;9;7;11;1;0;1;1;5;4
9;0920;9;7;13;2;0;0;0;3;7
9;0906;9;7;12;1;0;1;1;3;7
24;2402;9;7;12;1;0;1;1;3;7
12;1208;9;7;5;2;0;0;0;1;4
9;0908;9;6;17;2;0;1;1;3;7
9;0906;9;6;15;2;0;1;1;3;7
9;0924;9;7;20;2;0;0;0;3;4
9;0920;9;7;20;1;0;5;5;7;4
1;0105;9;7;2;2;0;2;2;7;4
24;2402;9;6;16;1;0;1;1;3;7
24;2402;9;1;0;1;0;0;0;3;7
1;0102;9;7;10;2;0;0;0;7;4
9;0919;9;7;7;1;1;0;1;7;4
24;2401;9;1;6;2;0;1;1;1;4
17;1703;9;7;21;2;0;0;0;7;4
23;2301;9;6;14;2;1;0;1;3;4
23;2301;9;3;22;2;0;2;2;3;7
23;2301;9;6;5;2;1;0;1;7;4
23;2301;9;7;14;2;0;1;1;3;4
9;0907;9;1;11;2;0;2;2;1;4
12;1208;9;7;15;1;0;2;2;3;7
12;1208;9;7;20;2;1;0;1;1;4
12;1208;9;1;10;1;0;1;1;1;4
7;0712;9;7;19;2;0;1;1;4;4
13;1301;9;1;15;2;0;2;2;3;4
13;1301;9;1;17;2;0;2;2;3;4
9;0920;9;1;18;2;0;1;1;3;7
1;0101;9;1;11;2;0;1;1;7;4
12;1208;9;1;17;1;0;4;4;4;4
12;1203;9;1;19;2;0;1;1;1;4
23;2302;9;2;7;2;0;2;2;1;4
23;2302;9;1;20;1;0;2;2;3;7
23;2301;9;7;0;2;0;1;1;2;5
23;2301;9;5;17;2;2;0;2;3;7
7;0712;9;1;17;2;0;1;1;3;7
1;0101;9;1;14;2;0;1;1;7;4
7;0701;9;7;19;2;0;0;0;7;4
13;1313;9;1;15;2;0;1;1;3;4
9;0904;9;7;8;2;1;0;1;3;7
9;0905;9;7;14;2;1;0;1;7;4
13;1309;9;2;14;2;0;1;1;3;7
9;0920;9;2;22;2;0;1;1;1;4
9;0902;9;2;17;2;0;1;1;1;4
9;0904;9;1;15;2;0;0;0;7;4
13;1301;9;3;8;2;0;1;1;3;7
9;0902;9;3;0;2;0;2;2;7;4
13;1309;9;3;6;2;0;0;0;4;4
9;0905;9;1;21;2;0;0;0;1;4
9;0916;9;3;11;2;0;2;2;3;7
9;0927;9;3;12;2;0;2;2;3;7
13;1314;9;3;13;2;0;1;1;1;4
12;1207;9;3;16;2;0;1;1;7;4
1;0105;9;3;19;2;0;0;0;3;7
17;1703;9;3;14;2;0;1;1;7;4
9;0921;9;3;10;2;0;1;1;3;7
12;1207;9;4;0;1;0;1;1;6;4
9;0920;9;3;18;2;0;1;1;3;7
13;1310;9;3;14;2;0;2;2;3;7
9;0916;9;4;4;1;0;1;1;3;4
9;0906;9;4;7;2;0;1;1;3;7
9;0911;9;7;4;2;0;1;1;2;5
9;0911;9;2;18;2;0;2;2;3;7
9;0911;9;1;2;2;0;1;1;4;4
9;0906;9;3;20;2;0;1;1;7;4
9;0916;9;4;15;1;0;1;1;3;4
9;0906;9;4;16;2;0;2;2;3;4
9;0912;9;4;18;2;0;1;1;3;4
9;0901;9;5;1;2;0;0;0;7;4
12;1208;9;5;7;1;0;2;2;3;7
9;0928;9;4;22;2;0;1;1;7;4
24;2402;9;4;18;1;0;1;1;2;5
9;0920;9;4;16;2;0;1;1;7;4
24;2401;9;4;18;2;0;2;2;3;4
13;1301;9;5;7;2;0;2;2;1;4
9;0911;9;3;18;1;0;2;2;1;4
9;0911;9;1;15;2;0;1;1;2;5
24;2402;9;5;9;1;0;1;1;3;7
9;0923;9;5;2;1;0;0;0;4;4
9;0912;9;5;13;2;0;1;1;3;7
9;0920;9;5;20;2;1;0;1;3;7
7;0712;9;5;16;2;0;1;1;3;7
24;2402;9;6;0;1;0;2;2;3;4
9;0906;9;5;22;2;0;1;1;1;4
1;0108;9;5;21;2;0;0;0;4;4
12;1210;9;6;3;2;0;3;3;5;4
1;0103;9;6;1;2;0;0;0;7;4
9;0906;9;5;13;2;0;1;1;1;4
24;2402;9;6;10;1;0;1;1;3;7
24;2402;9;6;13;1;0;0;0;4;4
24;2402;9;6;10;1;0;1;1;3;4
9;0909;9;7;5;1;1;0;1;4;4
12;1210;9;6;19;2;1;0;1;3;4
12;1207;9;6;18;1;0;1;1;2;5
7;0709;9;6;6;2;0;1;1;7;4
9;0921;9;6;17;2;1;3;4;3;7
1;0103;9;6;23;2;0;1;1;1;4
24;2401;9;6;18;2;0;0;0;4;4
23;2301;9;7;0;2;1;0;1;3;4
9;0912;9;6;18;2;0;1;1;7;4
13;1315;9;7;5;2;0;1;1;2;5
12;1207;9;7;2;1;0;1;1;7;4
1;0102;9;6;17;2;0;1;1;7;4
24;2401;9;6;21;1;0;1;1;7;4
24;2402;9;7;9;1;0;2;2;3;7
9;0916;9;5;19;1;0;1;1;4;4
9;0916;9;5;12;1;0;0;0;7;4
9;0906;9;5;15;2;0;2;2;5;4
24;2401;9;7;15;2;0;0;0;3;7
24;2403;9;7;5;1;0;1;1;2;5
24;2403;9;7;23;2;0;0;0;3;4
7;0707;9;5;6;2;0;1;1;3;4
7;0709;9;6;1;2;0;0;0;3;4
12;1207;9;7;17;1;0;1;1;7;4
9;0906;9;7;19;2;0;2;2;1;4
9;0904;9;5;0;1;0;2;2;3;7
9;0904;9;4;22;2;0;0;0;1;4
9;0904;9;5;1;1;0;0;0;1;4
9;0924;9;7;23;2;0;1;1;1;4
1;0102;9;7;21;2;1;4;5;1;4
1;0101;9;7;23;2;0;0;0;7;4
9;0912;9;7;12;1;0;1;1;8;10
2;0206;9;7;5;1;1;0;1;2;5
7;0712;9;5;10;2;0;0;0;3;4
9;0901;9;7;2;2;0;0;0;7;4
9;0916;9;1;7;1;0;1;1;3;4
7;0713;9;7;3;2;0;0;0;7;4
12;1207;9;1;12;1;0;2;2;3;7
13;1313;9;7;17;2;0;0;0;3;4
24;2402;9;7;10;1;0;1;1;1;4
2;0206;9;1;13;1;0;1;1;7;4
1;0101;9;1;12;2;0;1;1;1;4
24;2401;9;1;10;1;0;0;0;4;4
9;0910;9;7;16;2;0;1;1;6;4
9;0922;9;7;3;2;0;1;1;3;7
9;0910;9;7;19;2;0;1;1;3;4
13;1301;9;1;11;2;0;0;0;3;7
9;0920;9;6;16;2;0;1;1;8;10
9;0920;9;6;4;2;0;1;1;3;7
9;0920;9;6;23;2;0;1;1;4;4
13;1312;9;1;21;2;1;0;1;4;4
24;2403;9;1;16;1;0;2;2;3;7
17;1703;9;6;18;2;0;0;0;7;4
17;1703;9;6;12;2;0;0;0;6;4
17;1703;9;6;14;2;0;0;0;7;4
17;1703;9;7;16;2;0;0;0;3;7
9;0906;9;1;12;1;0;1;1;1;4
9;0911;9;7;9;2;1;1;2;3;7
12;1208;9;5;8;1;0;1;1;1;4
12;1208;9;7;16;1;0;2;2;7;4
17;1701;9;7;0;2;1;0;1;7;9
23;2301;9;7;2;1;1;0;1;3;3
17;1701;9;7;2;2;1;0;1;4;3
23;2301;9;7;2;2;0;3;3;3;3
17;1701;9;7;2;1;0;0;0;3;7
17;1701;9;7;2;1;0;1;1;1;4
17;1701;9;7;3;1;0;0;0;4;3
17;1701;9;7;3;1;0;0;0;6;3
1;0101;9;7;3;2;0;1;1;7;4
13;1308;9;7;4;1;0;0;0;4;4
17;1701;9;7;4;1;1;3;4;4;3
17;1701;9;7;6;2;1;0;1;8;3
18;1801;9;7;6;1;0;0;0;4;3
13;1308;9;7;8;1;0;1;1;4;4
11;1101;9;7;8;1;0;0;0;4;1
5;0501;9;7;8;2;1;0;1;7;3
23;2301;9;7;8;1;0;0;0;3;3
23;2301;9;7;8;1;0;0;0;3;3
1;0101;9;7;8;2;1;0;1;4;4
12;1205;9;7;11;1;0;1;1;3;4
8;0805;9;7;11;2;1;4;5;3;7
23;2301;9;7;13;1;0;0;0;5;3
10;1004;9;7;14;2;0;0;0;1;4
23;2301;9;7;14;1;0;1;1;3;3
23;2301;9;7;16;1;0;1;1;3;3
17;1701;9;7;17;1;0;1;1;1;1
17;1701;9;7;18;2;0;3;3;4;3
5;0501;9;7;19;2;0;1;1;7;3
6;0601;9;7;20;1;0;1;1;3;4
23;2301;9;7;20;1;0;4;4;3;2
11;1101;9;7;21;1;0;1;1;3;7
12;1205;9;7;21;1;0;1;1;7;3
17;1701;9;7;23;1;0;0;0;8;7
10;1001;9;1;2;1;0;0;0;7;3
17;1701;9;1;3;1;0;0;0;4;3
13;1301;9;1;7;1;0;0;0;8;4
5;0501;9;1;7;2;0;1;1;3;4
23;2301;9;1;9;1;0;2;2;3;3
17;1701;9;1;11;1;0;0;0;1;4
1;0101;9;1;11;1;0;1;1;1;5
17;1701;9;1;13;1;0;1;1;3;4
1;0101;9;1;16;1;0;0;0;3;4
17;1701;9;1;17;1;0;1;1;1;5
17;1701;9;1;17;1;0;0;0;3;7
17;1701;9;1;17;1;0;0;0;3;7
17;1701;9;1;18;1;1;0;1;1;4
1;0101;9;1;19;1;0;0;0;4;4
1;0101;9;1;19;1;0;0;0;7;1
17;1701;9;1;21;1;0;0;0;3;2
23;2301;9;1;21;1;0;0;0;3;3
17;1701;9;1;22;1;0;1;1;8;4
17;1701;9;2;0;1;0;1;1;7;3
1;0101;9;2;3;1;0;1;1;4;1
5;0501;9;2;4;2;1;0;1;3;4
17;1701;9;2;7;1;0;0;0;3;4
18;1801;9;2;9;2;0;1;1;3;2
17;1701;9;2;10;1;0;0;0;3;1
18;1801;9;2;12;2;0;0;0;3;7
17;1701;9;2;13;1;0;0;0;8;7
10;1001;9;2;13;1;0;1;1;3;7
17;1701;9;2;14;1;0;0;0;4;1
23;2301;9;2;17;1;0;1;1;3;3
6;0601;9;2;18;1;0;2;2;3;7
6;0601;9;2;18;1;0;0;0;1;4
17;1701;9;2;20;2;0;0;0;3;1
17;1701;9;2;20;1;0;2;2;3;7
6;0601;9;2;21;1;0;1;1;1;7
1;0101;9;2;21;1;0;2;2;3;1
1;0101;9;3;2;1;0;1;1;7;1
17;1701;9;3;3;1;0;0;0;3;4
9;0907;9;3;6;1;0;0;0;1;5
17;1701;9;3;7;1;0;1;1;3;7
9;0907;9;3;8;1;0;0;0;3;2
9;0907;9;3;9;1;0;1;1;3;7
17;1701;9;3;10;1;0;1;1;1;1
5;0501;9;3;12;1;0;0;0;3;4
1;0101;9;3;13;1;0;1;1;3;7
1;0101;9;3;13;1;0;2;2;3;4
17;1701;9;3;13;1;0;1;1;1;4
17;1701;9;3;14;1;0;1;1;7;4
13;1308;9;3;15;1;0;1;1;1;4
18;1801;9;3;16;2;0;0;0;4;2
17;1701;9;3;17;1;0;0;0;3;1
17;1701;9;3;18;2;0;0;0;4;4
7;0701;9;3;18;1;0;0;0;3;3
13;1308;9;3;20;1;0;0;0;4;4
23;2301;9;3;20;1;0;0;0;3;4
13;1308;9;3;21;1;0;0;0;4;4
23;2301;9;3;22;1;0;2;2;3;3
5;0501;9;4;0;1;0;0;0;4;3
5;0501;9;4;0;1;0;0;0;4;3
17;1701;9;4;3;1;0;0;0;8;4
18;1801;9;4;5;2;0;1;1;3;1
7;0701;9;4;6;1;1;0;1;3;3
1;0101;9;4;7;1;0;2;2;3;4
12;1205;9;4;8;1;0;0;0;7;3
17;1701;9;4;8;2;0;0;0;8;7
17;1701;9;4;9;1;0;3;3;3;4
13;1308;9;4;9;1;0;2;2;3;4
18;1801;9;4;12;1;0;0;0;3;4
12;1201;9;4;14;2;1;0;1;7;10
17;1701;9;4;15;1;0;2;2;3;4
17;1701;9;4;18;2;0;1;1;8;7
18;1801;9;4;20;1;0;1;1;1;4
12;1205;9;4;21;1;0;0;0;7;3
1;0101;9;4;22;1;0;1;1;6;1
17;1701;9;5;0;1;0;0;0;7;3
23;2301;9;5;1;1;1;0;1;3;4
17;1701;9;5;2;1;0;1;1;7;3
23;2301;9;5;3;1;0;0;0;3;7
18;1801;9;5;4;1;0;0;0;4;8
17;1701;9;5;7;2;0;0;0;7;9
17;1701;9;5;7;1;0;0;0;3;4
17;1701;9;5;7;1;0;1;1;1;5
17;1701;9;5;7;2;0;1;1;2;3
17;1701;9;5;10;1;0;1;1;2;5
18;1801;9;5;10;2;0;1;1;3;4
18;1801;9;5;11;2;0;0;0;3;1
17;1701;9;5;12;1;0;0;0;4;3
17;1701;9;5;15;1;1;0;1;8;4
18;1801;9;5;17;1;0;0;0;4;4
17;1701;9;5;18;1;0;1;1;1;5
6;0601;9;5;18;1;0;1;1;1;1
17;1701;9;5;19;2;1;0;1;4;3
11;1101;9;5;19;1;0;0;0;3;4
1;0101;9;5;21;1;0;0;0;7;1
11;1101;9;5;21;2;0;0;0;3;1
17;1701;9;5;23;1;0;1;1;8;7
17;1701;9;6;1;1;0;1;1;3;1
1;0101;9;6;1;2;0;1;1;7;4
10;1001;9;6;3;1;0;2;2;3;7
17;1701;9;6;3;1;0;0;0;4;9
11;1101;9;6;4;1;0;0;0;4;3
17;1701;9;6;5;1;0;1;1;7;2
17;1701;9;6;5;1;0;1;1;7;9
10;1003;9;6;6;2;0;0;0;5;4
11;1101;9;6;6;1;0;1;1;3;1
17;1701;9;6;6;1;0;2;2;3;7
23;2301;9;6;6;1;1;0;1;7;3
17;1704;9;6;7;2;0;2;2;5;4
18;1801;9;6;7;2;0;0;0;4;3
17;1701;9;6;9;2;1;2;3;8;3
7;0701;9;6;9;1;0;0;0;3;7
17;1701;9;6;9;1;0;1;1;3;7
17;1701;9;6;10;1;0;1;1;3;1
9;0907;9;6;14;1;0;0;0;4;4
11;1101;9;6;14;2;1;0;1;1;6
23;2301;9;6;14;2;1;0;1;3;2
17;1701;9;6;16;2;1;0;1;7;3
13;1308;9;6;16;1;0;0;0;4;4
17;1701;9;6;16;2;0;1;1;1;4
23;2301;9;6;17;2;0;1;1;7;3
17;1701;9;6;17;2;0;1;1;1;1
1;0101;9;6;17;1;0;0;0;4;1
1;0101;9;6;18;1;0;1;1;7;4
17;1701;9;6;19;1;0;1;1;3;7
23;2301;9;6;20;2;0;1;1;7;3
17;1701;9;6;20;1;0;1;1;8;7
17;1701;9;6;20;2;0;1;1;1;1
11;1101;9;6;21;1;0;0;0;3;1
6;0601;9;6;21;1;0;1;1;3;2
1;0101;9;6;21;2;1;0;1;1;4
17;1701;9;6;22;2;0;1;1;3;4
18;1801;9;7;1;1;0;0;0;4;1
11;1101;9;7;1;1;0;1;1;4;6
17;1701;9;7;1;1;0;0;0;7;2
18;1801;9;7;2;2;0;1;1;7;3
17;1701;9;7;3;1;0;0;0;3;7
23;2301;9;7;3;1;0;0;0;3;7
23;2301;9;7;3;1;2;0;2;3;7
5;0501;9;7;3;1;0;0;0;7;3
17;1701;9;7;4;1;0;0;0;4;3
13;1308;9;7;4;1;0;1;1;3;1
17;1701;9;7;5;1;0;0;0;4;3
17;1701;9;7;6;1;0;0;0;7;3
17;1701;9;7;6;2;1;0;1;7;4
11;1101;9;7;6;1;0;0;0;4;3
17;1701;9;7;7;1;1;0;1;1;4
5;0501;9;7;7;1;0;0;0;7;3
17;1701;9;7;9;1;0;1;1;1;1
17;1701;9;7;10;1;0;0;0;3;1
1;0101;9;7;12;1;0;0;0;3;4
23;2301;9;7;12;1;0;1;1;5;4
17;1701;9;7;14;1;0;0;0;4;3
23;2301;9;7;14;1;0;0;0;3;7
5;0501;9;7;14;2;0;0;0;7;3
23;2301;9;7;16;1;0;1;1;7;3
18;1801;9;7;16;1;0;0;0;4;3
13;1301;9;7;17;1;0;0;0;3;4
10;1004;9;7;17;1;0;0;0;3;7
10;1001;9;7;18;1;0;0;0;3;4
17;1701;9;7;18;1;0;5;5;3;7
12;1205;9;7;18;2;0;0;0;7;3
23;2301;9;7;19;1;0;3;3;3;4
1;0101;9;7;19;2;0;0;0;7;4
17;1701;9;1;1;1;0;0;0;8;7
17;1701;9;1;6;2;0;2;2;8;7
10;1004;9;1;7;1;0;0;0;3;7
23;2301;9;1;7;2;0;5;5;3;4
17;1701;9;1;7;2;0;1;1;3;2
18;1801;9;1;7;2;0;0;0;3;9
11;1101;9;1;7;1;0;1;1;3;7
23;2301;9;1;9;1;0;1;1;4;7
17;1701;9;1;9;1;0;0;0;3;4
1;0101;9;1;9;1;0;1;1;3;2
13;1301;9;1;10;1;0;0;0;1;7
11;1101;9;1;11;1;0;0;0;4;3
11;1101;9;1;12;1;0;2;2;3;7
1;0101;9;1;12;1;0;1;1;3;7
11;1101;9;1;15;1;0;1;1;3;7
17;1701;9;1;16;1;0;0;0;3;1
13;1301;9;1;16;1;0;1;1;3;4
13;1308;9;1;16;1;0;1;1;3;4
17;1701;9;1;19;1;0;1;1;8;4
18;1801;9;1;20;1;0;0;0;3;4
1;0101;9;1;20;1;0;2;2;4;1
9;0907;9;1;22;1;0;0;0;1;5
1;0101;9;2;6;1;0;2;2;4;4
13;1301;9;2;7;1;0;1;1;3;7
17;1701;9;2;7;1;0;0;0;3;7
17;1701;9;2;7;1;0;0;0;3;4
17;1701;9;2;9;1;1;0;1;2;5
23;2301;9;2;10;1;0;0;0;1;3
17;1701;9;2;10;2;0;0;0;3;4
11;1101;9;2;10;1;0;1;1;3;7
5;0501;9;2;13;1;0;0;0;3;2
18;1801;9;2;14;1;0;0;0;3;2
1;0101;9;2;17;1;0;1;1;3;4
12;1205;9;2;17;1;1;0;1;3;3
1;0101;9;2;18;1;0;1;1;4;4
1;0101;9;2;18;2;0;2;2;1;5
6;0601;9;2;18;1;0;1;1;1;4
9;0907;9;2;19;1;0;0;0;1;3
17;1701;9;2;19;1;0;1;1;8;7
17;1701;9;2;20;1;0;0;0;4;4
17;1701;9;2;22;1;0;2;2;8;3
17;1701;9;2;22;1;0;0;0;3;1
18;1801;9;3;0;2;0;0;0;4;3
23;2301;9;3;0;1;0;0;0;7;3
17;1701;9;3;7;1;0;2;2;3;4
17;1701;9;3;7;1;0;0;0;3;4
17;1701;9;3;7;1;0;1;1;3;7
17;1701;9;3;7;1;0;1;1;3;4
17;1701;9;3;8;1;0;0;0;3;4
17;1701;9;3;11;1;0;0;0;3;2
17;1701;9;3;13;2;1;0;1;7;3
1;0101;9;3;13;1;0;2;2;3;7
11;1101;9;3;13;1;0;1;1;1;3
17;1701;9;3;14;1;0;1;1;1;4
23;2301;9;3;14;1;0;1;1;3;3
23;2301;9;3;15;1;0;0;0;3;3
17;1701;9;3;17;1;1;0;1;4;4
17;1701;9;3;17;1;0;1;1;3;7
12;1212;9;3;17;1;0;1;1;3;3
23;2301;9;3;17;1;0;3;3;3;3
18;1801;9;3;17;1;0;3;3;3;2
13;1308;9;3;19;1;0;0;0;3;4
17;1701;9;3;20;1;0;0;0;3;1
9;0907;9;3;22;1;0;0;0;3;4
17;1701;9;4;4;1;0;0;0;4;1
17;1701;9;4;7;1;0;1;1;1;4
13;1308;9;4;7;1;1;0;1;3;4
10;1001;9;4;8;1;0;2;2;3;7
1;0101;9;4;9;1;0;2;2;3;4
17;1701;9;4;9;1;0;2;2;3;7
23;2301;9;4;12;1;0;4;4;3;3
17;1701;9;4;13;1;0;0;0;4;3
17;1701;9;4;14;1;0;0;0;3;4
13;1308;9;4;14;1;0;1;1;8;4
1;0101;9;4;14;2;0;1;1;3;7
17;1701;9;4;14;1;0;1;1;1;5
1;0101;9;4;15;1;0;1;1;3;4
17;1701;9;4;16;1;0;0;0;4;1
12;1205;9;4;17;1;0;0;0;3;3
10;1001;9;4;18;1;0;1;1;3;7
17;1701;9;4;18;1;0;3;3;3;4
11;1101;9;4;19;1;0;2;2;1;5
10;1001;9;4;19;1;0;3;3;3;7
11;1101;9;4;20;2;1;1;2;3;4
1;0101;9;4;20;1;0;1;1;1;5
23;2301;9;4;20;1;0;1;1;3;3
18;1801;9;4;20;1;0;1;1;3;4
17;1701;9;4;22;1;0;0;0;3;4
11;1101;9;4;22;1;0;0;0;4;3
17;1701;9;4;22;1;0;1;1;8;7
23;2301;9;4;23;1;0;1;1;3;3
17;1701;9;5;1;1;0;1;1;8;7
17;1701;9;5;1;1;0;2;2;8;4
17;1701;9;5;4;1;0;0;0;4;4
11;1101;9;5;6;1;0;0;0;3;1
17;1701;9;5;8;1;0;0;0;3;4
17;1701;9;5;8;2;0;4;4;3;4
1;0101;9;5;8;1;0;1;1;3;4
17;1701;9;5;8;1;0;1;1;1;5
13;1301;9;5;9;1;0;1;1;3;7
17;1701;9;5;10;1;0;2;2;1;4
1;0101;9;5;12;1;0;0;0;3;7
1;0101;9;5;12;2;0;0;0;3;7
23;2301;9;5;12;1;0;0;0;3;3
1;0101;9;5;13;1;0;1;1;3;1
18;1801;9;5;15;1;0;0;0;3;3
7;0701;9;5;15;1;0;1;1;3;7
23;2301;9;5;16;1;0;1;1;1;3
11;1101;9;5;16;1;0;0;0;4;4
1;0101;9;5;16;1;0;1;1;2;4
18;1801;9;5;16;1;0;0;0;5;2
10;1001;9;5;18;1;0;0;0;8;4
13;1301;9;5;18;1;0;1;1;3;4
23;2301;9;5;18;1;0;0;0;3;3
13;1301;9;5;20;1;0;0;0;3;7
1;0101;9;5;20;1;0;1;1;3;1
1;0101;9;5;21;1;0;2;2;5;4
18;1801;9;5;22;1;0;0;0;3;1
11;1101;9;5;23;1;0;0;0;4;1
18;1801;9;5;23;1;0;1;1;3;7
11;1101;9;5;23;1;0;0;0;3;1
18;1801;9;6;0;1;1;2;3;3;3
17;1701;9;6;2;1;0;1;1;8;6
23;2301;9;6;2;1;0;0;0;5;3
1;0101;9;6;2;1;0;0;0;4;1
17;1701;9;6;3;2;0;0;0;7;3
23;2301;9;6;3;1;0;0;0;3;3
1;0101;9;6;3;1;0;2;2;3;1
17;1701;9;6;3;1;0;0;0;4;1
1;0101;9;6;3;1;0;1;1;4;1
13;1308;9;6;6;1;0;1;1;3;4
18;1801;9;6;7;1;0;0;0;4;4
17;1701;9;6;7;1;0;1;1;7;3
17;1701;9;6;9;1;0;1;1;3;4
13;1308;9;6;9;1;0;0;0;3;4
1;0101;9;6;9;1;0;1;1;5;4
11;1101;9;6;10;1;0;1;1;3;3
12;1205;9;6;11;1;0;0;0;3;2
13;1301;9;6;12;1;0;2;2;3;4
23;2301;9;6;13;1;0;0;0;3;7
17;1701;9;6;14;1;0;0;0;4;3
12;1205;9;6;15;1;0;1;1;3;2
13;1308;9;6;16;1;0;1;1;3;4
18;1801;9;6;16;1;0;0;0;5;4
17;1701;9;6;17;1;0;1;1;3;7
11;1101;9;6;18;1;0;0;0;3;1
1;0101;9;6;18;1;0;1;1;3;7
11;1101;9;6;19;1;0;0;0;4;1
23;2301;9;6;19;1;0;1;1;3;4
10;1001;9;6;19;1;0;1;1;1;4
17;1701;9;6;20;2;0;0;0;3;1
18;1801;9;6;22;1;0;1;1;1;3
12;1205;9;6;22;1;0;2;2;3;2
1;0101;9;6;22;1;1;0;1;4;1
13;1301;9;7;0;1;0;0;0;3;7
18;1801;9;7;0;1;0;0;0;4;3
18;1801;9;7;1;1;0;0;0;3;2
23;2301;9;7;1;1;0;0;0;3;3
17;1701;9;7;3;1;0;2;2;7;3
11;1101;9;7;3;1;0;0;0;7;3
23;2301;9;7;5;1;0;1;1;3;8
18;1801;9;7;5;1;0;2;2;4;3
23;2301;9;7;5;2;0;1;1;7;3
1;0101;9;7;5;2;0;1;1;4;1
17;1701;9;7;6;1;0;0;0;3;7
1;0101;9;7;6;1;0;2;2;7;1
11;1101;9;7;6;1;0;0;0;6;3
17;1701;9;7;7;1;0;0;0;7;2
1;0101;9;7;7;1;0;1;1;3;1
17;1701;9;7;7;2;0;0;0;8;1
1;0101;9;7;8;1;0;1;1;3;1
11;1101;9;7;9;1;0;0;0;3;1
12;1205;9;7;9;1;0;0;0;3;2
11;1101;9;7;10;1;0;1;1;1;5
1;0101;9;7;10;2;0;2;2;3;1
23;2301;9;7;11;1;0;0;0;1;3
23;2301;9;7;13;1;0;0;0;3;4
13;1308;9;7;13;1;1;0;1;8;4
17;1701;9;7;13;2;0;1;1;1;4
11;1101;9;7;15;1;0;1;1;3;3
23;2301;9;7;16;1;1;0;1;4;3
18;1801;9;7;16;2;0;2;2;3;7
1;0101;9;7;16;1;0;0;0;3;1
17;1701;9;7;16;1;0;1;1;1;4
17;1701;9;7;17;2;0;0;0;3;1
17;1701;9;7;17;1;0;0;0;3;4
17;1701;9;7;19;1;0;1;1;1;5
1;0101;9;7;19;1;0;0;0;4;1
10;1005;9;7;19;2;0;0;0;4;7
17;1701;9;7;21;1;1;0;1;7;3
17;1701;9;1;2;1;0;1;1;4;3
17;1701;9;1;3;1;0;0;0;6;4
17;1701;9;1;5;1;0;0;0;3;1
17;1701;9;1;6;1;0;0;0;3;4
1;0101;9;1;7;1;0;2;2;3;7
17;1701;9;1;10;1;0;1;1;3;4
11;1101;9;1;10;1;0;0;0;3;3
17;1701;9;1;10;1;0;0;0;4;4
1;0101;9;1;12;1;0;1;1;1;1
17;1701;9;1;12;1;0;0;0;4;4
23;2301;9;1;12;1;0;1;1;3;4
17;1701;9;1;14;1;0;2;2;3;1
17;1701;9;1;15;1;0;0;0;4;1
1;0101;9;1;15;1;0;3;3;3;1
1;0101;9;1;15;1;0;1;1;3;2
17;1701;9;1;15;1;0;1;1;1;4
17;1701;9;1;17;1;0;1;1;3;4
10;1001;9;1;19;1;0;1;1;3;4
23;2301;9;1;19;1;0;1;1;3;4
17;1701;9;1;23;1;0;0;0;4;3
17;1701;9;2;3;2;1;0;1;7;3
17;1701;9;2;5;2;0;0;0;3;4
11;1101;9;2;7;1;0;1;1;4;3
17;1701;9;2;8;1;0;1;1;8;2
23;2301;9;2;8;1;0;2;2;3;4
1;0101;9;2;9;2;0;2;2;1;4
10;1001;9;2;10;1;0;1;1;3;4
18;1801;9;2;10;1;0;0;0;7;3
11;1101;9;2;11;1;0;1;1;3;1
23;2301;9;2;13;1;0;1;1;3;3
1;0101;9;2;13;1;0;1;1;1;4
8;0805;9;2;13;2;0;2;2;3;4
18;1801;9;2;13;1;0;0;0;3;2
17;1701;9;2;15;1;0;1;1;1;5
17;1701;9;2;17;2;0;1;1;3;2
18;1801;9;2;17;2;0;0;0;3;1
11;1101;9;2;19;1;0;3;3;3;1
17;1701;9;2;19;1;1;0;1;1;5
17;1701;9;2;22;2;0;1;1;7;1
23;2301;9;2;23;1;0;1;1;3;3
1;0101;9;3;0;1;0;1;1;6;4
23;2301;9;3;0;1;1;0;1;7;3
17;1701;9;3;1;1;0;0;0;4;3
1;0101;9;3;7;2;0;1;1;1;4
17;1701;9;3;7;1;0;1;1;3;2
23;2301;9;3;8;1;0;1;1;7;3
17;1701;9;3;8;1;0;1;1;2;5
10;1001;9;3;11;1;0;1;1;3;7
17;1701;9;3;13;1;0;0;0;3;2
23;2301;9;3;14;1;0;0;0;1;3
18;1801;9;3;14;1;0;2;2;3;7
10;1001;9;3;14;1;0;1;1;3;7
1;0101;9;3;15;1;0;2;2;3;2
1;0101;9;3;15;1;0;0;0;3;7
12;1205;9;3;17;1;0;0;0;3;2
12;1205;9;3;17;1;0;0;0;3;3
17;1701;9;3;18;1;0;0;0;3;7
18;1801;9;3;18;1;0;0;0;3;2
7;0701;9;3;19;1;1;1;2;1;3
17;1701;9;3;20;1;1;0;1;2;5
17;1701;9;3;20;1;0;0;0;3;7
18;1801;9;3;20;2;0;0;0;7;9
17;1701;9;3;20;2;0;2;2;3;2
17;1701;9;4;0;1;0;0;0;4;3
17;1701;9;4;6;1;0;0;0;4;4
17;1701;9;4;7;1;0;3;3;1;4
18;1801;9;4;8;1;0;1;1;3;4
10;1001;9;4;10;1;0;1;1;1;7
12;1205;9;4;10;1;0;3;3;3;2
12;1205;9;4;10;1;0;3;3;3;2
11;1101;9;4;11;1;0;1;1;3;7
1;0101;9;4;11;1;0;0;0;3;1
17;1701;9;4;12;1;0;1;1;3;4
1;0101;9;4;13;1;0;0;0;3;7
8;0807;9;4;14;2;2;0;2;7;6
17;1701;9;4;14;1;1;0;1;8;4
17;1701;9;4;15;2;0;1;1;1;5
11;1101;9;4;15;1;0;0;0;3;7
17;1701;9;4;16;2;0;1;1;3;2
10;1001;9;4;16;1;0;1;1;3;7
17;1701;9;4;16;1;1;0;1;1;5
23;2301;9;4;17;1;0;1;1;7;3
17;1701;9;4;18;1;0;1;1;3;7
23;2301;9;4;19;1;0;2;2;1;3
1;0101;9;4;19;1;0;2;2;3;1
17;1701;9;4;20;1;0;1;1;2;4
17;1701;9;4;21;1;0;0;0;3;4
17;1701;9;4;22;1;0;0;0;4;3
1;0101;9;4;23;1;0;0;0;7;1
17;1701;9;4;23;1;0;0;0;4;2
17;1701;9;5;4;1;0;1;1;7;4
17;1701;9;5;4;1;0;0;0;4;3
18;1801;9;5;6;2;0;0;0;3;4
12;1205;9;5;6;1;0;1;1;3;3
18;1801;9;5;7;1;0;1;1;7;3
10;1001;9;5;7;1;0;1;1;3;7
18;1801;9;5;8;2;0;2;2;1;3
1;0101;9;5;9;1;0;0;0;5;1
1;0101;9;5;9;2;0;1;1;3;2
17;1701;9;5;11;1;0;1;1;4;6
13;1301;9;5;12;1;0;0;0;1;4
18;1801;9;5;12;1;0;1;1;1;5
17;1701;9;5;14;1;0;2;2;3;4
17;1701;9;5;16;1;0;0;0;3;1
11;1101;9;5;16;1;0;1;1;3;7
23;2301;9;5;17;1;0;2;2;4;1
17;1701;9;5;18;2;0;1;1;3;4
11;1101;9;5;18;1;0;1;1;3;7
17;1701;9;5;18;1;0;1;1;1;4
1;0101;9;5;19;1;0;0;0;3;1
7;0701;9;5;20;1;0;2;2;3;3
17;1701;9;5;22;1;0;0;0;4;1
17;1701;9;5;22;1;0;1;1;1;1
17;1701;9;5;23;1;0;1;1;3;7
1;0101;9;6;0;1;0;0;0;4;1
17;1701;9;6;0;1;0;0;0;3;1
17;1701;9;6;1;1;0;0;0;4;2
23;2301;9;6;1;1;0;0;0;4;3
17;1701;9;6;8;1;0;0;0;4;1
18;1801;9;6;8;1;0;1;1;7;3
17;1701;9;6;8;2;0;1;1;3;1
17;1701;9;6;10;1;0;0;0;8;7
17;1701;9;6;11;1;1;1;2;1;5
11;1101;9;6;11;1;0;0;0;3;7
11;1101;9;6;13;1;0;0;0;3;1
1;0101;9;6;15;1;1;1;2;7;1
18;1801;9;6;17;2;0;1;1;5;2
17;1701;9;6;17;1;0;0;0;8;7
18;1801;9;6;18;2;2;1;3;3;3
18;1801;9;6;18;2;0;0;0;3;1
13;1301;9;6;18;1;0;1;1;3;4
18;1801;9;6;19;1;0;0;0;3;3
18;1801;9;6;19;2;1;0;1;1;3
17;1701;9;6;20;1;0;0;0;3;7
17;1701;9;6;20;1;0;0;0;4;2
18;1801;9;6;20;1;0;1;1;3;4
23;2301;9;6;21;1;0;1;1;3;3
23;2301;9;6;21;1;0;2;2;3;3
11;1101;9;6;21;1;0;1;1;3;1
9;0907;9;6;22;1;0;1;1;3;4
9;0907;9;6;22;1;0;0;0;3;4
1;0101;9;6;22;1;0;1;1;3;4
17;1701;9;6;22;1;0;0;0;3;7
7;0701;9;6;22;1;1;0;1;3;7
23;2301;9;6;22;1;0;1;1;7;3
1;0101;9;7;0;1;0;0;0;3;7
18;1801;9;7;0;2;0;2;2;3;1
10;1001;9;7;1;1;0;1;1;1;7
1;0101;9;7;2;1;0;0;0;7;4
11;1101;9;7;2;1;0;1;1;3;7
17;1701;9;7;2;1;1;1;2;3;7
18;1801;9;7;3;1;0;0;0;7;3
17;1701;9;7;5;2;1;0;1;1;3
17;1701;9;7;5;2;0;1;1;4;1
17;1701;9;7;7;1;0;1;1;3;4
17;1701;9;7;7;1;0;1;1;4;3
1;0101;9;7;8;1;0;0;0;4;1
11;1101;9;7;8;1;0;1;1;3;7
1;0101;9;7;11;1;0;1;1;7;4
17;1701;9;7;11;1;1;0;1;4;3
1;0101;9;7;12;1;0;0;0;7;1
11;1101;9;7;13;1;0;2;2;3;4
8;0805;9;7;14;2;1;2;3;3;1
9;0907;9;7;16;1;0;0;0;1;4
17;1701;9;7;17;1;0;0;0;3;7
12;1205;9;7;17;2;0;0;0;7;3
17;1704;9;7;18;2;0;1;1;1;4
17;1701;9;7;18;1;0;0;0;4;1
10;1001;9;7;18;1;0;1;1;3;4
13;1308;9;7;18;1;0;1;1;3;4
18;1801;9;7;19;1;0;1;1;3;4
17;1704;9;7;20;2;0;0;0;3;4
18;1801;9;7;21;2;0;1;1;3;3
17;1701;9;7;22;1;0;0;0;4;2
17;1701;9;7;23;1;0;0;0;8;7
17;1701;9;1;1;2;0;6;6;4;4
1;0101;9;1;6;2;0;1;1;4;4
23;2301;9;1;7;1;0;1;1;3;3
1;0101;9;1;7;1;0;0;0;3;4
23;2301;9;1;8;1;1;0;1;7;3
13;1301;9;1;8;1;0;0;0;3;7
23;2301;9;1;8;1;0;1;1;7;3
1;0101;9;1;10;1;0;0;0;3;7
17;1701;9;1;10;1;0;1;1;1;5
1;0101;9;1;10;1;0;0;0;3;7
17;1701;9;1;11;1;0;1;1;3;4
17;1701;9;1;12;1;0;0;0;3;7
17;1701;9;1;12;1;0;2;2;3;7
17;1701;9;1;12;1;0;1;1;3;4
17;1701;9;1;13;1;0;0;0;3;1
17;1701;9;1;15;1;0;0;0;8;7
1;0101;9;1;16;2;0;0;0;4;4
17;1701;9;1;17;1;0;1;1;1;5
13;1301;9;1;17;1;0;1;1;3;7
23;2301;9;1;18;1;0;0;0;1;3
1;0101;9;1;18;1;0;0;0;4;4
12;1201;9;1;19;1;1;0;1;3;4
7;0701;9;1;20;1;1;0;1;6;3
11;1101;9;1;20;2;0;0;0;4;4
23;2301;9;2;0;1;1;0;1;7;3
17;1701;9;2;1;1;0;0;0;4;3
17;1701;9;2;6;1;0;0;0;3;7
17;1701;9;2;7;1;0;0;0;3;4
17;1701;9;2;8;1;0;1;1;7;2
18;1801;9;2;8;1;0;2;2;3;4
1;0101;9;2;8;1;0;1;1;3;4
18;1801;9;2;10;1;0;0;0;5;1
17;1701;9;2;10;1;0;1;1;3;7
17;1701;9;2;11;1;0;0;0;3;4
10;1001;9;2;12;1;1;0;1;3;7
23;2301;9;2;13;1;0;1;1;3;3
17;1701;9;2;13;1;0;1;1;1;4
17;1701;9;2;13;1;0;1;1;3;4
13;1308;9;2;13;1;0;1;1;3;4
17;1701;9;2;16;1;0;2;2;2;5
10;1001;9;2;18;1;0;1;1;8;7
17;1701;9;2;20;1;0;1;1;3;4
1;0101;9;2;20;1;0;2;2;3;7
9;0907;9;2;20;1;0;0;0;3;3
9;0907;9;2;20;1;0;2;2;3;3
17;1701;9;2;23;1;0;2;2;4;4
1;0101;9;2;23;1;0;2;2;3;7
11;1101;9;3;11;1;0;1;1;1;5
10;1001;9;3;13;1;0;1;1;3;10
17;1701;9;3;13;1;0;0;0;3;4
17;1701;9;3;16;1;0;1;1;8;1
17;1701;9;3;16;1;0;1;1;8;2
17;1701;9;3;16;1;0;0;0;3;7
17;1701;9;3;17;1;0;0;0;3;7
1;0101;9;3;17;1;0;1;1;3;4
1;0101;9;3;18;1;0;1;1;3;4
1;0101;9;3;20;2;0;0;0;4;4
17;1701;9;3;21;2;0;0;0;3;3
10;1001;9;3;21;1;0;0;0;3;7
18;1804;9;3;23;2;1;0;1;4;3
17;1701;9;4;4;1;0;3;3;3;4
18;1801;9;4;4;2;0;0;0;4;2
17;1701;9;4;8;1;0;0;0;5;2
11;1101;9;4;8;1;0;0;0;3;7
1;0101;9;4;11;2;0;1;1;6;9
9;0907;9;4;12;1;0;1;1;3;3
1;0101;9;4;13;1;0;0;0;3;7
1;0101;9;4;14;1;0;1;1;3;2
17;1701;9;4;15;1;0;1;1;3;1
17;1701;9;4;15;1;0;1;1;3;4
17;1701;9;4;16;1;0;1;1;3;4
17;1701;9;4;17;1;0;0;0;8;7
17;1701;9;4;18;1;0;1;1;8;1
23;2301;9;4;18;1;0;1;1;7;3
13;1301;9;4;18;1;0;1;1;3;7
18;1801;9;4;19;2;1;1;2;5;3
18;1801;9;4;19;2;0;0;0;3;7
11;1101;9;4;19;1;0;0;0;3;1
23;2301;9;4;19;2;0;1;1;3;3
23;2301;9;4;20;1;0;0;0;4;3
17;1701;9;4;20;1;0;2;2;1;5
17;1701;9;4;20;2;0;0;0;3;7
23;2301;9;5;1;1;0;0;0;4;3
23;2301;9;5;4;1;0;1;1;7;3
12;1205;9;5;6;1;0;1;1;7;2
17;1701;9;5;7;2;0;2;2;1;4
1;0101;9;5;8;1;0;0;0;3;2
17;1701;9;5;9;1;0;1;1;3;2
10;1001;9;5;9;1;0;1;1;1;7
17;1701;9;5;11;1;0;2;2;8;1
11;1101;9;5;11;1;0;1;1;3;7
12;1205;9;5;12;1;0;1;1;3;4
17;1701;9;5;14;1;0;0;0;3;4
17;1701;9;5;15;1;0;1;1;3;7
11;1101;9;5;15;1;0;0;0;3;3
10;1001;9;5;15;1;0;3;3;3;7
23;2301;9;5;15;1;0;1;1;3;3
10;1001;9;5;17;1;0;1;1;1;7
1;0101;9;5;17;1;0;1;1;1;1
1;0101;9;5;17;1;0;1;1;3;1
17;1701;9;5;18;1;0;0;0;3;4
17;1701;9;5;19;1;0;0;0;3;4
18;1801;9;5;19;1;0;0;0;5;2
23;2301;9;5;19;1;0;0;0;3;3
1;0101;9;5;21;1;0;1;1;3;10
13;1301;9;5;22;1;0;0;0;3;4
11;1101;9;5;22;1;0;1;1;3;1
17;1701;9;5;23;2;0;0;0;4;8
13;1301;9;5;23;1;0;0;0;3;7
17;1701;9;5;23;1;0;0;0;3;7
17;1701;9;6;0;1;0;0;0;3;1
17;1701;9;6;0;1;0;0;0;6;3
17;1701;9;6;0;1;0;0;0;3;7
6;0601;9;6;1;1;0;0;0;1;1
17;1701;9;6;1;1;0;2;2;8;9
17;1701;9;6;2;1;0;0;0;3;2
18;1801;9;6;3;2;0;0;0;4;3
23;2301;9;6;8;1;0;1;1;3;3
18;1801;9;6;9;2;0;2;2;3;3
17;1704;9;6;12;2;0;2;2;1;4
13;1301;9;6;13;1;0;0;0;3;7
17;1701;9;6;14;1;0;0;0;4;3
17;1701;9;6;15;1;0;2;2;4;8
17;1701;9;6;15;2;0;0;0;8;7
11;1101;9;6;16;1;0;1;1;3;7
10;1001;9;6;16;1;0;1;1;3;7
17;1701;9;6;17;1;0;0;0;3;1
1;0101;9;6;17;1;0;1;1;1;1
17;1701;9;6;18;2;0;1;1;3;2
7;0701;9;6;18;1;0;2;2;3;7
11;1101;9;6;19;1;0;0;0;4;4
17;1701;9;6;19;1;0;0;0;3;1
17;1701;9;6;20;1;0;0;0;3;1
12;1205;9;6;20;1;0;0;0;7;2
23;2301;9;6;20;1;0;0;0;3;3
18;1801;9;6;20;2;0;0;0;3;3
18;1801;9;6;20;1;0;1;1;3;3
17;1701;9;6;21;1;0;1;1;1;5
17;1701;9;6;21;1;0;1;1;3;1
18;1801;9;6;21;2;0;3;3;3;1
10;1001;9;6;21;1;0;0;0;4;3
11;1101;9;6;22;1;0;0;0;4;3
1;0101;9;6;22;1;0;1;1;4;1
11;1107;9;6;23;2;0;1;1;3;1
17;1701;9;6;23;1;0;0;0;3;1
17;1701;9;7;1;1;0;1;1;8;1
18;1801;9;7;1;2;0;0;0;4;3
23;2301;9;7;1;1;0;0;0;4;3
11;1101;9;7;2;1;0;0;0;7;3
17;1701;9;7;3;1;1;0;1;7;3
11;1101;9;7;3;1;0;0;0;4;3
17;1701;9;7;4;1;0;0;0;3;1
11;1101;9;7;4;2;0;0;0;7;3
18;1801;9;7;4;1;0;0;0;3;4
17;1701;9;7;5;1;0;2;2;7;4
17;1701;9;7;7;2;0;0;0;4;3
10;1001;9;7;8;2;0;1;1;3;7
10;1001;9;7;9;1;0;0;0;3;7
17;1701;9;7;9;1;1;3;4;3;3
17;1701;9;7;14;2;0;0;0;3;4
1;0101;9;7;15;1;0;1;1;3;7
10;1001;9;7;16;1;0;2;2;1;7
17;1701;9;7;19;1;0;0;0;3;4
17;1701;9;7;19;1;1;0;1;8;7
17;1701;9;7;19;2;1;0;1;1;4
17;1701;9;7;20;2;0;0;0;4;3
9;0907;9;7;20;1;0;0;0;3;4
12;1205;9;7;20;1;0;1;1;7;2
18;1801;9;7;20;2;0;2;2;3;2
18;1801;9;7;21;2;0;1;1;1;3
1;0101;9;7;22;2;0;1;1;1;1
1;0101;9;7;22;1;0;0;0;3;1
17;1701;9;1;6;1;0;1;1;7;2
17;1701;9;1;6;1;0;4;4;3;6
11;1101;9;1;6;1;0;0;0;3;3
17;1701;9;1;7;1;0;1;1;1;4
1;0101;9;1;7;1;0;0;0;3;10
17;1701;9;1;7;1;0;1;1;1;5
17;1701;9;1;7;1;0;2;2;3;4
17;1701;9;1;7;2;0;0;0;3;4
17;1701;9;1;8;1;0;0;0;3;2
12;1205;9;1;9;1;0;2;2;3;2
12;1201;9;1;13;1;0;0;0;3;4
17;1701;9;1;13;1;0;1;1;3;7
18;1801;9;1;13;1;0;1;1;3;2
17;1701;9;1;14;1;0;1;1;3;7
12;1205;9;1;14;1;0;0;0;3;2
1;0101;9;1;14;1;0;0;0;3;4
1;0101;9;1;14;1;0;1;1;3;10
18;1801;9;1;16;1;0;0;0;4;1
17;1701;9;1;17;1;0;0;0;4;3
1;0101;9;1;18;1;0;2;2;4;4
1;0101;9;1;20;1;0;1;1;3;4
11;1101;9;1;21;1;0;5;5;7;3
14;1401;9;7;9;2;0;0;0;7;4
22;2203;9;7;12;2;0;1;1;3;3
6;0606;9;7;13;2;1;0;1;3;3
13;1303;9;7;14;2;1;0;1;3;4
2;0201;9;7;16;2;2;4;6;3;2
22;2201;9;7;19;1;0;1;1;3;3
3;0304;9;1;0;2;2;0;2;1;3
2;0201;9;1;5;1;0;0;0;3;4
6;0603;9;1;5;2;1;0;1;1;3
14;1401;9;1;6;2;1;0;1;3;4
22;2204;9;1;6;2;0;1;1;3;3
13;1311;9;1;13;2;0;0;0;3;4
2;0205;9;1;23;2;0;1;1;7;7
6;0603;9;2;3;2;0;0;0;3;4
13;1303;9;2;6;2;0;2;2;7;4
17;1701;9;2;7;2;8;9;17;7;3
13;1318;9;2;13;2;0;1;1;7;4
22;2201;9;2;15;1;0;0;0;3;3
13;1317;9;2;16;2;0;1;1;7;4
6;0603;9;2;16;2;1;3;4;3;3
17;1701;9;2;16;2;1;0;1;1;3
14;1407;9;2;20;2;1;0;1;1;1
6;0603;9;2;23;2;0;1;1;7;3
13;1304;9;3;15;2;0;1;1;3;4
14;1407;9;4;14;2;0;1;1;7;4
17;1701;9;4;14;2;0;2;2;2;4
3;0302;9;4;16;2;0;1;1;1;4
17;1701;9;4;22;2;0;0;0;7;8
22;2204;9;4;22;2;0;0;0;1;5
13;1301;9;4;23;1;0;5;5;7;1
13;1314;9;5;0;2;1;0;1;4;4
13;1304;9;5;0;2;1;2;3;7;4
10;1002;9;5;7;1;0;2;2;1;5
19;1901;9;5;13;2;1;0;1;7;3
17;1701;9;5;22;2;0;1;1;7;3
19;1901;9;6;4;2;1;0;1;3;4
18;1802;9;6;9;2;0;2;2;3;4
13;1301;9;6;20;1;0;2;2;3;4
5;0505;9;6;23;1;0;3;3;3;4
6;0607;9;7;19;1;0;0;0;4;1
12;1209;9;7;23;1;1;0;1;3;4
15;1507;9;1;2;2;1;0;1;7;4
5;0505;9;1;19;1;0;0;0;4;1
10;1002;9;2;0;1;1;1;2;3;4
18;1808;9;2;8;2;0;4;4;4;4
14;1401;9;2;16;2;0;0;0;3;4
14;1401;9;2;20;2;0;1;1;1;4
13;1304;9;3;5;2;1;1;2;7;4
3;0302;9;3;16;2;0;0;0;4;7
2;0203;9;3;17;2;0;3;3;7;4
13;1317;9;4;4;1;0;1;1;3;4
18;1809;9;4;4;2;0;2;2;3;4
4;0401;9;4;10;2;0;1;1;7;4
22;2204;9;4;16;2;0;1;1;3;3
4;0401;9;4;18;1;0;0;0;3;1
14;1409;9;4;18;2;1;0;1;2;4
5;0505;9;4;19;2;1;0;1;1;5
17;1701;9;4;20;1;0;1;1;3;4
11;1105;9;4;21;1;0;1;1;4;3
18;1808;9;4;22;1;0;0;0;3;1
13;1317;9;4;23;2;0;1;1;7;4
13;1317;9;5;5;2;1;0;1;4;4
17;1703;9;5;6;2;0;0;0;3;4
19;1901;9;5;7;1;0;3;3;3;4
13;1317;9;5;12;1;0;2;2;3;4
3;0301;9;5;12;1;1;3;4;4;7
8;0804;9;5;14;1;0;1;1;3;4
17;1703;9;5;20;2;0;0;0;3;4
6;0601;9;5;21;2;1;0;1;3;3
17;1705;9;6;5;2;1;0;1;7;4
22;2204;9;6;12;2;0;2;2;3;4
22;2203;9;6;13;2;1;1;2;3;2
19;1909;9;6;16;2;0;2;2;5;3
6;0601;9;6;21;2;0;0;0;3;1
5;0505;9;6;22;2;0;1;1;4;4
6;0607;9;7;2;2;0;0;0;7;3
13;1317;9;7;4;2;0;1;1;7;1
17;1705;9;7;5;2;1;0;1;3;3
13;1309;9;7;7;1;1;0;1;7;4
3;0304;9;7;8;1;0;2;2;3;3
17;1705;9;7;15;1;0;1;1;3;1
5;0506;9;7;16;1;0;1;1;1;4
6;0607;9;7;23;2;0;1;1;7;3
13;1303;9;1;1;2;1;0;1;7;4
5;0505;9;1;4;2;0;4;4;3;4
21;2107;9;1;6;2;1;0;1;3;3
17;1701;9;1;6;2;0;1;1;3;4
17;1705;9;1;10;2;0;1;1;2;3
18;1808;9;2;0;1;0;0;0;7;4
1;0102;9;2;8;2;0;1;1;3;4
12;1210;9;2;14;1;1;0;1;3;4
17;1701;9;2;18;2;0;2;2;3;4
13;1301;9;2;18;2;0;0;0;4;4
13;1304;9;2;19;2;1;0;1;7;4
11;1111;9;2;23;1;0;1;1;3;7
13;1309;9;3;0;2;0;0;0;3;4
17;1705;9;3;14;1;0;1;1;3;4
14;1402;9;3;15;2;1;0;1;7;4
6;0606;9;4;6;2;1;0;1;3;3
2;0201;9;5;0;2;0;2;2;3;4
17;1705;9;6;3;2;0;1;1;3;3
17;1705;9;6;4;2;1;1;2;7;3
18;1807;9;6;8;2;0;0;0;4;4
11;1109;9;6;13;2;0;1;1;3;7
10;1001;9;6;16;2;1;0;1;3;4
17;1703;9;6;23;2;1;0;1;2;4
11;1113;9;7;1;2;1;0;1;3;7
17;1703;9;7;2;2;0;0;0;3;4
18;1807;9;7;3;2;0;0;0;4;4
11;1111;9;7;10;2;0;1;1;3;7
17;1701;9;7;14;2;0;0;0;3;1
5;0507;9;7;16;2;1;0;1;7;9
10;1004;9;7;19;1;0;3;3;4;4
4;0405;9;7;22;2;0;6;6;4;4
13;1305;9;1;9;2;1;0;1;3;4
18;1807;9;1;12;2;0;0;0;3;4
13;1313;9;1;19;2;1;2;3;7;4
13;1303;9;1;20;2;0;2;2;3;4
13;1311;9;1;22;2;0;0;0;3;4
21;2101;9;1;22;1;0;1;1;7;3
19;1901;9;2;3;2;0;0;0;3;4
6;0602;9;2;5;2;1;1;2;4;3
19;1901;9;2;8;2;0;0;0;3;4
11;1111;9;2;9;2;1;0;1;1;7
4;0401;9;2;21;1;0;1;1;3;1
13;1303;9;3;13;1;0;1;1;3;4
8;0804;9;3;18;2;1;0;1;3;4
17;1703;9;4;6;1;0;2;2;4;4
17;1701;9;4;6;1;0;1;1;3;4
17;1701;9;4;11;2;0;1;1;1;4
18;1807;9;4;16;2;0;0;0;3;4
13;1302;9;4;20;1;1;1;2;3;4
17;1703;9;4;21;2;0;0;0;3;4
17;1703;9;5;8;1;0;2;2;3;4
2;0201;9;5;12;2;0;3;3;7;9
13;1317;9;5;19;1;0;0;0;3;4
6;0606;9;6;3;2;1;0;1;3;4
17;1701;9;6;10;1;0;1;1;3;4
12;1210;9;6;11;2;0;1;1;7;4
13;1301;9;6;20;1;0;3;3;3;4
6;0607;9;6;21;1;1;0;1;1;5
2;0201;9;7;15;2;0;1;1;6;9
3;0301;9;7;19;2;1;0;1;6;4
21;2101;9;7;19;1;0;2;2;3;4
13;1319;9;7;20;1;1;0;1;1;4
5;0505;9;7;21;2;1;0;1;1;5
21;2101;9;1;3;1;0;1;1;7;6
17;1705;9;1;6;2;1;0;1;1;3
17;1703;9;1;12;2;0;1;1;3;4
2;0201;9;1;13;2;1;1;2;6;9
4;0401;9;1;16;2;1;0;1;3;4
21;2104;9;1;21;1;0;1;1;4;1
6;0607;9;5;17;2;1;0;1;7;3
1;0101;10;2;17;1;0;0;0;3;7
1;0101;10;2;18;1;0;1;1;1;4
1;0101;10;2;21;1;0;2;2;3;7
1;0101;10;3;7;1;0;2;2;3;4
1;0101;10;3;9;1;0;2;2;1;4
1;0101;10;3;14;1;0;0;0;3;7
1;0101;10;3;18;1;0;2;2;3;7
1;0101;10;3;18;1;0;0;0;3;1
1;0101;10;4;12;1;0;1;1;2;7
1;0101;10;4;13;1;0;0;0;3;4
1;0101;10;4;15;1;0;0;0;4;1
1;0101;10;5;15;1;0;1;1;1;8
1;0101;10;5;16;1;0;2;2;3;7
1;0101;10;5;16;1;0;0;0;3;4
1;0101;10;5;19;1;0;1;1;3;7
1;0101;10;5;23;1;0;0;0;3;1
1;0101;10;6;7;1;0;1;1;2;7
1;0101;10;6;14;1;0;0;0;4;4
1;0101;10;6;18;1;0;1;1;3;5
1;0101;10;6;23;1;0;1;1;7;7
1;0101;10;6;23;1;0;0;0;3;7
1;0101;10;1;7;1;0;3;3;3;5
1;0101;10;1;7;1;0;2;2;5;2
1;0101;10;1;7;1;0;3;3;3;4
1;0101;10;1;8;1;0;1;1;3;4
1;0101;10;1;8;1;0;0;0;3;1
1;0101;10;1;13;1;0;0;0;3;4
1;0101;10;1;21;1;0;0;0;3;4
1;0101;10;2;7;1;0;0;0;3;4
1;0101;10;2;19;1;0;1;1;4;7
1;0101;10;3;13;1;0;1;1;5;4
1;0101;10;3;15;1;0;1;1;1;7
1;0101;10;3;15;1;0;2;2;3;7
1;0101;10;3;20;1;0;1;1;3;7
1;0101;10;5;12;1;0;0;0;3;7
1;0101;10;5;19;1;0;0;0;4;7
1;0101;10;6;16;1;0;0;0;3;7
1;0101;10;7;12;1;0;0;0;4;1
1;0101;10;1;6;1;0;1;1;1;7
1;0101;10;1;7;1;0;1;1;3;7
1;0101;10;1;19;1;0;2;2;3;4
1;0101;10;2;13;1;0;0;0;3;10
1;0101;10;2;20;1;0;1;1;1;4
1;0101;10;3;17;1;0;1;1;1;2
1;0101;10;4;13;1;0;2;2;3;10
1;0101;10;5;14;1;0;0;0;7;4
1;0101;10;5;18;1;0;1;1;3;7
1;0101;10;6;2;1;0;1;1;1;1
1;0101;10;6;16;1;0;0;0;4;7
1;0101;10;6;19;1;1;0;1;7;7
1;0101;10;6;23;1;0;1;1;3;7
1;0101;10;7;3;1;0;2;2;7;7
1;0101;10;7;3;1;0;1;1;1;4
1;0101;10;7;8;1;0;1;1;3;7
1;0101;10;7;8;1;0;2;2;3;4
1;0101;10;7;15;1;0;7;7;3;7
1;0101;10;7;22;1;0;1;1;4;7
1;0101;10;1;7;1;0;1;1;1;4
1;0101;10;1;18;1;0;1;1;4;7
1;0101;10;1;19;1;0;1;1;3;7
1;0101;10;2;5;1;0;1;1;3;4
1;0101;10;2;9;1;1;0;1;1;4
1;0101;10;2;20;1;0;0;0;3;7
1;0101;10;2;21;1;0;3;3;3;7
1;0101;10;3;15;1;0;3;3;3;7
1;0101;10;4;6;1;0;1;1;3;7
1;0101;10;4;10;1;0;0;0;8;10
1;0101;10;4;12;1;0;0;0;3;7
1;0101;10;4;15;1;0;1;1;1;7
1;0101;10;4;19;1;0;3;3;3;4
1;0101;10;5;19;1;0;1;1;5;1
1;0101;10;6;0;1;0;4;4;7;1
1;0101;10;6;1;1;0;2;2;3;4
1;0101;10;6;4;1;0;1;1;3;7
1;0101;10;6;12;1;0;1;1;7;7
1;0101;10;6;14;1;0;1;1;1;5
1;0101;10;6;15;1;0;1;1;5;4
1;0101;10;6;20;1;0;2;2;3;2
1;0101;10;7;9;1;0;2;2;3;4
1;0101;10;7;15;1;0;0;0;7;1
1;0101;10;1;2;1;0;0;0;7;1
1;0101;10;1;18;1;0;1;1;3;7
1;0101;10;2;12;1;0;1;1;1;4
1;0101;10;2;17;1;0;0;0;5;1
1;0101;10;2;23;1;0;2;2;3;1
1;0101;10;3;12;1;0;0;0;3;10
1;0101;10;3;15;1;0;0;0;3;10
1;0101;10;3;22;1;0;2;2;3;1
1;0101;10;4;8;1;0;1;1;1;5
1;0101;10;4;9;1;0;1;1;1;5
1;0101;10;4;10;1;0;1;1;1;5
1;0101;10;4;14;1;0;1;1;5;4
1;0106;10;5;9;1;0;1;1;3;7
9;0925;10;7;1;2;0;0;0;4;4
9;0910;10;4;4;2;0;0;0;7;4
9;0910;10;6;11;2;0;2;2;3;7
9;0908;10;4;11;2;1;0;1;7;4
1;0108;10;1;1;2;0;1;1;7;4
1;0101;10;2;19;2;0;3;3;3;7
1;0103;10;4;19;2;0;1;1;4;9
1;0104;10;6;12;2;1;0;1;6;4
7;0702;10;3;17;2;0;2;2;5;4
2;0201;10;3;15;2;1;0;1;7;9
2;0205;10;7;18;1;0;0;0;3;2
2;0201;10;1;18;2;0;1;1;3;8
2;0201;10;6;17;2;0;1;1;6;9
2;0205;10;3;17;2;1;3;4;6;4
3;0302;10;3;14;2;1;1;2;3;4
3;0301;10;5;16;2;1;0;1;6;4
3;0304;10;5;23;2;0;1;1;4;4
3;0301;10;3;0;2;1;0;1;4;4
4;0405;10;2;18;1;0;5;5;7;1
4;0401;10;7;22;2;1;0;1;1;1
4;0401;10;5;12;2;0;2;2;5;4
4;0401;10;7;20;2;0;1;1;6;4
6;0601;10;3;10;1;0;1;1;3;4
6;0601;10;2;8;1;0;2;2;3;7
6;0601;10;3;16;1;0;1;1;1;4
6;0601;10;5;18;1;0;1;1;1;3
6;0601;10;6;15;1;0;1;1;3;7
6;0601;10;6;17;1;0;1;1;3;7
6;0601;10;7;14;1;0;1;1;1;7
6;0601;10;1;17;1;0;1;1;1;7
6;0601;10;1;11;1;0;1;1;3;7
6;0601;10;2;6;1;0;1;1;1;4
6;0601;10;4;0;1;1;0;1;7;7
6;0601;10;4;8;1;0;1;1;7;2
6;0601;10;2;20;1;0;1;1;1;1
6;0601;10;3;5;1;0;1;1;1;4
6;0601;10;4;21;1;0;1;1;4;4
6;0601;10;6;6;1;0;1;1;4;3
6;0601;10;2;17;1;0;2;2;1;4
6;0601;10;3;6;1;0;1;1;3;7
6;0601;10;3;19;1;0;0;0;1;7
6;0601;10;4;16;1;0;0;0;3;7
6;0601;10;5;20;1;1;1;2;8;7
6;0601;10;7;12;1;0;1;1;3;7
6;0601;10;2;13;1;1;0;1;1;4
6;0601;10;4;8;1;0;0;0;1;4
9;0901;10;6;19;2;0;2;2;3;4
9;0908;10;4;20;1;0;1;1;1;4
6;0603;10;6;9;2;1;0;1;3;3
6;0607;10;2;19;2;2;1;3;3;3
6;0601;10;3;19;2;0;1;1;3;1
6;0601;10;4;5;2;0;0;0;1;1
6;0607;10;4;19;2;0;0;0;3;4
6;0606;10;6;1;2;0;1;1;3;1
6;0607;10;5;5;2;0;1;1;5;4
6;0608;10;5;6;2;0;0;0;3;3
6;0603;10;6;7;2;1;0;1;1;4
6;0608;10;1;4;2;0;1;1;7;4
6;0607;10;4;7;2;0;2;2;3;4
6;0610;10;3;5;2;1;0;1;7;3
5;0505;10;7;1;1;0;0;0;4;9
5;0505;10;1;17;1;0;5;5;3;4
5;0501;10;2;0;1;0;3;3;3;4
5;0501;10;4;13;1;0;0;0;3;4
5;0501;10;5;20;1;0;0;0;3;4
5;0501;10;6;5;1;0;1;1;3;4
5;0501;10;6;16;1;0;0;0;3;4
5;0501;10;6;18;1;0;0;0;3;4
5;0501;10;5;12;1;0;0;0;3;4
5;0501;10;6;12;1;0;1;1;3;4
5;0501;10;7;0;1;0;1;1;3;4
5;0501;10;7;2;1;0;0;0;3;4
5;0501;10;1;1;1;0;0;0;3;4
5;0501;10;1;0;1;0;0;0;3;4
5;0501;10;1;4;1;1;0;1;3;4
5;0501;10;6;16;1;0;0;0;3;4
5;0501;10;6;22;1;0;0;0;3;4
5;0501;10;7;2;1;0;1;1;3;4
5;0501;10;7;5;1;0;1;1;3;4
5;0501;10;7;5;1;0;1;1;3;4
5;0501;10;2;8;1;0;0;0;3;4
5;0501;10;3;18;1;0;0;0;3;4
5;0501;10;5;7;1;0;0;0;3;4
5;0501;10;5;17;1;0;1;1;3;4
5;0501;10;6;19;1;0;0;0;3;4
5;0501;10;7;5;1;0;0;0;3;4
5;0501;10;7;1;1;0;0;0;3;4
5;0506;10;7;15;1;0;0;0;3;4
5;0501;10;7;19;1;0;1;1;3;4
5;0501;10;2;15;1;0;1;1;3;4
5;0501;10;3;1;1;0;0;0;3;4
5;0501;10;5;21;1;0;1;1;3;4
5;0501;10;3;15;1;0;0;0;3;4
5;0501;10;4;15;1;0;1;1;3;4
5;0504;10;7;12;1;0;0;0;4;4
5;0505;10;5;0;2;1;0;1;1;5
5;0502;10;5;8;2;3;0;3;4;4
5;0505;10;4;6;2;0;4;4;7;4
5;0507;10;6;7;1;1;3;4;3;4
9;0906;10;5;18;2;0;1;1;3;4
9;0921;10;7;19;2;0;0;0;3;4
7;0701;10;5;21;1;0;1;1;3;7
7;0701;10;3;14;1;0;1;1;3;3
7;0701;10;1;17;1;0;1;1;3;3
7;0701;10;2;17;1;0;0;0;3;7
7;0701;10;7;19;1;0;0;0;4;3
7;0701;10;1;11;1;0;1;1;3;3
7;0701;10;1;20;1;0;1;1;4;1
7;0702;10;6;3;2;0;0;0;4;4
9;0906;10;6;20;2;0;0;0;4;4
9;0910;10;6;18;2;0;1;1;7;4
9;0908;10;2;19;2;0;1;1;1;4
9;0928;10;6;18;2;0;2;2;3;7
9;0916;10;4;21;1;0;0;0;4;4
9;0907;10;4;14;2;0;3;3;3;4
9;0920;10;4;13;2;0;2;2;7;4
1;0101;10;3;15;2;0;0;0;7;4
9;0911;10;2;7;1;0;1;1;1;4
8;0805;10;7;12;1;0;2;2;3;1
8;0801;10;6;21;1;1;0;1;4;7
8;0801;10;4;18;1;1;0;1;3;7
8;0801;10;4;18;1;0;1;1;3;7
8;0801;10;7;3;1;1;0;1;7;3
8;0801;10;7;2;1;0;0;0;7;3
8;0801;10;5;16;1;0;0;0;3;3
8;0801;10;7;8;1;0;1;1;5;7
8;0804;10;4;12;1;0;1;1;1;4
8;0804;10;5;18;1;0;1;1;3;4
8;0804;10;6;0;1;1;0;1;3;7
8;0804;10;7;21;1;0;0;0;3;1
8;0804;10;5;22;2;1;1;2;7;4
8;0804;10;6;21;2;0;3;3;3;1
8;0804;10;7;13;2;0;0;0;3;4
8;0804;10;6;19;1;1;0;1;3;4
8;0807;10;1;17;2;1;1;2;7;4
8;0805;10;4;18;2;1;0;1;3;4
20;2003;10;4;11;2;0;1;1;3;4
9;0922;10;5;13;1;0;1;1;3;4
9;0907;10;2;14;1;0;2;2;3;4
9;0907;10;3;18;1;0;1;1;1;7
9;0907;10;5;19;1;0;1;1;2;4
9;0907;10;5;22;1;0;1;1;1;7
9;0907;10;6;15;1;0;3;3;3;4
9;0907;10;7;17;1;0;1;1;2;4
9;0907;10;5;5;1;0;1;1;3;4
9;0907;10;3;8;1;0;2;2;3;4
9;0907;10;5;10;1;0;2;2;2;4
9;0907;10;5;11;1;0;2;2;3;4
9;0907;10;2;20;1;0;3;3;3;4
9;0907;10;4;18;1;0;2;2;3;4
9;0907;10;7;0;1;1;0;1;2;4
9;0907;10;1;18;1;0;2;2;3;4
9;0901;10;2;2;1;0;1;1;7;3
9;0901;10;2;8;1;0;1;1;3;7
9;0901;10;2;10;1;0;1;1;3;2
9;0901;10;2;13;1;0;1;1;1;3
9;0901;10;2;13;1;1;1;2;7;3
9;0901;10;2;10;1;0;1;1;3;7
9;0901;10;2;12;1;0;1;1;1;3
9;0901;10;2;21;1;0;1;1;3;3
9;0901;10;2;19;1;0;2;2;3;2
9;0901;10;2;21;1;0;1;1;3;3
9;0901;10;2;23;1;0;5;5;3;3
9;0901;10;2;21;1;1;0;1;1;3
9;0901;10;2;22;1;1;0;1;5;4
9;0901;10;3;8;1;0;1;1;3;2
9;0901;10;3;10;1;0;2;2;3;4
9;0901;10;3;11;1;0;4;4;3;4
9;0901;10;3;14;1;0;1;1;3;7
9;0901;10;3;13;1;0;1;1;3;7
9;0901;10;3;14;1;0;1;1;7;3
9;0901;10;3;19;1;0;2;2;5;3
9;0901;10;3;16;1;0;0;0;4;2
9;0901;10;4;7;1;0;0;0;7;3
9;0901;10;4;8;1;0;1;1;3;7
9;0901;10;4;6;1;0;1;1;3;7
9;0901;10;4;12;1;0;3;3;3;4
9;0901;10;4;14;1;0;1;1;1;5
9;0901;10;4;15;1;0;3;3;3;7
9;0901;10;4;17;1;0;2;2;3;4
9;0901;10;4;11;1;0;1;1;1;7
9;0901;10;4;23;1;1;0;1;7;3
9;0901;10;5;3;1;0;0;0;4;3
9;0901;10;5;8;1;0;1;1;1;3
9;0901;10;5;8;1;1;2;3;5;4
9;0901;10;5;8;1;0;0;0;7;3
9;0901;10;5;14;1;0;1;1;3;3
9;0901;10;5;14;1;0;2;2;3;2
9;0901;10;5;11;1;0;1;1;1;5
9;0901;10;5;15;1;0;2;2;3;7
9;0901;10;5;23;1;0;2;2;5;4
9;0901;10;6;0;1;0;1;1;7;3
9;0901;10;6;6;1;0;1;1;1;3
9;0901;10;6;6;1;0;1;1;3;3
9;0901;10;6;4;1;0;1;1;7;3
9;0901;10;5;23;1;1;1;2;3;7
9;0901;10;6;17;1;0;1;1;1;3
9;0901;10;6;13;1;0;1;1;3;3
9;0901;10;6;17;1;0;0;0;3;7
9;0901;10;6;14;1;0;1;1;3;3
9;0901;10;6;18;1;0;2;2;3;3
9;0901;10;6;23;1;0;0;0;7;3
9;0901;10;6;23;1;0;1;1;1;1
9;0901;10;6;23;1;0;0;0;7;3
9;0901;10;7;2;1;0;2;2;3;3
9;0901;10;7;1;1;0;0;0;4;3
9;0901;10;7;3;1;0;0;0;5;1
9;0901;10;7;8;1;0;1;1;3;3
9;0901;10;7;6;1;0;2;2;3;3
9;0901;10;7;10;1;0;3;3;3;3
9;0901;10;7;9;1;0;0;0;4;4
9;0901;10;7;8;1;0;7;7;3;7
9;0901;10;7;15;1;0;1;1;1;3
9;0901;10;7;20;1;0;2;2;3;4
9;0901;10;1;6;1;0;2;2;1;3
9;0901;10;1;8;1;0;1;1;7;9
9;0901;10;1;3;1;0;0;0;7;10
9;0901;10;1;6;1;0;2;2;3;3
9;0901;10;1;10;1;0;1;1;1;4
9;0901;10;1;13;1;0;1;1;3;3
9;0901;10;1;9;1;0;2;2;1;3
9;0901;10;1;16;1;0;1;1;3;4
9;0901;10;1;15;1;0;0;0;3;3
9;0901;10;1;20;1;0;1;1;5;3
9;0901;10;1;19;1;0;0;0;5;3
9;0901;10;1;18;1;0;0;0;4;3
9;0901;10;1;19;1;0;1;1;1;3
9;0901;10;2;6;1;0;1;1;1;5
9;0901;10;2;7;1;0;2;2;3;3
9;0901;10;2;6;1;0;1;1;4;3
9;0901;10;2;15;1;0;2;2;3;10
9;0901;10;2;17;1;0;2;2;3;3
9;0901;10;2;19;1;0;1;1;3;3
9;0901;10;3;7;1;0;1;1;4;3
9;0901;10;3;13;1;0;4;4;1;4
9;0901;10;3;11;1;0;2;2;7;3
9;0901;10;3;14;1;0;2;2;3;4
9;0901;10;3;17;1;0;1;1;3;3
9;0901;10;3;18;1;0;2;2;7;3
9;0901;10;3;16;1;0;1;1;7;3
9;0901;10;3;19;1;0;1;1;7;3
9;0901;10;3;22;1;0;1;1;1;3
9;0901;10;3;20;1;0;1;1;1;3
9;0901;10;3;20;1;0;1;1;1;9
9;0901;10;4;9;1;0;0;0;5;4
9;0901;10;4;9;1;0;1;1;2;4
9;0901;10;4;14;1;0;1;1;3;3
9;0901;10;4;14;1;0;0;0;3;4
9;0901;10;4;10;1;0;1;1;3;2
9;0901;10;4;19;1;0;0;0;4;3
9;0901;10;4;20;1;0;1;1;3;4
9;0901;10;4;21;1;0;1;1;5;4
9;0901;10;4;20;1;0;2;2;3;2
9;0901;10;4;19;1;0;2;2;3;7
9;0901;10;4;22;1;0;1;1;3;4
9;0901;10;4;18;1;0;0;0;7;3
9;0901;10;4;22;1;0;0;0;4;3
9;0901;10;5;5;1;0;2;2;4;1
9;0901;10;5;7;1;0;1;1;7;3
9;0901;10;5;2;1;1;0;1;7;3
9;0901;10;5;10;1;0;3;3;3;7
9;0901;10;5;10;1;0;1;1;3;3
9;0901;10;5;6;1;1;0;1;1;3
9;0901;10;5;13;1;0;2;2;3;7
9;0901;10;5;14;1;0;1;1;3;2
9;0901;10;5;17;1;0;0;0;3;7
9;0901;10;5;19;1;0;1;1;7;3
9;0901;10;5;19;1;0;1;1;1;3
9;0901;10;5;20;1;0;0;0;3;7
9;0901;10;6;0;1;0;1;1;7;3
9;0901;10;6;7;1;0;0;0;3;3
9;0901;10;6;7;1;0;1;1;3;3
9;0901;10;6;5;1;0;2;2;7;10
9;0901;10;5;23;1;0;0;0;3;3
9;0901;10;6;7;1;0;7;7;3;3
9;0901;10;6;12;1;0;1;1;3;3
9;0901;10;6;15;1;0;2;2;3;4
9;0901;10;6;15;1;0;1;1;1;4
9;0901;10;6;12;1;0;2;2;3;7
9;0901;10;6;16;1;0;1;1;1;4
9;0901;10;6;21;1;0;1;1;1;1
9;0901;10;6;21;1;0;1;1;1;5
9;0901;10;7;0;1;0;2;2;6;3
9;0901;10;6;18;1;0;2;2;6;3
9;0901;10;6;19;1;0;1;1;3;3
9;0901;10;7;0;1;0;0;0;7;3
9;0901;10;7;4;1;0;0;0;7;3
9;0901;10;7;6;1;1;1;2;7;3
9;0901;10;7;6;1;0;2;2;4;3
9;0901;10;7;4;1;0;2;2;7;1
9;0901;10;7;3;1;0;1;1;3;3
9;0901;10;7;5;1;0;0;0;7;3
9;0901;10;7;11;1;0;1;1;1;3
9;0901;10;7;13;1;0;1;1;3;7
9;0901;10;7;15;1;0;1;1;3;2
9;0901;10;7;16;1;0;1;1;3;7
9;0901;10;7;18;1;0;1;1;1;4
9;0901;10;7;19;1;0;1;1;1;5
9;0901;10;7;23;1;0;1;1;3;3
9;0901;10;7;21;1;0;0;0;3;3
9;0901;10;1;10;1;0;2;2;3;10
9;0901;10;1;16;1;0;1;1;3;4
9;0901;10;1;15;1;0;0;0;4;3
9;0901;10;1;15;1;0;0;0;7;3
9;0901;10;1;21;1;0;1;1;3;7
9;0901;10;1;23;1;0;1;1;7;10
9;0901;10;1;16;1;0;1;1;1;5
9;0901;10;2;0;1;0;0;0;5;6
9;0901;10;1;18;1;0;1;1;3;3
9;0901;10;2;6;1;0;1;1;1;3
9;0901;10;2;6;1;0;3;3;3;4
9;0901;10;2;14;1;0;1;1;1;3
9;0901;10;2;8;1;0;0;0;5;3
9;0901;10;2;18;1;0;4;4;3;3
9;0901;10;2;20;1;0;1;1;7;3
9;0901;10;2;20;1;0;1;1;3;3
9;0901;10;3;0;1;0;0;0;4;3
9;0901;10;3;6;1;0;0;0;5;4
9;0901;10;3;8;1;0;2;2;3;2
9;0901;10;3;11;1;0;1;1;3;10
9;0901;10;3;12;1;0;1;1;3;7
9;0901;10;3;17;1;0;3;3;3;7
9;0901;10;3;21;1;0;1;1;1;3
9;0901;10;3;19;1;0;1;1;3;4
9;0901;10;3;15;1;0;1;1;3;7
9;0901;10;3;18;1;0;1;1;1;3
9;0901;10;4;8;1;0;0;0;3;3
9;0901;10;4;8;1;0;0;0;7;3
9;0901;10;4;14;1;0;1;1;3;7
9;0901;10;4;6;1;0;4;4;3;7
9;0901;10;4;8;1;0;1;1;4;4
9;0901;10;4;11;1;0;0;0;3;7
9;0901;10;4;19;1;1;0;1;1;10
9;0901;10;4;18;1;0;1;1;1;7
9;0901;10;4;20;1;0;2;2;1;5
9;0901;10;4;11;1;0;0;0;3;7
9;0901;10;4;17;1;0;1;1;1;3
9;0901;10;5;5;1;0;0;0;7;3
9;0901;10;4;21;1;0;1;1;3;3
9;0901;10;5;1;1;0;1;1;3;1
9;0901;10;5;6;1;0;2;2;3;7
9;0901;10;5;7;1;0;2;2;3;7
9;0901;10;5;7;1;0;1;1;1;7
9;0901;10;5;10;1;0;0;0;5;1
9;0901;10;5;8;1;0;2;2;3;7
9;0901;10;5;10;1;0;0;0;5;4
9;0901;10;5;9;1;0;1;1;1;3
9;0901;10;5;11;1;0;2;2;3;3
9;0901;10;5;13;1;1;1;2;3;3
9;0901;10;5;20;1;0;1;1;1;3
9;0901;10;5;9;1;0;0;0;4;3
9;0901;10;5;8;1;0;1;1;7;3
9;0901;10;6;1;1;0;0;0;7;3
9;0901;10;6;5;1;1;0;1;3;7
9;0901;10;6;7;1;0;1;1;1;3
9;0901;10;6;8;1;0;1;1;7;3
9;0901;10;6;9;1;0;1;1;7;3
9;0901;10;6;9;1;0;1;1;1;3
9;0901;10;6;8;1;0;1;1;3;3
9;0901;10;6;9;1;0;2;2;3;7
9;0901;10;6;11;1;0;2;2;3;7
9;0901;10;6;16;1;0;5;5;3;7
9;0901;10;6;17;1;0;0;0;3;7
9;0901;10;6;15;1;0;2;2;1;4
9;0901;10;6;19;1;0;1;1;3;4
9;0901;10;6;15;1;0;2;2;1;4
9;0901;10;6;18;1;0;1;1;3;7
9;0901;10;6;23;1;0;2;2;7;3
9;0901;10;6;23;1;0;1;1;4;3
9;0901;10;6;22;1;0;1;1;3;7
9;0901;10;6;22;1;0;1;1;1;3
9;0901;10;7;2;1;0;0;0;3;7
9;0901;10;7;3;1;1;0;1;7;3
9;0901;10;7;4;1;0;1;1;1;3
9;0901;10;7;5;1;0;0;0;4;3
9;0901;10;7;3;1;0;0;0;7;3
9;0901;10;7;5;1;0;0;0;4;3
9;0901;10;7;11;1;0;0;0;3;7
9;0901;10;7;13;1;0;0;0;3;4
9;0901;10;7;6;1;0;2;2;3;7
9;0901;10;7;8;1;0;1;1;3;3
9;0901;10;7;14;1;0;1;1;3;7
9;0901;10;7;14;1;0;1;1;1;4
9;0901;10;7;23;1;0;1;1;4;1
9;0901;10;7;14;1;0;1;1;3;7
9;0901;10;7;18;1;0;1;1;3;7
9;0901;10;7;19;1;0;1;1;3;3
9;0901;10;7;19;1;1;0;1;7;4
9;0901;10;7;19;1;0;1;1;3;7
9;0901;10;7;17;1;0;2;2;3;2
9;0901;10;1;6;1;0;1;1;3;4
9;0901;10;7;22;1;0;1;1;7;4
9;0901;10;7;22;1;1;0;1;7;3
9;0901;10;1;12;1;0;1;1;3;4
9;0901;10;1;9;1;0;1;1;2;4
9;0901;10;1;13;1;0;1;1;4;4
9;0901;10;1;9;1;0;1;1;1;5
9;0901;10;1;7;1;0;1;1;8;10
9;0901;10;1;11;1;0;2;2;3;3
9;0901;10;1;14;1;0;2;2;3;7
9;0901;10;1;13;1;0;2;2;1;5
9;0901;10;1;17;1;1;0;1;1;4
9;0901;10;1;16;1;2;0;2;3;3
9;0901;10;1;19;1;0;1;1;3;4
9;0901;10;1;16;1;0;3;3;3;3
9;0901;10;2;4;1;0;0;0;4;3
9;0901;10;2;8;1;0;1;1;1;3
9;0901;10;2;9;1;0;2;2;3;3
9;0901;10;2;8;1;0;1;1;3;3
9;0901;10;2;9;1;0;2;2;3;3
9;0901;10;2;19;1;0;0;0;3;1
9;0901;10;3;6;1;0;4;4;3;7
9;0901;10;3;7;1;0;2;2;1;5
9;0901;10;3;17;1;0;1;1;7;3
9;0901;10;3;20;1;0;1;1;3;3
9;0901;10;3;18;1;0;1;1;1;3
9;0901;10;3;19;1;0;2;2;1;3
9;0901;10;4;6;1;0;2;2;3;3
9;0901;10;4;10;1;0;2;2;3;2
9;0901;10;4;16;1;0;1;1;3;7
9;0901;10;4;16;1;0;2;2;3;2
9;0901;10;4;16;1;0;2;2;3;7
9;0901;10;4;12;1;0;1;1;3;2
9;0901;10;4;16;1;0;3;3;3;7
9;0901;10;4;16;1;0;1;1;1;4
9;0901;10;4;17;1;0;0;0;3;7
9;0901;10;4;22;1;1;0;1;7;3
9;0901;10;4;20;1;0;1;1;1;4
9;0901;10;5;2;1;0;0;0;7;6
9;0901;10;4;20;1;0;1;1;6;3
9;0901;10;4;21;1;0;1;1;1;4
9;0901;10;5;8;1;1;1;2;1;3
9;0901;10;5;6;1;0;1;1;3;3
9;0901;10;5;9;1;0;1;1;1;3
9;0901;10;5;15;1;0;2;2;6;3
9;0901;10;5;14;1;0;1;1;1;3
9;0901;10;5;17;1;0;0;0;8;3
9;0901;10;5;15;1;0;0;0;3;3
9;0901;10;5;16;1;0;0;0;3;10
9;0901;10;5;17;1;0;0;0;3;4
9;0901;10;5;18;1;0;1;1;5;4
9;0901;10;6;3;1;0;1;1;7;3
9;0901;10;6;3;1;0;1;1;7;1
9;0901;10;6;10;1;0;1;1;3;7
9;0901;10;6;13;1;0;1;1;3;7
9;0901;10;6;12;1;0;1;1;5;3
9;0901;10;6;13;1;0;1;1;1;4
9;0901;10;6;7;1;0;0;0;4;3
9;0901;10;6;16;1;0;1;1;3;7
9;0901;10;6;18;1;1;0;1;1;3
9;0901;10;6;17;1;0;0;0;3;4
9;0901;10;6;21;1;0;1;1;1;3
9;0901;10;6;17;1;0;1;1;4;4
9;0901;10;6;20;1;0;1;1;3;1
9;0901;10;6;19;1;0;1;1;3;7
9;0901;10;6;17;1;0;1;1;1;3
9;0901;10;6;21;1;0;2;2;1;7
9;0901;10;7;3;1;0;1;1;3;7
9;0901;10;7;5;1;0;0;0;7;3
9;0901;10;7;2;1;0;3;3;4;3
9;0901;10;7;2;1;0;2;2;7;3
9;0901;10;7;5;1;0;1;1;4;3
9;0901;10;7;7;1;0;1;1;3;10
9;0901;10;7;2;1;0;1;1;3;3
9;0901;10;7;13;1;0;1;1;1;3
9;0901;10;7;13;1;0;0;0;7;3
9;0901;10;7;4;1;1;0;1;1;3
9;0901;10;7;13;1;0;7;7;3;7
9;0901;10;7;14;1;0;3;3;3;10
9;0901;10;7;16;1;0;2;2;3;4
9;0901;10;7;14;1;0;2;2;3;4
9;0901;10;7;10;1;0;0;0;7;3
9;0901;10;7;15;1;0;1;1;7;3
9;0901;10;1;3;1;0;0;0;8;3
9;0901;10;7;19;1;0;2;2;3;7
9;0901;10;7;8;1;0;1;1;7;3
9;0901;10;7;23;1;0;0;0;3;3
9;0901;10;7;20;1;0;1;1;1;3
9;0901;10;1;4;1;0;0;0;4;3
9;0901;10;7;16;1;0;0;0;4;4
9;0901;10;1;11;1;0;1;1;3;10
9;0901;10;1;1;1;0;1;1;1;10
9;0901;10;1;1;1;0;2;2;3;10
9;0901;10;1;10;1;0;1;1;3;4
9;0901;10;1;16;1;0;1;1;1;4
9;0901;10;1;14;1;0;0;0;5;3
9;0901;10;1;16;1;0;1;1;3;4
9;0901;10;1;18;1;0;0;0;3;3
9;0901;10;2;2;1;0;0;0;4;3
9;0901;10;2;7;1;0;2;2;3;10
9;0901;10;2;6;1;0;2;2;3;7
9;0901;10;2;7;1;0;1;1;3;3
9;0901;10;2;13;1;0;1;1;1;5
9;0901;10;2;8;1;0;0;0;3;4
9;0901;10;2;14;1;0;1;1;3;7
9;0901;10;2;12;1;0;0;0;3;4
9;0901;10;2;15;1;0;0;0;3;2
9;0901;10;2;16;1;0;2;2;8;3
9;0901;10;2;20;1;1;0;1;1;3
9;0901;10;2;22;1;0;1;1;7;9
9;0901;10;2;17;1;0;2;2;1;3
9;0901;10;2;17;1;0;3;3;3;3
9;0901;10;3;9;1;0;2;2;3;4
9;0901;10;3;10;1;0;0;0;5;4
9;0901;10;3;12;1;0;1;1;1;7
9;0901;10;3;13;1;0;1;1;3;3
9;0901;10;3;15;1;0;2;2;7;3
9;0901;10;3;14;1;0;1;1;3;3
9;0901;10;3;19;1;0;1;1;3;1
9;0901;10;3;17;1;0;2;2;3;3
9;0901;10;3;19;1;0;1;1;1;5
9;0901;10;3;15;1;0;2;2;1;3
9;0901;10;4;3;1;0;0;0;4;3
9;0901;10;3;14;1;0;1;1;3;4
9;0901;10;3;19;1;0;1;1;3;4
9;0901;10;3;20;1;1;0;1;4;3
9;0901;10;4;6;1;0;1;1;3;7
9;0901;10;4;8;1;0;2;2;3;10
9;0901;10;4;6;1;0;1;1;1;3
9;0901;10;4;8;1;0;1;1;3;4
9;0901;10;4;4;1;0;0;0;7;3
9;0901;10;4;7;1;0;1;1;1;5
9;0901;10;4;5;1;0;1;1;3;7
9;0901;10;4;5;1;0;0;0;3;3
9;0901;10;4;3;1;0;0;0;7;6
9;0901;10;4;7;1;0;2;2;3;7
9;0901;10;4;15;1;0;1;1;3;10
9;0901;10;4;13;1;0;0;0;3;7
9;0901;10;4;17;1;0;1;1;3;4
9;0901;10;4;17;1;0;0;0;3;3
9;0901;10;4;17;1;0;2;2;1;5
9;0901;10;4;20;1;0;1;1;3;3
9;0901;10;4;22;1;1;0;1;7;3
9;0901;10;4;22;1;0;1;1;3;4
9;0901;10;4;15;1;0;1;1;3;3
9;0906;10;2;5;2;0;1;1;7;4
9;0901;10;2;7;2;0;1;1;7;4
9;0916;10;2;5;1;0;1;1;3;4
9;0907;10;2;6;2;0;1;1;1;4
9;0914;10;2;13;2;0;4;4;3;7
9;0916;10;2;16;1;0;2;2;3;7
9;0922;10;2;22;2;0;1;1;1;4
9;0906;10;3;17;2;0;0;0;1;4
6;0608;10;3;17;2;0;1;1;3;4
9;0907;10;3;20;2;0;0;0;3;4
9;0916;10;4;10;1;0;0;0;5;4
6;0608;10;4;9;2;0;1;1;7;4
9;0901;10;4;17;2;0;1;1;3;7
9;0911;10;2;10;2;1;0;1;3;7
9;0906;10;4;18;2;0;1;1;2;5
7;0701;10;4;16;2;0;0;0;7;4
9;0907;10;4;16;2;0;1;1;3;7
9;0902;10;4;9;2;0;0;0;4;4
9;0916;10;4;20;2;0;2;2;3;7
9;0911;10;5;11;2;0;1;1;3;4
9;0920;10;5;15;2;0;1;1;5;4
9;0920;10;5;16;2;0;1;1;7;4
9;0920;10;6;12;2;0;1;1;3;7
9;0922;10;6;20;2;2;2;4;3;7
9;0912;10;7;1;1;0;1;1;8;10
9;0910;10;6;20;2;0;2;2;3;7
9;0916;10;6;18;2;0;0;0;3;7
9;0907;10;6;13;2;0;0;0;3;7
9;0918;10;7;5;2;0;0;0;7;4
9;0906;10;7;0;1;0;3;3;7;4
9;0906;10;3;5;2;0;0;0;7;4
9;0920;10;7;21;2;0;1;1;7;4
7;0711;10;6;22;2;0;1;1;7;4
1;0101;10;6;20;2;0;0;0;4;4
9;0904;10;2;11;1;0;3;3;5;4
9;0904;10;4;11;1;0;1;1;1;4
9;0918;10;7;18;2;0;1;1;1;4
9;0920;10;7;19;2;0;1;1;7;4
9;0906;10;7;20;2;0;3;3;1;4
2;0206;10;7;15;1;0;1;1;7;4
1;0104;10;1;7;2;0;0;0;7;4
9;0910;10;1;12;2;0;1;1;3;7
9;0907;10;1;15;2;0;1;1;1;4
9;0916;10;1;2;1;0;1;1;7;4
9;0911;10;2;6;2;0;3;3;3;7
9;0906;10;1;19;2;0;1;1;7;4
9;0907;10;1;17;2;0;1;1;3;7
1;0108;10;1;20;2;0;0;0;5;4
1;0101;10;2;9;2;0;0;0;7;4
9;0920;10;1;18;2;0;1;1;3;7
9;0922;10;2;14;2;0;2;2;3;7
9;0906;10;2;15;2;1;0;1;3;7
1;0102;10;2;16;2;0;0;0;3;7
9;0906;10;2;18;1;0;1;1;7;4
11;1111;10;3;19;2;0;1;1;1;4
9;0902;10;4;6;2;0;1;1;3;4
9;0906;10;1;16;2;0;1;1;7;4
9;0907;10;4;13;2;0;2;2;3;7
9;0902;10;4;15;2;0;1;1;3;7
9;0908;10;4;11;1;0;1;1;3;7
9;0902;10;4;17;2;0;1;1;2;5
9;0911;10;3;19;2;0;1;1;4;4
9;0901;10;4;21;2;0;0;0;4;4
9;0907;10;5;4;2;0;0;0;4;4
9;0925;10;5;2;2;1;1;2;3;7
9;0901;10;4;19;2;0;3;3;3;7
9;0925;10;5;6;2;0;1;1;1;4
9;0906;10;5;11;2;0;0;0;3;7
9;0907;10;6;8;2;0;0;0;5;4
9;0906;10;5;19;2;0;1;1;5;4
7;0701;10;7;7;2;0;2;2;7;4
9;0923;10;7;10;1;0;1;1;3;7
7;0710;10;7;10;2;0;1;1;7;4
7;0709;10;7;18;2;0;1;1;1;4
7;0709;10;7;19;2;1;0;1;3;7
9;0914;10;7;23;2;0;12;12;7;4
9;0914;10;7;21;2;0;1;1;3;7
9;0911;10;6;23;2;0;1;1;1;4
9;0920;10;1;11;2;0;1;1;1;4
7;0702;10;1;16;2;0;1;1;7;4
9;0907;10;1;18;2;0;3;3;3;7
9;0907;10;1;16;2;1;0;1;3;4
9;0920;10;2;9;2;0;1;1;7;4
9;0906;10;2;5;2;0;1;1;7;4
9;0906;10;1;21;2;0;1;1;7;4
9;0914;10;2;12;1;0;1;1;3;7
9;0907;10;2;7;2;0;1;1;3;4
9;0907;10;2;18;2;0;2;2;5;4
9;0921;10;7;3;2;0;0;0;3;4
9;0921;10;6;18;2;0;2;2;3;7
9;0921;10;7;5;2;0;3;3;3;7
9;0925;10;2;12;2;0;1;1;3;7
9;0901;10;6;7;2;0;1;1;3;4
9;0903;10;3;11;2;1;0;1;1;4
9;0928;10;3;5;2;0;1;1;7;4
9;0914;10;4;5;2;0;1;1;1;4
9;0907;10;2;8;1;0;4;4;3;4
9;0921;10;4;7;2;1;0;1;3;7
9;0911;10;3;19;2;0;3;3;3;7
9;0916;10;4;1;2;0;0;0;4;4
9;0902;10;4;8;2;0;1;1;3;7
9;0925;10;4;16;2;1;0;1;3;4
9;0916;10;5;4;2;1;0;1;1;4
6;0608;10;4;20;2;1;0;1;1;4
1;0108;10;5;12;2;0;0;0;3;7
9;0923;10;5;23;2;1;2;3;4;4
9;0902;10;5;14;2;0;1;1;3;7
7;0709;10;5;12;2;0;0;0;7;4
7;0709;10;6;3;2;0;1;1;7;4
9;0906;10;6;19;1;0;1;1;4;4
9;0906;10;6;15;2;0;3;3;3;7
9;0908;10;6;19;2;0;1;1;1;4
9;0907;10;7;6;2;0;1;1;5;4
7;0701;10;6;19;2;1;1;2;3;7
9;0924;10;6;18;2;0;1;1;3;4
9;0919;10;6;22;2;0;2;2;3;7
9;0910;10;7;20;2;1;0;1;1;4
9;0920;10;7;20;2;1;0;1;8;10
1;0108;10;7;15;2;0;0;0;4;4
9;0904;10;7;16;2;0;0;0;1;4
9;0904;10;2;18;1;0;0;0;8;10
11;1111;10;7;19;2;0;1;1;3;7
9;0906;10;1;8;1;0;2;2;3;7
9;0901;10;7;19;2;0;2;2;7;4
9;0910;10;1;15;2;0;1;1;1;4
9;0923;10;1;16;1;0;2;2;3;7
11;1111;10;1;15;2;0;2;2;3;7
1;0108;10;7;15;2;0;1;1;7;4
9;0906;10;1;7;2;0;1;1;6;4
9;0901;10;1;18;1;0;1;1;3;4
9;0925;10;1;22;2;0;1;1;7;4
9;0907;10;6;2;2;1;0;1;1;4
9;0921;10;1;10;1;0;2;2;4;4
9;0916;10;2;13;1;0;2;2;3;7
9;0920;10;2;16;2;0;2;2;3;7
1;0101;10;3;6;2;0;0;0;3;7
9;0907;10;7;12;2;0;0;0;1;4
9;0912;10;4;5;2;0;1;1;3;7
9;0901;10;5;4;2;0;0;0;3;4
9;0924;10;4;23;2;1;0;1;7;4
9;0906;10;4;19;2;1;3;4;3;7
9;0906;10;4;19;2;0;1;1;7;4
9;0921;10;4;14;2;0;1;1;1;4
7;0710;10;4;22;2;0;2;2;7;4
7;0710;10;2;7;2;0;0;0;3;7
1;0104;10;4;15;2;0;1;1;5;4
11;1111;10;5;12;1;0;1;1;1;4
9;0906;10;5;21;2;0;1;1;1;4
9;0920;10;6;8;2;0;1;1;3;7
9;0910;10;6;16;2;0;2;2;5;4
9;0922;10;6;20;1;0;0;0;3;7
9;0902;10;6;19;2;0;1;1;1;4
9;0924;10;6;20;2;3;4;7;3;7
9;0906;10;7;3;2;0;1;1;7;4
9;0914;10;7;2;1;0;1;1;4;4
1;0109;10;6;21;2;0;0;0;3;7
9;0911;10;6;4;2;0;1;1;8;10
1;0110;10;6;20;2;0;1;1;1;4
7;0707;10;7;4;2;0;1;1;7;4
1;0101;10;7;15;2;0;1;1;5;4
11;1111;10;3;14;2;0;1;1;5;4
9;0906;10;3;22;2;0;1;1;5;4
9;0902;10;4;9;2;0;1;1;2;5
9;0924;10;4;18;2;0;5;5;3;7
1;0101;10;4;14;2;0;1;1;3;7
9;0910;10;4;13;2;0;0;0;5;4
9;0908;10;4;22;2;0;2;2;3;7
9;0911;10;2;6;2;0;1;1;2;5
1;0106;10;4;18;2;0;0;0;3;4
9;0911;10;5;15;2;1;0;1;3;7
9;0911;10;5;17;1;0;1;1;2;5
9;0907;10;6;17;2;0;0;0;7;4
9;0911;10;7;4;2;0;0;0;5;4
9;0925;10;7;16;2;0;1;1;8;10
9;0918;10;7;19;2;0;2;2;3;7
9;0918;10;7;19;2;0;2;2;7;4
1;0110;10;7;20;2;0;1;1;7;4
9;0907;10;2;20;2;0;1;1;1;4
9;0914;10;2;21;2;0;1;1;3;7
9;0906;10;3;7;2;0;1;1;8;10
9;0922;10;3;10;1;0;0;0;4;4
10;1004;10;3;9;1;0;0;0;3;10
10;1004;10;7;16;1;0;0;0;3;4
10;1004;10;4;22;1;1;0;1;1;5
10;1004;10;5;1;1;0;0;0;3;4
10;1004;10;6;7;1;0;1;1;1;4
10;1004;10;1;19;1;0;0;0;3;4
10;1003;10;7;15;1;0;1;1;3;4
10;1002;10;7;7;1;0;1;1;3;7
10;1002;10;1;7;1;0;1;1;3;4
10;1002;10;7;2;1;0;1;1;3;7
10;1001;10;3;13;1;0;1;1;1;7
10;1001;10;4;11;1;0;1;1;3;7
10;1001;10;4;16;1;0;0;0;3;7
10;1001;10;6;14;1;0;0;0;3;1
10;1001;10;6;18;1;0;1;1;1;7
10;1001;10;7;11;1;0;1;1;3;7
10;1001;10;5;15;1;0;0;0;3;7
10;1001;10;5;17;1;0;1;1;3;7
10;1001;10;7;4;1;0;1;1;1;7
10;1001;10;7;4;1;0;5;5;3;7
10;1001;10;7;18;1;0;1;1;1;4
10;1001;10;5;7;1;0;1;1;1;4
10;1003;10;1;0;1;0;0;0;7;3
10;1001;10;2;19;1;0;1;1;2;3
10;1001;10;2;18;1;0;1;1;3;7
10;1001;10;6;21;1;0;2;2;3;7
10;1001;10;7;3;1;0;1;1;3;7
10;1001;10;7;11;1;0;0;0;4;3
10;1001;10;1;6;1;0;0;0;3;7
10;1001;10;3;8;1;0;0;0;3;7
10;1001;10;2;12;2;1;0;1;3;4
10;1002;10;5;16;1;0;1;1;4;4
10;1002;10;6;17;1;0;1;1;3;4
10;1004;10;4;18;2;0;1;1;3;4
10;1004;10;3;12;1;1;0;1;3;4
11;1101;10;2;20;1;0;1;1;3;4
11;1101;10;3;2;1;0;1;1;3;7
11;1101;10;3;10;1;0;0;0;3;4
11;1101;10;3;20;1;0;2;2;4;1
11;1101;10;3;18;1;0;1;1;1;4
11;1101;10;4;14;1;0;2;2;3;7
11;1101;10;5;18;1;0;3;3;4;3
11;1101;10;6;18;1;0;2;2;3;3
11;1101;10;6;2;1;0;0;0;4;4
11;1101;10;7;1;1;0;1;1;3;4
11;1101;10;7;6;1;0;1;1;4;1
11;1101;10;6;19;1;0;2;2;4;4
11;1101;10;7;5;1;0;0;0;3;3
11;1101;10;7;13;1;0;1;1;1;4
11;1101;10;7;4;1;0;1;1;3;3
11;1101;10;3;20;1;0;3;3;1;5
11;1101;10;3;16;1;0;0;0;5;4
11;1101;10;4;14;1;0;0;0;3;7
11;1101;10;4;18;1;2;0;2;7;4
11;1101;10;5;0;1;0;5;5;3;3
11;1101;10;6;0;1;0;0;0;6;3
11;1101;10;7;21;1;0;1;1;3;3
11;1101;10;1;13;1;0;2;2;3;7
11;1101;10;1;18;1;0;2;2;3;7
11;1101;10;2;4;1;0;0;0;4;1
11;1101;10;1;22;1;0;0;0;3;3
11;1101;10;3;14;1;0;0;0;3;4
11;1101;10;3;18;1;0;1;1;3;4
11;1101;10;3;14;1;0;2;2;3;4
11;1101;10;3;15;1;0;2;2;1;3
11;1101;10;2;22;1;0;1;1;3;3
11;1101;10;2;22;1;0;0;0;4;1
11;1101;10;5;4;1;0;0;0;4;4
11;1101;10;3;12;1;0;1;1;1;5
11;1101;10;5;6;1;0;1;1;3;4
11;1101;10;5;1;1;0;0;0;4;4
11;1101;10;6;11;1;0;1;1;1;5
11;1101;10;6;11;1;0;0;0;3;7
11;1101;10;6;21;1;0;0;0;6;4
11;1101;10;5;18;1;0;2;2;3;4
11;1101;10;7;4;1;0;1;1;7;4
11;1101;10;6;15;1;0;0;0;7;4
11;1101;10;7;14;1;0;4;4;7;1
11;1101;10;7;20;1;0;2;2;3;1
11;1101;10;1;21;1;0;3;3;3;7
11;1101;10;2;7;1;0;0;0;5;4
11;1101;10;2;13;1;0;0;0;4;4
11;1101;10;2;19;1;0;0;0;4;4
11;1101;10;2;18;1;0;0;0;3;7
11;1101;10;3;9;1;0;1;1;3;3
11;1101;10;5;16;1;0;1;1;3;4
11;1101;10;5;14;1;0;2;2;3;1
11;1101;10;6;4;1;0;0;0;4;4
11;1101;10;6;8;1;0;0;0;4;1
11;1101;10;6;21;1;0;0;0;3;1
11;1101;10;5;22;1;0;2;2;1;4
11;1101;10;6;23;1;0;0;0;4;4
11;1101;10;7;0;1;0;0;0;3;1
11;1101;10;1;1;1;0;0;0;4;4
11;1101;10;1;8;1;0;0;0;3;1
11;1101;10;2;11;1;0;1;1;3;4
11;1101;10;2;12;1;0;1;1;6;3
11;1101;10;2;17;1;0;1;1;4;3
11;1101;10;3;6;1;0;1;1;3;3
11;1101;10;1;21;1;0;1;1;3;7
11;1101;10;3;22;1;0;2;2;4;1
11;1101;10;3;18;1;0;1;1;1;4
9;0928;10;7;16;2;1;0;1;7;4
9;0920;10;1;19;1;0;1;1;2;5
9;0906;10;2;22;2;0;1;1;1;4
11;1103;10;2;12;1;0;0;0;1;7
11;1103;10;5;4;2;1;6;7;3;4
11;1107;10;5;18;2;0;6;6;7;4
11;1103;10;5;23;2;0;3;3;3;7
11;1111;10;1;20;2;1;1;2;4;3
9;0906;10;6;8;2;0;1;1;1;4
9;0905;10;2;11;1;0;1;1;3;7
9;0901;10;3;5;2;0;6;6;3;7
9;0903;10;3;8;2;0;1;1;2;5
1;0101;10;7;8;2;0;1;1;1;4
12;1201;10;6;19;1;0;1;1;1;3
12;1201;10;2;17;1;0;1;1;3;4
12;1205;10;2;16;1;0;0;0;1;7
12;1205;10;4;9;1;0;0;0;3;3
12;1205;10;5;18;1;0;2;2;1;4
12;1205;10;6;8;1;0;2;2;3;7
12;1205;10;7;20;1;0;2;2;7;3
12;1205;10;7;16;1;0;2;2;3;7
12;1205;10;1;22;1;0;0;0;7;3
12;1205;10;2;18;1;0;2;2;3;3
12;1205;10;4;17;1;0;2;2;3;3
12;1205;10;5;19;1;0;2;2;3;3
12;1205;10;6;19;1;0;0;0;3;3
12;1205;10;6;5;1;2;0;2;7;3
12;1205;10;6;11;1;0;2;2;7;3
12;1205;10;7;13;1;2;0;2;7;3
12;1205;10;7;18;1;0;0;0;3;7
12;1205;10;1;9;1;0;0;0;3;7
12;1205;10;1;8;1;0;2;2;7;3
12;1205;10;3;17;1;2;2;4;1;4
12;1205;10;3;18;1;0;2;2;3;7
12;1205;10;3;7;1;0;2;2;3;7
12;1205;10;4;13;1;0;2;2;3;3
12;1205;10;5;2;1;0;0;0;7;3
12;1205;10;5;19;1;0;2;2;7;3
12;1205;10;2;20;1;0;4;4;3;4
12;1205;10;3;6;1;0;4;4;3;3
12;1205;10;4;1;1;0;2;2;7;3
12;1205;10;5;11;1;0;4;4;3;7
12;1205;10;5;11;1;0;0;0;3;7
12;1205;10;6;14;1;0;2;2;3;7
12;1205;10;6;18;1;0;2;2;3;7
12;1205;10;6;21;1;0;2;2;3;7
12;1205;10;7;13;1;6;2;8;3;1
12;1205;10;7;15;1;0;2;2;3;7
12;1205;10;1;19;1;0;4;4;3;4
12;1205;10;3;15;1;0;2;2;3;4
12;1205;10;4;13;1;0;2;2;3;7
12;1205;10;4;19;1;2;0;2;3;1
12;1202;10;2;12;2;0;3;3;3;7
7;0702;10;3;9;2;0;3;3;3;4
9;0921;10;1;2;2;0;1;1;7;4
12;1208;10;3;14;1;0;1;1;7;4
6;0608;10;3;12;1;0;1;1;1;4
12;1203;10;6;0;2;0;1;1;3;4
12;1208;10;6;7;1;0;1;1;3;7
12;1208;10;5;15;1;0;1;1;1;4
12;1207;10;7;14;2;0;1;1;3;4
12;1202;10;7;18;2;1;0;1;7;4
12;1204;10;7;18;2;0;2;2;5;4
12;1208;10;4;7;1;0;2;2;7;4
12;1207;10;1;18;1;0;1;1;3;7
7;0701;10;1;7;2;0;1;1;3;4
12;1208;10;2;12;1;0;1;1;3;7
12;1207;10;4;10;1;0;1;1;1;4
12;1210;10;5;0;2;0;4;4;5;4
12;1208;10;4;18;1;0;3;3;3;7
12;9008;10;6;10;2;0;1;1;1;4
12;1207;10;6;20;2;0;0;0;4;4
12;1201;10;6;18;2;0;3;3;3;4
12;1203;10;6;23;2;0;0;0;3;7
12;1205;10;7;10;2;0;1;1;3;7
12;1208;10;7;13;1;0;3;3;7;4
12;1207;10;7;14;2;0;1;1;3;4
12;9008;10;7;13;2;0;1;1;3;4
9;0927;10;6;23;2;0;1;1;3;7
9;0907;10;7;15;2;0;3;3;3;4
12;1208;10;1;17;2;0;1;1;7;4
12;1207;10;1;19;2;0;1;1;3;7
12;1207;10;2;21;1;0;1;1;4;4
12;1201;10;3;7;2;0;0;0;3;4
7;0706;10;4;19;2;1;1;2;3;7
12;1210;10;5;18;2;1;0;1;1;4
12;1207;10;5;17;2;0;2;2;3;7
12;1210;10;7;0;2;0;2;2;3;4
12;1207;10;7;12;1;1;0;1;3;7
9;0921;10;4;19;1;0;1;1;2;5
12;1213;10;7;18;1;0;2;2;3;7
12;1210;10;7;19;2;1;0;1;1;4
12;1210;10;7;16;2;0;1;1;2;5
9;0907;10;7;21;2;0;1;1;7;4
12;1204;10;7;18;2;0;3;3;3;7
12;1202;10;7;17;2;0;0;0;7;4
12;1207;10;7;2;1;0;1;1;4;4
12;1208;10;7;21;2;1;0;1;1;4
12;1201;10;7;21;2;0;1;1;3;7
12;1201;10;1;0;2;0;2;2;3;4
12;1210;10;3;14;2;0;3;3;4;4
12;1203;10;1;6;2;0;2;2;3;7
12;1205;10;5;0;2;0;0;0;3;7
2;0207;10;5;11;1;0;1;1;3;7
12;1207;10;7;2;1;0;1;1;3;4
12;9008;10;7;9;2;0;4;4;3;7
12;1201;10;4;21;2;0;0;0;3;7
9;0901;10;6;4;1;0;1;1;4;4
9;0907;10;3;2;2;0;0;0;3;7
12;1204;10;4;17;2;0;2;2;1;4
9;0907;10;6;4;2;0;0;0;3;4
9;0923;10;7;3;2;1;2;3;3;7
12;1203;10;5;13;2;0;1;1;3;4
12;1208;10;6;19;1;0;1;1;7;4
12;1202;10;6;22;2;0;3;3;4;4
12;1208;10;7;2;1;0;2;2;3;7
9;0927;10;4;21;2;0;1;1;7;4
9;0922;10;6;11;2;0;1;1;1;4
12;1201;10;1;6;2;0;1;1;3;4
9;0907;10;2;19;2;0;0;0;3;4
9;0906;10;1;16;2;0;1;1;7;4
9;9004;10;6;19;2;1;0;1;4;4
9;0911;10;6;19;2;1;0;1;1;4
9;0927;10;6;17;1;0;1;1;1;4
9;0921;10;1;12;1;0;2;2;3;7
12;1204;10;3;11;2;0;3;3;1;4
12;1210;10;5;10;1;0;2;2;3;4
12;1206;10;6;19;2;0;3;3;3;4
12;1210;10;6;13;2;2;0;2;3;4
12;1202;10;1;10;1;1;0;1;1;4
12;1211;10;1;19;1;0;0;0;3;4
9;0907;10;2;19;2;0;1;1;4;4
13;1308;10;2;21;1;0;0;0;4;4
13;1308;10;4;10;1;0;0;0;3;4
13;1308;10;5;12;1;0;1;1;4;4
13;1308;10;2;10;1;0;0;0;3;4
13;1308;10;3;15;1;0;1;1;3;4
13;1308;10;3;18;1;0;0;0;3;4
13;1308;10;4;10;1;0;1;1;3;4
13;1308;10;6;20;1;0;1;1;3;4
13;1308;10;4;19;1;0;1;1;3;4
13;1308;10;7;11;1;0;1;1;3;4
13;1308;10;6;16;1;0;1;1;7;4
13;1308;10;4;19;1;0;1;1;7;4
13;1308;10;3;2;1;0;0;0;7;4
13;1308;10;1;14;1;0;2;2;7;4
13;1308;10;7;19;1;0;1;1;3;4
13;1308;10;7;0;1;0;1;1;4;4
13;1308;10;1;1;1;0;0;0;7;4
13;1308;10;2;22;1;0;1;1;3;4
13;1308;10;6;22;1;0;0;0;3;4
13;1308;10;5;17;1;0;0;0;3;4
13;1308;10;6;13;1;0;1;1;5;4
13;1308;10;3;7;1;0;1;1;3;4
13;1308;10;3;21;1;0;0;0;3;4
13;1308;10;6;21;1;0;0;0;7;4
13;1308;10;2;12;1;0;1;1;3;4
13;1308;10;3;16;1;0;0;0;3;4
13;1301;10;3;17;1;0;0;0;3;7
13;1301;10;4;15;1;0;0;0;3;7
13;1301;10;7;9;1;0;3;3;3;7
13;1301;10;6;16;1;0;1;1;3;7
13;1301;10;6;6;1;0;0;0;4;3
13;1301;10;7;10;1;0;0;0;8;7
13;1301;10;5;12;1;0;0;0;3;7
13;1301;10;1;9;1;0;1;1;3;7
13;1301;10;3;21;1;0;1;1;3;7
13;1301;10;1;19;1;0;0;0;3;4
13;1301;10;5;7;1;0;0;0;3;7
13;1301;10;6;17;1;0;1;1;3;7
13;1301;10;6;20;1;0;0;0;3;7
13;1301;10;2;4;1;0;0;0;3;7
13;1301;10;3;17;1;0;0;0;3;7
13;1301;10;6;20;1;0;1;1;3;7
13;1301;10;7;19;1;1;0;1;8;3
13;1301;10;2;21;1;0;1;1;3;7
13;1301;10;2;17;2;1;0;1;3;7
13;1314;10;2;17;2;0;1;1;3;4
1;0108;10;4;23;2;0;0;0;5;4
13;1309;10;5;11;2;0;1;1;1;4
13;1303;10;5;16;2;1;2;3;3;7
13;1309;10;5;17;2;0;2;2;3;4
13;1312;10;5;20;2;0;1;1;4;4
13;1301;10;6;20;2;0;1;1;3;7
13;1312;10;6;11;2;0;1;1;3;7
13;1309;10;7;2;2;0;4;4;1;4
13;1309;10;6;18;2;0;2;2;1;4
13;1313;10;6;19;2;0;2;2;3;4
9;0904;10;5;20;2;0;0;0;3;7
13;1319;10;6;19;2;0;2;2;3;7
13;1312;10;7;16;2;0;0;0;3;4
7;0712;10;1;19;2;0;1;1;5;4
13;1309;10;2;12;2;1;0;1;5;4
13;1321;10;2;22;2;1;0;1;7;4
13;1314;10;3;13;2;0;2;2;3;4
13;1321;10;4;1;2;0;1;1;7;4
13;1309;10;4;22;2;0;0;0;7;4
1;0101;10;5;10;2;0;0;0;3;7
1;0101;10;5;13;2;0;0;0;3;7
13;1312;10;6;12;2;0;1;1;3;7
13;1312;10;6;19;2;0;2;2;7;4
9;0922;10;7;16;2;1;0;1;3;7
13;1301;10;2;1;2;0;0;0;7;4
9;0910;10;1;0;1;0;0;0;4;4
1;0115;10;3;9;2;0;0;0;4;4
13;1312;10;3;10;2;0;1;1;3;7
13;1309;10;6;2;2;0;0;0;7;4
13;1312;10;7;2;2;0;2;2;7;4
13;1309;10;6;18;2;0;1;1;3;7
13;1303;10;7;1;2;1;2;3;7;4
13;1321;10;6;12;2;0;1;1;3;7
9;0906;10;7;9;2;1;0;1;7;4
9;0901;10;5;2;2;0;0;0;7;4
9;0922;10;7;19;2;0;3;3;3;7
13;1309;10;1;0;2;0;2;2;7;4
9;0910;10;1;15;2;1;3;4;3;7
13;1321;10;1;21;2;0;1;1;7;4
13;1309;10;2;7;2;0;1;1;3;7
9;0912;10;2;16;1;0;1;1;8;10
9;0907;10;5;16;2;0;1;1;5;4
9;0927;10;2;14;2;0;2;2;3;7
9;0901;10;2;20;2;0;1;1;4;4
9;0920;10;7;15;2;0;1;1;1;4
13;1309;10;3;19;2;0;0;0;3;7
13;1309;10;5;6;2;0;2;2;3;7
13;1312;10;6;5;2;0;0;0;7;4
13;1303;10;6;22;2;0;1;1;3;7
13;1301;10;3;15;2;0;3;3;3;4
13;1301;10;4;3;2;0;1;1;6;4
13;1315;10;3;21;2;0;0;0;3;7
9;0916;10;7;22;2;0;0;0;3;7
13;1309;10;4;20;2;0;2;2;3;7
1;0115;10;4;19;2;0;1;1;6;4
13;1301;10;4;21;2;0;0;0;7;4
13;1301;10;4;23;2;0;1;1;7;4
13;1301;10;1;12;2;0;1;1;3;7
13;1309;10;2;19;2;0;0;0;4;4
13;1309;10;2;21;2;0;0;0;3;7
13;1321;10;2;23;2;0;0;0;7;4
13;1304;10;2;8;2;0;2;2;8;4
13;1303;10;2;15;2;0;3;3;3;4
13;1301;10;3;23;2;0;3;3;3;4
13;1303;10;4;8;1;0;0;0;3;4
13;1304;10;4;21;2;1;0;1;3;2
13;1311;10;6;19;2;1;1;2;7;4
13;1304;10;7;3;2;1;0;1;7;4
13;1311;10;7;14;2;0;2;2;3;4
13;1321;10;7;20;2;0;4;4;3;4
13;1317;10;2;21;2;0;5;5;3;4
13;1302;10;4;10;2;0;2;2;7;4
13;1321;10;6;21;1;0;2;2;3;4
13;1304;10;5;21;2;2;0;2;3;4
13;1304;10;6;17;2;1;0;1;3;4
13;1317;10;6;23;2;1;0;1;3;4
13;1304;10;1;18;2;1;0;1;3;4
13;1301;10;4;5;2;0;1;1;7;4
13;1304;10;4;15;2;1;0;1;3;4
13;1311;10;7;16;2;1;1;2;4;4
13;1304;10;1;3;2;1;1;2;3;4
13;1301;10;1;18;1;0;3;3;4;4
13;1312;10;3;7;2;0;2;2;3;4
6;0610;10;7;20;1;0;1;1;1;4
14;1403;10;3;11;2;0;2;2;4;4
14;1402;10;3;19;2;1;2;3;4;4
14;1405;10;2;23;2;0;0;0;3;4
14;1401;10;5;14;2;0;1;1;3;4
14;1401;10;4;10;1;0;1;1;2;4
14;1401;10;4;10;2;0;2;2;3;4
15;1507;10;7;1;1;0;0;0;3;4
15;1507;10;4;2;1;0;1;1;1;4
15;1501;10;6;13;1;2;0;2;3;4
22;2203;10;7;18;2;0;1;1;3;3
22;2201;10;5;17;1;1;0;1;4;3
22;2201;10;6;21;1;0;1;1;3;3
22;2204;10;3;21;1;0;2;2;3;3
16;1601;10;7;9;1;1;1;2;3;1
16;1603;10;5;7;2;1;2;3;3;3
17;1701;10;2;7;1;0;0;0;3;4
17;1701;10;3;12;1;0;0;0;3;4
17;1701;10;6;1;1;0;0;0;4;3
17;1701;10;6;22;1;0;0;0;4;4
17;1701;10;2;15;1;0;1;1;3;7
17;1701;10;5;4;1;0;0;0;3;4
17;1701;10;5;5;1;0;1;1;7;2
17;1701;10;2;2;1;0;0;0;3;1
17;1701;10;2;13;1;1;0;1;1;4
17;1701;10;2;19;1;0;1;1;1;5
17;1701;10;2;9;1;0;0;0;3;9
17;1701;10;3;7;1;0;0;0;3;4
17;1701;10;3;7;1;0;1;1;3;7
17;1701;10;3;10;1;0;0;0;3;7
17;1701;10;3;12;1;0;0;0;3;4
17;1701;10;3;19;1;0;0;0;8;7
17;1701;10;4;19;1;0;1;1;8;2
17;1701;10;5;10;1;0;0;0;3;4
17;1701;10;5;14;1;0;1;1;8;3
17;1701;10;5;12;1;0;1;1;1;4
17;1701;10;5;19;1;0;1;1;1;5
17;1701;10;5;23;1;0;0;0;3;4
17;1701;10;5;3;1;0;0;0;3;7
17;1701;10;5;22;1;0;0;0;3;7
17;1701;10;6;8;1;0;0;0;3;4
17;1701;10;6;13;1;0;3;3;3;3
17;1701;10;6;19;1;0;0;0;7;9
17;1701;10;6;17;1;0;0;0;3;2
17;1701;10;6;0;1;0;0;0;4;8
17;1701;10;6;19;1;0;0;0;3;4
17;1701;10;6;20;1;0;0;0;8;1
17;1701;10;6;23;1;1;0;1;3;2
17;1701;10;7;4;1;0;0;0;7;9
17;1701;10;6;20;1;0;1;1;1;5
17;1701;10;7;18;1;1;0;1;8;5
17;1701;10;3;7;1;0;0;0;3;2
17;1701;10;3;13;1;0;0;0;4;4
17;1701;10;2;7;1;0;1;1;3;4
17;1701;10;2;22;1;0;0;0;3;4
17;1701;10;2;21;1;0;0;0;4;2
17;1701;10;3;13;1;0;0;0;8;7
17;1701;10;2;7;1;0;0;0;3;4
17;1701;10;2;15;1;0;1;1;3;4
17;1701;10;3;1;1;1;0;1;4;3
17;1701;10;2;19;1;0;0;0;3;4
17;1701;10;3;5;1;0;0;0;4;1
17;1701;10;3;9;1;0;0;0;3;4
17;1701;10;3;7;1;0;0;0;3;4
17;1701;10;3;11;1;0;0;0;3;7
17;1701;10;3;11;1;0;1;1;8;4
17;1701;10;3;14;1;0;1;1;1;5
17;1701;10;3;17;1;0;0;0;5;1
17;1701;10;3;17;1;0;1;1;3;1
17;1701;10;3;22;1;0;0;0;3;1
17;1701;10;4;6;1;0;0;0;3;9
17;1701;10;3;13;1;0;0;0;3;3
17;1701;10;4;8;1;0;3;3;1;4
17;1701;10;3;19;1;0;1;1;3;2
17;1701;10;5;10;1;0;0;0;8;7
17;1701;10;5;16;1;0;1;1;1;1
17;1701;10;5;21;1;1;0;1;8;2
17;1701;10;6;2;1;0;0;0;7;3
17;1701;10;6;2;1;0;0;0;4;1
17;1701;10;6;6;1;0;0;0;3;9
17;1701;10;6;2;1;1;0;1;6;3
17;1701;10;6;5;1;0;0;0;3;1
17;1701;10;6;8;1;0;1;1;1;5
17;1701;10;6;7;1;0;5;5;3;9
17;1701;10;7;1;1;0;0;0;4;3
17;1701;10;6;18;1;1;0;1;1;4
17;1701;10;6;19;1;0;1;1;1;5
17;1701;10;7;2;1;0;0;0;8;7
17;1701;10;7;19;1;0;0;0;4;9
17;1701;10;6;22;1;0;0;0;8;7
17;1701;10;7;22;1;0;0;0;3;1
17;1701;10;7;22;1;0;2;2;3;1
17;1701;10;1;1;1;0;0;0;4;3
17;1701;10;7;21;1;0;0;0;6;4
17;1701;10;1;14;1;0;1;1;3;7
17;1701;10;1;23;1;0;0;0;4;8
17;1701;10;7;13;1;0;1;1;7;2
17;1701;10;1;11;1;0;0;0;3;3
17;1701;10;1;12;1;0;1;1;1;4
17;1701;10;1;15;1;0;2;2;8;4
17;1701;10;1;19;1;0;1;1;7;3
17;1701;10;1;15;1;0;0;0;3;4
17;1701;10;2;11;1;0;0;0;3;4
17;1701;10;2;18;1;0;0;0;8;9
17;1701;10;2;20;1;0;0;0;4;8
17;1701;10;2;21;1;0;1;1;8;4
17;1701;10;2;19;1;0;1;1;3;4
17;1701;10;3;6;1;1;1;2;1;6
17;1701;10;3;0;1;0;2;2;8;4
17;1701;10;2;22;1;0;0;0;4;3
17;1701;10;3;13;1;0;3;3;1;6
17;1701;10;3;11;1;0;0;0;3;4
17;1701;10;4;6;1;0;1;1;7;2
17;1701;10;4;15;1;0;0;0;8;4
17;1701;10;4;17;1;0;1;1;1;5
17;1701;10;5;2;1;1;1;2;7;1
17;1701;10;4;23;1;0;0;0;8;7
17;1701;10;5;11;1;0;2;2;8;6
17;1701;10;5;1;1;0;0;0;7;9
17;1701;10;5;3;1;0;0;0;8;9
17;1701;10;5;0;1;0;0;0;4;4
17;1701;10;5;18;1;0;0;0;4;1
17;1701;10;6;5;1;0;0;0;3;1
17;1701;10;7;6;1;0;1;1;8;7
17;1701;10;6;23;1;0;1;1;1;4
17;1701;10;6;18;1;0;0;0;3;9
17;1701;10;6;22;1;0;0;0;3;7
17;1701;10;7;18;1;0;0;0;8;4
17;1701;10;7;20;1;0;0;0;3;9
17;1701;10;2;1;1;0;3;3;4;4
17;1701;10;2;22;1;0;0;0;4;1
17;1701;10;3;0;1;0;0;0;4;1
17;1701;10;2;7;1;0;0;0;3;4
17;1701;10;3;6;1;0;2;2;3;4
17;1701;10;3;13;1;0;1;1;1;5
17;1701;10;3;22;1;0;0;0;3;7
17;1701;10;3;23;1;0;0;0;4;3
17;1701;10;4;6;1;0;0;0;3;8
17;1701;10;4;18;1;0;0;0;3;8
17;1701;10;5;0;1;0;0;0;4;2
17;1701;10;4;16;1;0;0;0;3;8
17;1701;10;5;14;1;0;0;0;3;1
17;1701;10;5;20;1;0;0;0;3;1
17;1701;10;6;0;1;1;0;1;7;3
17;1701;10;5;11;1;0;0;0;3;7
17;1701;10;6;9;1;0;0;0;1;1
17;1701;10;6;0;1;0;2;2;3;1
17;1701;10;6;9;1;0;2;2;3;4
17;1701;10;6;3;1;0;1;1;8;4
17;1701;10;6;21;1;0;1;1;4;2
17;1701;10;6;22;1;0;0;0;3;4
17;1701;10;7;0;1;0;0;0;4;3
17;1701;10;7;0;1;0;0;0;5;4
17;1701;10;7;7;1;0;0;0;3;1
17;1701;10;7;3;1;0;1;1;7;4
17;1701;10;2;10;1;0;1;1;3;4
17;1701;10;2;12;1;0;1;1;7;3
17;1701;10;2;15;1;0;0;0;3;8
17;1701;10;5;2;1;0;0;0;4;3
17;1701;10;5;22;1;1;0;1;7;3
17;1701;10;2;14;1;0;0;0;8;7
17;1701;10;2;13;1;0;1;1;3;3
17;1701;10;4;23;1;0;0;0;4;7
17;1701;10;7;20;1;0;0;0;7;6
17;1701;10;2;9;1;0;1;1;3;1
17;1701;10;2;1;1;0;0;0;4;6
17;1701;10;3;18;1;2;0;2;3;4
17;1701;10;4;5;1;0;1;1;2;5
17;1701;10;4;7;1;0;1;1;3;7
17;1701;10;4;8;1;0;2;2;1;5
17;1701;10;4;12;1;0;1;1;1;5
17;1701;10;4;14;1;0;0;0;3;4
17;1701;10;5;7;1;0;1;1;3;4
17;1701;10;5;7;1;0;0;0;3;7
17;1701;10;5;7;1;0;1;1;3;4
17;1701;10;5;8;1;0;2;2;8;2
17;1701;10;4;13;1;0;0;0;3;4
17;1701;10;5;10;1;0;1;1;1;5
17;1701;10;4;15;1;0;0;0;3;2
17;1701;10;4;15;1;0;1;1;2;5
17;1701;10;5;3;1;0;0;0;4;4
17;1701;10;5;13;1;0;2;2;3;4
17;1701;10;5;15;1;0;1;1;3;4
17;1701;10;5;15;1;0;0;0;3;7
17;1701;10;5;15;1;0;2;2;4;4
17;1701;10;6;0;1;0;0;0;3;2
17;1701;10;5;18;1;0;0;0;3;4
17;1701;10;6;0;1;0;0;0;3;1
17;1701;10;5;19;1;0;0;0;1;5
17;1701;10;6;1;1;0;0;0;4;3
17;1701;10;6;6;1;0;0;0;3;7
17;1701;10;6;7;1;0;0;0;3;9
17;1701;10;5;11;1;0;0;0;4;9
17;1701;10;6;6;1;0;0;0;4;4
17;1701;10;6;6;1;0;2;2;7;7
17;1701;10;6;13;1;0;0;0;4;3
17;1701;10;6;13;1;0;1;1;1;5
17;1701;10;6;22;1;0;0;0;4;1
17;1701;10;6;19;1;0;1;1;7;3
17;1701;10;6;23;1;0;3;3;3;3
17;1701;10;7;3;1;0;0;0;3;7
17;1701;10;7;0;1;0;1;1;3;7
17;1701;10;7;5;1;0;0;0;3;1
17;1701;10;6;22;1;0;0;0;4;3
17;1701;10;6;19;1;0;0;0;3;7
17;1701;10;6;15;1;0;0;0;3;2
17;1701;10;7;4;1;1;0;1;1;4
17;1701;10;6;14;1;0;0;0;4;3
17;1701;10;7;0;1;0;1;1;4;9
17;1701;10;7;17;1;0;0;0;3;4
17;1701;10;7;2;1;0;0;0;3;4
17;1701;10;1;6;1;0;1;1;1;4
17;1701;10;1;12;1;0;3;3;3;7
17;1701;10;1;18;1;1;0;1;1;4
17;1701;10;2;8;1;0;0;0;3;4
17;1701;10;2;12;1;0;1;1;3;4
17;1701;10;2;17;1;0;1;1;3;7
17;1701;10;2;1;1;0;1;1;8;7
17;1701;10;3;17;1;0;0;0;3;1
17;1701;10;3;20;1;0;0;0;3;7
17;1701;10;3;21;1;0;1;1;3;1
17;1701;10;1;7;1;0;0;0;3;2
17;1701;10;1;14;1;0;1;1;1;5
17;1701;10;2;18;1;0;2;2;1;5
17;1701;10;3;12;1;0;1;1;8;5
17;1701;10;3;17;1;0;2;2;3;4
17;1701;10;4;4;1;0;0;0;8;7
17;1701;10;4;9;1;0;1;1;8;4
17;1701;10;4;16;1;0;1;1;3;4
17;1701;10;5;2;1;0;2;2;4;3
17;1701;10;5;6;1;0;1;1;1;5
17;1701;10;5;10;1;0;1;1;1;5
17;1701;10;5;12;1;0;1;1;1;5
17;1701;10;5;18;1;0;1;1;8;9
17;1701;10;6;8;1;0;0;0;3;4
17;1701;10;6;10;1;0;2;2;8;2
17;1701;10;6;12;1;0;0;0;4;4
17;1701;10;5;21;1;0;0;0;8;7
17;1701;10;6;11;1;0;0;0;5;4
17;1701;10;5;23;1;0;0;0;6;3
17;1701;10;6;23;1;0;0;0;4;9
17;1701;10;7;6;1;0;0;0;4;2
17;1701;10;7;20;1;0;1;1;8;7
17;1701;10;1;0;1;0;0;0;4;4
17;1701;10;1;5;1;0;2;2;7;2
17;1701;10;1;6;1;0;8;8;4;4
17;1701;10;1;6;1;0;0;0;4;3
17;1701;10;1;12;1;0;2;2;1;5
17;1701;10;1;16;1;0;1;1;5;4
17;1701;10;7;19;1;0;0;0;3;2
17;1701;10;1;10;1;0;0;0;4;9
17;1701;10;2;16;1;0;1;1;8;4
17;1701;10;2;14;1;0;1;1;2;5
17;1701;10;3;18;1;0;1;1;1;4
17;1701;10;5;13;1;0;1;1;8;4
17;1701;10;5;11;1;0;1;1;3;3
17;1701;10;5;3;1;0;0;0;4;3
17;1701;10;5;20;1;0;0;0;3;2
17;1701;10;6;0;1;0;0;0;3;4
17;1701;10;6;0;1;0;2;2;3;1
17;1701;10;6;0;1;0;1;1;8;2
17;1701;10;6;4;1;0;0;0;5;1
17;1701;10;6;10;1;0;0;0;3;2
17;1701;10;6;12;1;0;1;1;1;7
17;1701;10;6;13;1;0;1;1;2;5
17;1701;10;6;18;1;1;1;2;7;3
17;1701;10;6;10;1;0;0;0;3;4
17;1701;10;7;4;1;0;2;2;4;2
17;1701;10;7;0;1;0;0;0;4;3
17;1701;10;7;11;1;0;0;0;3;1
17;1701;10;1;16;1;0;0;0;3;3
17;1701;10;7;16;1;0;0;0;3;1
17;1701;10;7;3;1;0;2;2;3;3
17;1701;10;3;10;1;0;0;0;3;4
17;1701;10;4;6;1;0;1;1;3;4
17;1701;10;3;18;1;0;0;0;3;4
17;1701;10;4;8;1;0;1;1;3;7
17;1701;10;4;11;1;0;1;1;1;5
17;1701;10;4;1;1;0;0;0;4;3
17;1701;10;4;1;1;0;0;0;4;2
17;1701;10;4;19;1;0;0;0;3;4
17;1701;10;4;15;1;0;0;0;4;4
17;1701;10;4;21;1;0;0;0;8;8
17;1701;10;4;22;1;1;0;1;4;4
17;1701;10;5;2;1;0;0;0;4;3
17;1701;10;5;2;1;0;0;0;4;3
17;1701;10;5;0;1;0;0;0;3;7
17;1701;10;4;23;1;0;1;1;4;2
17;1701;10;5;8;1;0;1;1;3;3
17;1701;10;5;13;1;0;1;1;2;5
17;1701;10;5;15;1;0;0;0;3;2
17;1701;10;6;6;1;0;0;0;4;9
17;1701;10;5;16;1;0;0;0;8;6
17;1701;10;7;0;1;0;1;1;3;1
17;1701;10;6;22;1;0;2;2;3;3
17;1701;10;6;23;1;1;0;1;4;3
17;1701;10;7;4;1;0;1;1;7;2
17;1701;10;7;6;1;0;0;0;4;9
17;1701;10;7;16;1;0;0;0;3;4
17;1701;10;7;17;1;0;1;1;3;7
17;1701;10;7;18;1;0;2;2;3;1
17;1701;10;1;15;1;0;1;1;3;3
17;1701;10;1;11;1;0;0;0;3;4
17;1701;10;1;19;1;0;0;0;3;4
17;1701;10;7;6;1;0;0;0;4;4
17;1701;10;7;7;1;0;0;0;6;3
17;1701;10;2;8;1;0;0;0;3;4
17;1701;10;2;8;1;0;0;0;8;2
17;1701;10;4;14;1;0;1;1;3;7
17;1701;10;1;9;1;0;0;0;4;4
17;1701;10;3;8;1;0;0;0;3;7
17;1701;10;3;9;1;0;0;0;8;7
17;1701;10;4;21;1;0;1;1;3;4
17;1701;10;7;6;1;0;0;0;4;2
17;1701;10;7;22;1;0;1;1;4;3
17;1701;10;1;12;1;0;0;0;4;1
17;1701;10;1;1;1;0;1;1;7;9
17;1701;10;1;15;1;0;2;2;3;7
17;1701;10;1;14;1;0;1;1;3;7
17;1701;10;1;15;1;0;1;1;3;4
17;1701;10;2;5;1;0;1;1;3;4
17;1701;10;1;15;1;0;0;0;3;4
17;1701;10;2;14;1;0;1;1;8;2
17;1701;10;2;18;1;0;0;0;3;1
17;1701;10;2;18;1;0;0;0;3;7
17;1701;10;2;20;1;0;1;1;1;5
17;1701;10;3;0;1;0;0;0;4;4
17;1701;10;3;2;1;0;0;0;3;1
17;1701;10;2;15;1;0;0;0;4;2
17;1701;10;3;18;1;1;0;1;8;4
17;1701;10;3;18;1;0;0;0;3;4
17;1701;10;3;19;1;0;0;0;4;4
17;1701;10;3;21;1;0;0;0;7;3
17;1701;10;4;1;1;0;0;0;4;4
17;1701;10;4;15;1;0;2;2;4;8
17;1701;10;4;17;1;0;1;1;4;4
17;1701;10;4;20;1;0;0;0;3;8
17;1701;10;7;17;1;0;0;0;3;2
17;1701;10;1;13;1;0;0;0;3;4
17;1701;10;1;18;1;0;0;0;4;3
17;1701;10;1;15;1;0;0;0;3;2
17;1701;10;2;6;1;0;0;0;7;2
17;1701;10;2;4;1;0;0;0;4;2
17;1701;10;1;12;1;0;0;0;3;3
17;1701;10;2;8;1;0;0;0;3;2
17;1701;10;2;8;1;0;1;1;1;5
17;1701;10;2;18;1;0;0;0;3;1
17;1701;10;2;9;1;0;1;1;1;5
17;1701;10;2;16;1;0;1;1;8;9
17;1701;10;3;10;1;0;0;0;4;3
17;1701;10;3;11;1;0;0;0;3;7
17;1701;10;3;17;1;0;0;0;3;1
17;1701;10;3;20;1;0;1;1;7;3
17;1701;10;3;20;1;0;1;1;1;4
17;1701;10;3;12;1;1;0;1;1;5
17;1701;10;4;8;1;0;2;2;3;3
17;1701;10;3;23;1;0;0;0;3;2
17;1701;10;3;13;1;0;1;1;1;5
17;1701;10;3;6;1;0;0;0;7;6
17;1701;10;3;21;1;0;0;0;3;7
17;1701;10;2;7;1;0;0;0;3;4
17;1701;10;1;7;1;0;0;0;4;7
17;1701;10;1;15;1;0;0;0;3;4
17;1701;10;1;17;1;0;0;0;3;7
17;1701;10;6;12;1;0;1;1;2;5
17;1701;10;6;6;1;0;0;0;3;3
17;1701;10;6;9;1;0;0;0;4;3
17;1701;10;1;9;1;0;0;0;3;4
17;1701;10;4;4;1;0;0;0;3;4
17;1703;10;7;21;1;0;0;0;3;4
17;1701;10;1;15;1;0;3;3;3;7
17;1703;10;4;15;2;0;0;0;4;4
17;1703;10;5;16;2;0;0;0;3;7
17;1703;10;5;20;2;0;0;0;7;4
17;1703;10;1;3;2;0;0;0;4;4
17;1703;10;3;5;2;0;0;0;3;7
17;1703;10;3;9;2;0;0;0;7;4
17;1703;10;3;8;2;0;0;0;6;4
17;1703;10;4;8;2;0;0;0;6;4
17;1703;10;5;3;2;0;0;0;3;7
17;1703;10;3;17;2;0;0;0;7;4
9;0907;10;6;16;2;0;1;1;2;5
9;0901;10;5;2;2;0;0;0;7;4
9;0911;10;7;19;2;0;2;2;1;4
9;0922;10;7;20;2;0;2;2;7;4
9;0925;10;7;17;2;0;1;1;3;7
17;1703;10;1;15;2;0;3;3;3;4
17;1703;10;4;4;2;0;0;0;4;4
17;1703;10;4;7;2;0;0;0;7;4
17;1703;10;2;11;2;0;0;0;8;10
17;1703;10;3;15;2;0;0;0;7;4
17;1703;10;3;22;2;0;0;0;3;7
17;1703;10;4;15;2;0;0;0;4;4
17;1703;10;7;15;2;0;0;0;7;4
17;1703;10;7;16;2;0;0;0;7;4
17;1703;10;1;3;2;0;0;0;3;4
17;1703;10;2;14;2;0;0;0;4;4
17;1703;10;2;20;2;0;0;0;3;7
17;1705;10;2;12;1;0;2;2;1;4
17;1705;10;4;7;1;0;1;1;3;4
17;1701;10;5;23;1;0;2;2;3;1
17;1705;10;7;2;2;0;0;0;3;3
17;1705;10;7;1;2;0;0;0;3;1
17;1705;10;7;3;2;0;0;0;3;3
17;1705;10;7;3;1;1;0;1;1;4
17;1701;10;1;4;2;2;3;5;4;3
17;1703;10;2;20;2;1;0;1;5;4
17;1703;10;2;17;2;0;0;0;7;4
17;1703;10;2;14;2;0;0;0;7;4
17;1703;10;4;16;2;0;0;0;3;4
17;1703;10;5;3;2;0;0;0;4;4
17;1701;10;2;6;2;2;0;2;1;3
17;1703;10;6;12;2;0;0;0;3;4
17;1703;10;1;1;2;1;3;4;3;4
17;1703;10;2;11;2;0;0;0;3;4
17;1702;10;4;17;1;0;1;1;1;3
17;1703;10;6;19;2;0;1;1;1;4
17;1704;10;7;1;1;1;0;1;1;3
17;1704;10;7;3;1;1;0;1;1;3
17;1701;10;7;1;2;1;0;1;3;4
17;1703;10;7;14;2;2;6;8;3;4
17;1702;10;7;15;1;0;1;1;7;3
17;1701;10;7;14;1;0;0;0;3;4
17;1703;10;7;19;2;0;1;1;3;4
17;1703;10;1;11;2;0;2;2;7;4
17;1705;10;1;13;2;0;1;1;1;4
17;1701;10;3;12;1;1;2;3;1;4
17;1703;10;6;20;2;1;0;1;1;4
17;1703;10;6;23;2;1;0;1;1;4
17;1702;10;1;7;2;2;2;4;7;3
17;1701;10;1;16;1;0;0;0;3;1
17;1705;10;2;8;2;0;1;1;1;4
17;1701;10;3;6;2;1;0;1;3;4
17;1701;10;5;2;2;1;0;1;4;3
17;1705;10;4;18;1;0;1;1;1;4
17;1705;10;6;16;2;0;1;1;3;1
17;1701;10;6;2;2;0;1;1;3;3
17;1705;10;4;10;2;0;1;1;1;4
17;1703;10;1;5;2;0;1;1;3;4
17;1703;10;3;17;2;0;0;0;3;1
17;1704;10;3;22;2;1;0;1;3;4
17;1705;10;4;12;1;0;1;1;3;4
17;1702;10;4;10;2;0;1;1;3;4
17;1705;10;1;20;2;0;1;1;2;4
24;2401;10;2;7;1;0;0;0;3;7
24;2402;10;2;19;1;0;0;0;1;4
24;2401;10;2;17;1;0;0;0;3;7
1;0101;10;4;5;2;0;0;0;3;7
24;2402;10;4;10;1;0;0;0;3;7
24;2402;10;4;8;1;0;1;1;4;4
24;2403;10;6;2;2;0;1;1;7;4
24;2403;10;6;9;2;0;1;1;1;4
24;2401;10;6;21;2;0;1;1;3;4
24;2402;10;7;6;1;0;2;2;3;7
24;2401;10;7;6;2;0;0;0;7;4
24;2401;10;7;5;2;0;2;2;3;7
24;2401;10;7;18;1;0;1;1;3;7
9;0913;10;2;21;2;1;1;2;3;7
9;0921;10;5;14;2;0;6;6;3;7
9;0922;10;6;15;2;0;1;1;1;4
9;0921;10;5;22;2;0;0;0;4;4
11;1111;10;2;23;2;0;1;1;3;7
24;2401;10;7;22;2;0;1;1;1;4
9;0920;10;4;16;2;0;1;1;3;7
24;2401;10;2;5;2;0;1;1;3;7
24;2401;10;1;15;2;0;0;0;4;4
24;2401;10;2;22;2;0;0;0;8;10
24;2403;10;3;13;1;0;0;0;3;7
9;0925;10;4;18;2;1;0;1;3;4
9;0909;10;4;14;2;0;0;0;3;7
24;2401;10;3;22;2;1;5;6;3;7
24;2401;10;4;11;2;0;0;0;7;4
24;2402;10;5;13;1;0;0;0;3;7
24;2402;10;5;22;1;0;0;0;3;7
24;2402;10;5;17;1;0;1;1;4;4
7;0701;10;6;8;2;0;2;2;3;4
7;0711;10;7;2;2;0;0;0;3;7
24;2401;10;7;5;1;0;2;2;4;4
24;2401;10;7;8;2;0;0;0;2;5
24;2402;10;7;0;2;0;0;0;3;7
24;2401;10;1;6;2;0;1;1;7;4
7;0701;10;2;23;2;0;0;0;7;4
24;2401;10;3;23;2;0;1;1;2;5
24;2402;10;5;19;2;0;0;0;3;4
24;2402;10;5;20;2;0;1;1;3;7
24;2402;10;5;9;2;0;1;1;1;4
24;2403;10;6;10;2;0;3;3;4;4
24;2401;10;6;6;2;0;1;1;4;4
24;2401;10;7;3;2;0;1;1;7;4
24;2401;10;6;20;2;0;2;2;1;4
1;0108;10;7;17;2;0;2;2;3;4
24;2401;10;7;19;2;0;3;3;3;7
24;2401;10;7;4;1;0;0;0;7;4
24;2401;10;7;16;1;0;1;1;3;7
24;2401;10;3;11;1;0;1;1;3;7
24;2402;10;3;13;1;0;1;1;3;7
24;2402;10;3;21;1;0;1;1;2;5
24;2403;10;3;15;1;0;1;1;3;7
9;0922;10;7;5;2;0;1;1;7;4
9;0907;10;7;21;2;0;1;1;7;4
9;0916;10;7;19;2;0;0;0;5;4
24;2401;10;4;21;2;0;1;1;2;5
24;2401;10;3;23;2;0;0;0;4;4
24;2401;10;4;21;1;0;1;1;1;4
7;0701;10;4;19;2;0;2;2;4;4
24;2403;10;5;15;1;0;3;3;3;4
24;2403;10;6;3;2;0;2;2;1;4
24;2401;10;6;15;2;0;1;1;3;7
24;2403;10;7;4;2;0;1;1;4;4
24;2402;10;3;23;1;0;1;1;4;4
24;2402;10;4;15;2;0;1;1;8;10
24;2403;10;4;23;2;0;2;2;3;7
24;2403;10;3;13;2;0;1;1;3;7
24;2403;10;4;22;1;0;1;1;3;7
24;2402;10;5;18;2;0;1;1;3;7
24;2402;10;7;0;2;0;2;2;3;7
1;0105;10;7;13;2;0;0;0;3;7
24;2403;10;7;18;1;0;2;2;7;4
24;2401;10;7;19;2;0;2;2;3;7
24;2401;10;7;19;2;0;1;1;2;5
24;2402;10;1;11;2;0;1;1;3;7
24;2402;10;1;14;1;0;1;1;3;7
1;0101;10;1;14;2;0;0;0;4;4
24;2403;10;1;15;1;0;1;1;3;4
24;2401;10;2;3;2;0;0;0;7;4
24;2402;10;2;7;2;0;1;1;3;7
23;2301;10;7;10;1;0;1;1;7;3
23;2301;10;7;6;1;0;1;1;3;4
23;2301;10;7;11;1;0;2;2;3;7
23;2301;10;7;21;1;0;0;0;3;3
23;2301;10;7;0;1;2;1;3;1;3
23;2301;10;1;7;1;0;3;3;3;7
23;2301;10;7;17;1;0;1;1;3;3
23;2301;10;1;7;1;0;1;1;3;3
23;2301;10;1;15;1;0;1;1;3;3
23;2301;10;1;21;1;0;0;0;4;3
23;2301;10;1;11;1;0;1;1;3;3
23;2301;10;2;12;1;0;0;0;3;7
23;2301;10;2;16;1;0;1;1;3;7
23;2301;10;2;16;1;0;1;1;2;4
23;2301;10;2;16;1;0;0;0;3;7
23;2301;10;2;23;1;0;0;0;7;3
23;2301;10;3;17;1;0;0;0;3;3
23;2301;10;4;2;1;0;0;0;3;1
23;2301;10;3;22;1;0;1;1;7;3
23;2301;10;4;7;1;0;1;1;7;3
23;2301;10;7;22;1;0;0;0;4;7
23;2301;10;5;7;1;0;1;1;3;7
23;2301;10;5;14;1;0;1;1;1;4
23;2301;10;5;21;1;0;1;1;5;1
23;2301;10;5;22;1;0;4;4;3;4
23;2301;10;5;18;1;0;1;1;3;4
23;2301;10;6;13;1;0;1;1;3;4
23;2301;10;6;16;1;0;1;1;3;3
23;2301;10;6;22;1;0;1;1;3;4
23;2301;10;7;4;1;0;2;2;7;3
23;2301;10;7;9;1;0;2;2;3;7
23;2301;10;7;17;1;0;1;1;3;7
23;2301;10;7;20;1;0;2;2;3;3
23;2301;10;1;3;1;1;1;2;3;3
23;2301;10;7;1;1;0;1;1;5;3
23;2301;10;1;16;1;0;1;1;7;3
23;2301;10;2;8;1;0;1;1;3;3
23;2301;10;2;4;1;0;0;0;4;3
23;2301;10;2;14;1;0;1;1;1;7
23;2301;10;3;16;1;0;1;1;7;3
23;2301;10;2;20;1;0;0;0;5;3
23;2301;10;4;0;1;0;0;0;3;7
23;2301;10;3;20;1;0;0;0;3;7
23;2301;10;4;13;1;0;0;0;3;4
23;2301;10;4;19;1;0;1;1;1;7
23;2301;10;4;23;1;0;1;1;7;3
23;2301;10;4;7;1;0;1;1;1;7
23;2301;10;5;0;1;0;2;2;7;3
23;2301;10;5;0;1;1;1;2;3;3
23;2301;10;5;11;1;0;0;0;3;7
23;2301;10;4;20;1;0;1;1;1;7
23;2301;10;5;18;1;0;1;1;3;3
23;2301;10;6;3;1;1;0;1;3;4
23;2301;10;5;17;1;0;1;1;3;7
23;2301;10;5;16;1;0;0;0;3;4
23;2301;10;6;9;1;0;0;0;3;3
23;2301;10;6;8;1;0;1;1;3;3
23;2301;10;6;15;1;0;0;0;3;4
23;2301;10;6;18;1;0;1;1;3;3
23;2301;10;6;0;1;0;1;1;7;3
23;2301;10;7;18;1;0;1;1;3;4
23;2301;10;7;20;1;0;0;0;4;3
23;2301;10;6;5;1;0;0;0;4;3
23;2301;10;1;20;1;0;1;1;5;7
23;2301;10;2;20;1;0;1;1;1;7
23;2301;10;3;18;1;0;1;1;7;3
23;2301;10;4;12;1;0;1;1;7;3
23;2301;10;4;11;1;0;1;1;7;3
23;2301;10;4;18;1;0;1;1;1;7
23;2301;10;4;23;1;0;2;2;3;7
23;2301;10;4;17;1;0;1;1;7;3
23;2301;10;4;20;1;0;2;2;3;3
23;2302;10;4;23;2;1;0;1;7;4
23;2301;10;2;22;2;0;2;2;7;4
23;2301;10;5;5;2;0;0;0;7;4
23;2301;10;5;17;2;0;3;3;5;4
23;2302;10;7;18;2;0;1;1;3;7
23;2302;10;3;20;2;0;1;1;3;7
23;2301;10;1;13;2;0;2;2;3;4
1;0101;10;1;14;2;0;1;1;1;4
23;2301;10;1;19;2;1;0;1;3;7
21;2101;10;2;15;2;1;2;3;7;3
21;2107;10;4;7;2;1;1;2;3;3
21;2101;10;3;17;2;1;0;1;3;4
21;2101;10;1;4;2;1;0;1;1;4
21;2104;10;2;16;2;0;2;2;3;3
21;2101;10;1;11;1;0;0;0;3;4
21;2101;10;2;21;1;0;0;0;3;4
18;1801;10;2;18;1;0;0;0;3;6
18;1801;10;2;10;1;0;1;1;3;3
18;1801;10;2;12;1;0;0;0;4;2
18;1801;10;3;20;1;0;0;0;3;3
18;1801;10;3;21;1;0;1;1;1;3
18;1801;10;4;10;1;0;0;0;3;3
18;1801;10;5;1;1;0;0;0;7;3
18;1801;10;5;18;1;0;0;0;7;3
18;1801;10;6;12;1;0;0;0;3;1
18;1801;10;6;14;1;0;1;1;3;3
18;1801;10;6;20;1;1;0;1;1;3
18;1801;10;7;3;1;0;0;0;7;2
18;1801;10;7;19;1;0;1;1;3;1
18;1801;10;3;17;1;0;0;0;3;2
18;1801;10;1;11;1;0;0;0;3;3
18;1801;10;1;15;1;0;0;0;3;2
18;1801;10;2;18;1;0;0;0;3;3
18;1801;10;3;13;1;0;0;0;4;4
18;1801;10;4;0;1;0;0;0;4;3
18;1801;10;3;20;1;0;0;0;3;3
18;1801;10;4;21;1;0;0;0;3;3
18;1801;10;5;1;1;0;0;0;4;3
18;1801;10;5;23;1;0;1;1;7;3
18;1801;10;6;14;1;0;0;0;4;4
18;1801;10;6;11;1;0;0;0;3;2
18;1801;10;6;15;1;0;0;0;3;7
18;1801;10;5;19;1;0;0;0;3;4
18;1801;10;7;12;1;0;0;0;4;4
18;1801;10;6;15;1;0;2;2;1;3
18;1801;10;7;1;1;0;0;0;4;3
18;1801;10;7;9;1;0;0;0;3;3
18;1801;10;6;4;1;0;0;0;4;3
18;1801;10;3;13;1;0;0;0;5;4
18;1801;10;4;15;1;0;0;0;3;2
18;1801;10;1;8;1;0;0;0;2;5
18;1801;10;2;10;1;0;0;0;3;3
18;1801;10;2;21;1;0;2;2;3;1
18;1801;10;3;6;1;0;0;0;3;3
18;1801;10;3;8;1;0;1;1;3;3
18;1801;10;2;18;1;0;0;0;4;3
18;1801;10;4;0;1;0;1;1;3;1
18;1801;10;4;7;1;0;1;1;3;3
18;1801;10;3;12;1;0;0;0;3;3
18;1801;10;4;15;1;0;0;0;3;3
18;1801;10;4;15;1;0;1;1;1;4
18;1801;10;4;22;1;0;0;0;4;3
18;1801;10;5;15;1;0;1;1;1;5
18;1801;10;5;22;1;0;0;0;3;1
18;1801;10;6;5;1;0;0;0;4;3
18;1801;10;6;7;1;0;2;2;1;3
18;1801;10;6;8;1;0;1;1;7;3
18;1801;10;5;14;1;0;0;0;4;3
18;1801;10;7;8;1;0;1;1;3;2
18;1801;10;3;15;1;0;0;0;3;4
18;1801;10;7;13;1;2;0;2;7;3
18;1801;10;7;21;1;0;0;0;1;3
18;1801;10;2;11;1;0;1;1;1;3
18;1801;10;5;18;1;0;0;0;3;4
18;1801;10;7;9;1;0;0;0;3;1
18;1801;10;2;7;1;0;1;1;1;3
18;1801;10;3;11;1;0;0;0;4;3
18;1801;10;3;17;1;0;0;0;5;2
18;1801;10;4;19;1;1;0;1;1;4
18;1801;10;5;23;1;0;0;0;4;3
18;1801;10;5;15;1;0;0;0;3;3
18;1801;10;5;23;1;0;0;0;3;4
18;1801;10;6;1;1;0;0;0;4;3
18;1801;10;6;1;1;1;1;2;4;3
18;1801;10;6;3;1;0;1;1;1;3
18;1801;10;7;0;1;0;1;1;3;4
18;1801;10;7;5;1;0;0;0;8;1
18;1801;10;5;19;1;0;1;1;1;3
18;1801;10;5;15;1;0;0;0;3;4
18;1801;10;7;5;1;0;0;0;4;3
18;1801;10;7;16;1;1;0;1;7;3
18;1801;10;6;17;1;0;0;0;3;4
18;1801;10;7;20;1;0;1;1;1;3
18;1801;10;1;16;1;0;1;1;1;3
18;1801;10;1;12;1;0;1;1;1;3
18;1801;10;3;12;1;0;1;1;3;4
18;1801;10;7;2;1;0;0;0;3;3
18;1801;10;2;18;1;0;0;0;3;3
18;1801;10;3;19;1;0;1;1;1;3
18;1801;10;4;23;1;0;1;1;3;4
18;1801;10;1;9;1;0;1;1;1;3
18;1801;10;4;15;1;0;1;1;4;3
18;1801;10;4;19;1;1;0;1;1;3
18;1808;10;3;16;2;1;0;1;4;4
18;1807;10;2;0;2;1;0;1;6;4
18;1807;10;5;9;2;0;1;1;3;7
18;1809;10;5;7;2;0;0;0;3;4
18;1808;10;7;21;1;0;0;0;3;4
18;1808;10;1;17;2;0;1;1;3;9
19;1904;10;2;14;2;0;0;0;3;7
19;1904;10;3;17;2;0;1;1;3;7
19;1906;10;6;13;1;1;0;1;7;3
19;1901;10;5;2;2;0;0;0;4;4
19;1901;10;4;21;2;0;0;0;3;4
9;0916;10;6;17;1;0;1;1;5;4
1;0115;11;5;6;2;0;1;1;1;4
1;0115;11;7;11;2;0;1;1;3;7
1;0101;11;5;0;2;0;0;0;3;7
1;0101;11;6;6;2;0;0;0;3;7
1;0101;11;1;2;2;0;0;0;4;4
1;0101;11;1;14;2;0;0;0;3;7
1;0105;11;2;22;2;0;0;0;7;4
1;0102;11;3;14;2;0;0;0;3;4
1;0103;11;4;7;2;1;1;2;3;7
1;0101;11;4;10;2;0;1;1;7;4
1;0103;11;1;9;2;0;1;1;3;7
1;0111;11;2;7;2;0;2;2;3;7
1;0108;11;3;12;2;0;0;0;7;4
1;0101;11;3;13;2;0;3;3;3;7
1;0101;11;4;1;2;0;0;0;7;4
1;0103;11;4;7;2;0;1;1;5;4
1;0102;11;5;0;2;0;2;2;7;4
1;0108;11;4;17;2;0;1;1;3;4
1;0104;11;6;20;2;0;0;0;3;7
1;0101;11;6;0;2;0;4;4;3;4
1;0110;11;4;3;2;0;0;0;7;4
1;0108;11;3;15;2;0;0;0;4;4
1;0101;11;6;17;2;0;1;1;3;7
1;0108;11;6;22;2;0;1;1;3;4
1;0102;11;7;14;2;0;0;0;4;4
1;0108;11;7;6;2;0;1;1;3;7
1;0103;11;6;18;2;0;0;0;3;4
1;0101;11;2;10;2;0;0;0;3;4
1;0108;11;1;16;2;0;1;1;2;5
1;0108;11;2;17;2;0;0;0;3;7
1;0109;11;4;5;2;0;5;5;7;4
1;0101;11;5;4;2;0;1;1;3;7
1;0103;11;6;21;2;0;0;0;3;7
1;0108;11;6;10;2;0;0;0;8;10
1;0101;11;5;1;1;0;2;2;4;1
1;0101;11;5;2;1;0;0;0;7;7
1;0101;11;5;5;1;0;1;1;1;4
1;0101;11;5;9;1;0;1;1;4;4
1;0101;11;5;22;2;0;1;1;7;1
1;0101;11;5;22;1;0;0;0;4;4
1;0101;11;6;3;1;0;1;1;4;1
1;0101;11;6;4;1;0;2;2;3;1
1;0101;11;6;11;1;0;1;1;3;4
1;0101;11;6;15;2;0;0;0;5;4
1;0101;11;6;20;1;0;0;0;4;10
1;0101;11;7;3;1;0;1;1;4;4
1;0101;11;7;7;1;0;2;2;3;4
1;0101;11;7;17;2;0;2;2;3;2
1;0101;11;1;4;1;0;0;0;4;1
1;0101;11;1;6;1;0;1;1;3;4
1;0101;11;1;7;1;0;1;1;3;4
1;0101;11;1;10;1;0;1;1;1;4
1;0101;11;1;12;1;0;1;1;1;3
1;0101;11;1;17;1;0;0;0;4;4
1;0101;11;3;20;1;0;0;0;3;1
1;0101;11;4;8;1;0;0;0;1;3
1;0101;11;4;11;1;0;2;2;3;7
1;0101;11;4;11;1;0;1;1;3;7
1;0101;11;4;15;1;0;0;0;3;4
1;0101;11;4;15;1;0;0;0;3;7
1;0101;11;4;16;1;0;2;2;3;10
1;0101;11;5;0;1;0;0;0;7;3
1;0101;11;5;0;1;1;0;1;7;3
1;0101;11;5;12;1;0;0;0;3;4
1;0101;11;5;13;1;0;0;0;5;2
1;0101;11;5;15;1;0;1;1;3;7
1;0101;11;5;19;1;0;1;1;3;4
1;0101;11;6;13;1;0;0;0;1;4
1;0101;11;6;13;1;0;0;0;1;4
1;0101;11;6;23;1;0;1;1;3;7
1;0101;11;7;11;1;0;3;3;3;4
1;0101;11;7;20;1;0;1;1;3;1
1;0101;11;7;21;1;0;0;0;7;3
1;0101;11;7;23;1;0;1;1;3;4
1;0101;11;1;9;1;0;0;0;3;1
1;0101;11;1;19;1;0;1;1;3;1
1;0101;11;1;22;1;0;2;2;3;4
1;0101;11;2;14;2;0;2;2;6;3
1;0101;11;2;15;1;1;0;1;7;3
1;0101;11;2;23;1;0;0;0;4;1
1;0101;11;3;13;1;0;1;1;3;4
1;0101;11;3;16;1;0;3;3;3;4
1;0101;11;3;20;1;0;1;1;1;1
1;0101;11;4;1;1;0;0;0;4;1
1;0101;11;4;12;1;0;0;0;3;2
1;0101;11;4;12;1;0;0;0;3;2
1;0101;11;4;12;1;0;0;0;3;4
1;0101;11;6;15;1;0;1;1;3;7
1;0101;11;7;19;1;0;0;0;3;4
1;0101;11;2;7;1;0;1;1;3;7
1;0101;11;2;16;1;0;1;1;3;10
1;0101;11;2;18;1;0;1;1;3;4
1;0101;11;3;11;1;0;0;0;1;5
1;0101;11;3;12;1;0;1;1;3;7
1;0101;11;3;17;1;0;2;2;3;10
1;0101;11;3;18;1;0;0;0;3;4
1;0101;11;3;19;1;0;2;2;7;2
1;0101;11;3;23;1;0;5;5;7;4
1;0101;11;4;16;2;0;1;1;7;1
1;0101;11;4;18;1;0;1;1;5;4
1;0101;11;4;18;1;0;1;1;3;4
1;0101;11;4;23;1;0;3;3;3;7
1;0101;11;5;18;1;0;1;1;1;4
1;0101;11;5;18;1;0;0;0;1;5
1;0101;11;5;23;1;0;0;0;8;1
1;0101;11;6;19;1;0;2;2;3;4
1;0101;11;6;20;1;0;0;0;3;4
1;0101;11;7;2;1;0;0;0;4;7
1;0101;11;7;3;1;0;1;1;7;7
1;0101;11;7;12;1;0;2;2;3;10
1;0101;11;7;18;1;0;1;1;1;5
1;0101;11;7;19;2;0;1;1;3;7
1;0101;11;2;2;1;0;0;0;4;7
1;0101;11;2;7;1;2;0;2;3;7
1;0101;11;2;16;1;0;0;0;3;4
1;0101;11;2;16;1;0;0;0;1;7
1;0101;11;2;18;1;0;1;1;7;7
1;0101;11;3;7;1;0;1;1;5;2
1;0101;11;3;14;1;0;0;0;7;7
1;0101;11;3;18;1;0;1;1;3;1
1;0101;11;3;19;1;0;0;0;1;3
1;0101;11;5;16;1;0;1;1;3;7
1;0101;11;5;20;1;0;0;0;3;4
1;0101;11;6;4;1;0;0;0;7;4
1;0101;11;6;9;1;0;0;0;3;1
1;0101;11;6;17;1;0;1;1;3;1
1;0101;11;6;22;2;0;1;1;7;1
1;0101;11;6;22;1;0;2;2;3;4
2;0206;11;6;16;1;0;3;3;7;4
2;0206;11;1;16;1;0;2;2;3;7
2;0207;11;3;1;1;0;1;1;2;5
2;0206;11;6;0;1;0;1;1;7;4
2;0206;11;6;11;1;0;1;1;7;4
2;0206;11;5;16;1;0;2;2;7;4
2;0201;11;6;11;2;2;1;3;6;10
2;0201;11;7;17;1;0;4;4;3;4
2;0203;11;5;5;2;0;1;1;3;2
2;0201;11;7;5;1;0;3;3;4;4
2;0201;11;4;22;1;0;0;0;3;4
2;0201;11;7;11;2;0;4;4;6;9
2;0201;11;3;18;2;0;1;1;6;9
2;0201;11;2;10;2;0;1;1;6;4
2;0205;11;3;9;1;0;1;1;3;2
2;0201;11;4;11;2;0;0;0;3;4
2;0203;11;2;7;2;0;1;1;3;4
3;0301;11;4;20;2;0;2;2;3;7
3;0304;11;7;16;2;1;0;1;7;3
3;0304;11;7;21;1;1;0;1;3;3
3;0304;11;7;22;2;1;0;1;3;3
3;0301;11;4;6;1;0;2;2;3;7
3;0304;11;7;4;1;0;1;1;4;3
3;0303;11;2;5;2;0;9;9;7;4
3;0301;11;6;16;2;1;0;1;7;7
3;0303;11;7;2;2;2;0;2;4;4
3;0304;11;3;19;2;1;0;1;3;3
3;0301;11;4;1;2;0;0;0;7;4
3;0301;11;6;17;1;1;0;1;1;4
4;0403;11;7;5;2;1;0;1;7;4
4;0401;11;1;19;2;2;0;2;3;4
4;0401;11;6;21;2;0;3;3;7;4
4;0401;11;4;0;1;1;1;2;6;4
6;0607;11;6;5;1;0;1;1;4;8
6;0606;11;6;22;2;1;0;1;1;4
6;0601;11;1;13;2;1;0;1;3;4
6;0607;11;3;21;2;1;0;1;3;4
6;0603;11;1;5;2;0;2;2;3;4
6;0601;11;4;13;2;0;1;1;3;3
6;0607;11;6;17;1;1;1;2;3;4
6;0603;11;6;18;2;1;1;2;3;3
6;0606;11;3;7;2;0;0;0;7;3
6;0603;11;5;15;2;1;0;1;1;5
6;0601;11;5;14;1;0;0;0;3;7
6;0601;11;7;11;1;0;2;2;6;7
6;0601;11;7;13;1;0;3;3;4;3
6;0601;11;2;19;1;0;1;1;1;10
6;0601;11;3;14;1;0;1;1;1;3
6;0601;11;7;6;1;1;1;2;3;1
6;0601;11;6;21;1;1;1;2;8;4
6;0601;11;5;0;2;1;0;1;4;4
6;0601;11;5;21;1;0;1;1;1;3
5;0505;11;2;0;2;0;2;2;3;4
5;0505;11;5;11;1;0;2;2;4;4
5;0505;11;5;18;1;0;0;0;3;9
5;0505;11;5;19;1;0;9;9;1;7
5;0502;11;6;6;1;1;0;1;3;4
5;0505;11;7;0;2;1;0;1;1;5
5;0505;11;4;12;1;1;0;1;3;4
5;0501;11;5;1;1;0;1;1;7;3
5;0505;11;5;15;2;0;2;2;3;3
5;0501;11;5;16;1;0;0;0;5;4
5;0501;11;6;19;1;0;0;0;4;3
5;0501;11;7;2;1;0;0;0;7;3
5;0501;11;7;12;1;0;0;0;3;4
5;0501;11;7;17;1;0;0;0;4;3
5;0501;11;1;0;2;0;0;0;1;3
5;0506;11;2;18;2;0;0;0;1;3
5;0501;11;3;22;2;0;0;0;7;3
5;0506;11;4;12;2;0;0;0;3;3
5;0501;11;4;16;1;0;1;1;3;3
5;0501;11;5;3;2;0;0;0;4;3
5;0501;11;5;7;1;0;0;0;7;3
5;0501;11;6;23;2;0;1;1;3;3
5;0501;11;7;0;1;0;0;0;4;3
5;0501;11;7;16;2;0;1;1;1;3
5;0501;11;1;12;1;0;0;0;3;4
5;0501;11;2;12;2;0;0;0;3;3
5;0501;11;2;13;1;0;1;1;3;4
5;0501;11;3;12;1;0;0;0;3;4
5;0501;11;5;3;1;0;1;1;7;3
5;0501;11;5;10;1;0;0;0;4;3
5;0501;11;5;20;1;0;0;0;1;3
5;0501;11;6;4;2;0;0;0;7;3
5;0501;11;7;0;1;0;0;0;3;3
5;0501;11;7;2;1;0;0;0;4;3
5;0501;11;1;5;1;0;0;0;4;3
5;0501;11;5;21;1;0;0;0;3;4
7;0701;11;5;5;2;0;0;0;7;4
7;0706;11;5;17;2;0;1;1;1;4
7;0709;11;5;20;2;0;1;1;1;4
7;0704;11;6;9;2;0;1;1;3;7
7;0701;11;7;3;2;0;3;3;3;4
7;0702;11;7;16;2;0;2;2;7;4
7;0701;11;1;6;2;0;2;2;3;7
7;0709;11;1;19;2;1;0;1;3;4
7;0706;11;1;17;2;0;1;1;3;7
7;0701;11;2;10;2;0;2;2;7;4
7;0709;11;7;4;2;0;0;0;7;4
7;0702;11;7;2;2;0;0;0;7;4
7;0710;11;6;11;2;0;1;1;3;7
7;0706;11;6;20;2;0;0;0;3;4
7;0709;11;6;20;2;0;1;1;8;10
7;0709;11;7;6;2;0;0;0;5;4
7;0712;11;2;16;2;0;0;0;3;4
7;0701;11;3;18;2;0;1;1;7;4
7;0712;11;5;5;2;0;1;1;7;4
7;0709;11;4;7;2;0;1;1;1;4
7;0710;11;4;12;2;0;0;0;3;7
7;0707;11;5;21;2;0;1;1;7;4
7;0712;11;6;0;2;0;0;0;7;4
7;0710;11;6;12;2;0;3;3;3;7
7;0706;11;6;15;2;0;0;0;3;4
7;0712;11;7;2;2;0;0;0;7;4
7;0701;11;7;1;2;0;0;0;7;4
7;0704;11;1;6;2;0;1;1;5;4
7;0709;11;1;5;2;1;1;2;3;7
7;0704;11;1;10;2;0;0;0;3;4
7;0701;11;3;0;2;1;0;1;1;4
7;0712;11;3;15;2;0;1;1;3;7
7;0704;11;4;6;2;0;2;2;3;7
7;0706;11;5;19;2;1;0;1;3;7
7;0712;11;5;6;1;0;0;0;3;9
7;0701;11;5;2;1;0;0;0;4;3
7;0701;11;5;14;1;1;0;1;1;5
7;0701;11;5;19;1;1;1;2;3;1
7;0701;11;6;15;1;0;2;2;1;5
7;0701;11;4;6;1;0;1;1;3;7
7;0701;11;5;20;1;0;1;1;3;4
7;0701;11;1;7;1;0;1;1;1;4
7;0701;11;1;13;1;0;1;1;3;4
8;0804;11;3;10;1;0;1;1;3;4
8;0804;11;4;13;1;2;1;3;3;4
8;0804;11;6;19;1;0;1;1;3;4
8;0807;11;7;15;2;0;5;5;3;9
8;0807;11;3;17;2;1;0;1;1;5
8;0806;11;5;22;2;4;6;10;6;4
8;0804;11;7;9;2;1;0;1;7;4
8;0807;11;5;22;2;1;0;1;7;1
8;0805;11;1;4;2;0;1;1;3;4
8;0805;11;6;5;2;1;0;1;1;5
8;0801;11;2;7;1;0;1;1;8;4
8;0801;11;2;12;1;1;0;1;8;4
8;0801;11;1;12;1;1;0;1;7;4
8;0806;11;2;20;1;1;0;1;3;4
8;0801;11;6;18;1;0;0;0;8;4
9;0901;11;5;2;1;0;0;0;7;3
9;0901;11;5;0;1;0;3;3;5;3
9;0901;11;5;1;1;0;1;1;6;3
9;0901;11;5;0;1;0;2;2;5;3
9;0901;11;5;9;1;0;1;1;1;3
9;0901;11;5;4;1;0;0;0;7;1
9;0901;11;5;1;1;0;1;1;1;3
9;0901;11;5;3;1;0;0;0;3;3
9;0901;11;5;10;1;0;1;1;6;4
9;0901;11;5;3;1;0;2;2;1;3
9;0901;11;5;14;1;0;1;1;3;7
9;0901;11;5;19;1;0;2;2;3;5
9;0901;11;5;20;1;0;1;1;1;3
9;0901;11;5;23;1;0;1;1;7;3
9;0901;11;6;1;1;0;0;0;3;7
9;0901;11;6;3;1;0;0;0;7;3
9;0901;11;6;5;1;0;3;3;7;3
9;0901;11;6;2;1;0;1;1;3;7
9;0901;11;6;7;1;0;2;2;3;3
9;0901;11;6;7;1;0;2;2;3;3
9;0901;11;6;7;1;0;0;0;4;3
9;0901;11;6;11;1;0;0;0;5;3
9;0901;11;6;14;1;0;1;1;7;3
9;0901;11;6;17;1;0;1;1;1;3
9;0901;11;6;13;1;1;0;1;1;5
9;0901;11;6;15;1;0;2;2;3;3
9;0901;11;6;16;1;0;1;1;1;5
9;0901;11;6;21;1;0;1;1;1;4
9;0901;11;6;18;1;0;0;0;3;3
9;0901;11;6;21;1;0;0;0;4;3
9;0901;11;6;23;1;0;1;1;4;3
9;0901;11;7;1;1;0;0;0;4;3
9;0901;11;7;2;1;0;0;0;7;3
9;0901;11;7;5;1;0;0;0;3;3
9;0901;11;7;9;1;0;1;1;3;3
9;0901;11;7;2;1;0;1;1;7;3
9;0901;11;7;8;1;0;2;2;3;3
9;0901;11;7;9;1;0;1;1;1;3
9;0901;11;7;16;1;0;1;1;3;2
9;0901;11;7;19;1;0;1;1;6;3
9;0901;11;7;19;1;0;0;0;3;4
9;0901;11;7;20;1;0;2;2;3;2
9;0901;11;1;1;1;0;2;2;6;3
9;0901;11;1;6;1;0;1;1;3;7
9;0901;11;1;2;1;0;0;0;4;6
9;0901;11;1;15;1;0;2;2;3;3
9;0901;11;1;17;1;0;1;1;1;3
9;0901;11;1;19;1;0;1;1;1;3
9;0901;11;1;19;1;0;1;1;1;3
9;0901;11;1;19;1;0;1;1;6;3
9;0901;11;1;20;1;0;1;1;1;3
9;0901;11;2;0;1;0;3;3;3;3
9;0901;11;2;0;1;0;3;3;3;3
9;0901;11;2;6;1;0;1;1;3;4
9;0901;11;2;9;1;0;1;1;1;3
9;0901;11;2;8;1;0;2;2;3;7
9;0901;11;2;12;1;0;2;2;3;3
9;0901;11;2;15;1;0;1;1;3;3
9;0901;11;2;9;1;0;3;3;3;2
9;0901;11;2;16;1;0;2;2;3;7
9;0901;11;2;14;1;0;1;1;3;10
9;0901;11;2;17;1;0;1;1;2;5
9;0901;11;2;22;1;0;0;0;3;3
9;0901;11;3;1;1;0;2;2;3;7
9;0901;11;3;7;1;0;1;1;3;3
9;0901;11;3;7;1;0;1;1;3;4
9;0901;11;3;9;1;0;2;2;5;4
9;0901;11;3;8;1;0;2;2;3;3
9;0901;11;3;13;1;0;2;2;3;7
9;0901;11;3;17;1;0;1;1;3;3
9;0901;11;3;16;1;0;0;0;3;7
9;0901;11;3;19;1;0;1;1;7;10
9;0901;11;3;19;1;0;1;1;1;3
9;0901;11;4;7;1;0;1;1;7;3
9;0901;11;4;6;1;0;1;1;5;4
9;0901;11;4;8;1;0;1;1;3;4
9;0901;11;4;8;1;0;0;0;3;4
9;0901;11;4;12;1;0;1;1;1;3
9;0901;11;4;9;1;1;0;1;3;7
9;0901;11;4;6;1;0;1;1;3;4
9;0901;11;4;13;1;0;1;1;3;7
9;0901;11;4;14;1;0;0;0;3;3
9;0901;11;4;16;1;0;0;0;3;3
9;0901;11;4;18;1;0;2;2;1;5
9;0901;11;4;16;1;0;1;1;1;5
9;0901;11;4;20;1;0;1;1;3;3
9;0901;11;5;0;1;0;1;1;3;3
9;0901;11;4;21;1;0;0;0;4;8
9;0901;11;4;22;1;0;1;1;3;3
9;0901;11;5;14;1;0;2;2;3;7
9;0901;11;5;17;1;0;0;0;3;4
9;0901;11;5;17;1;0;1;1;1;3
9;0901;11;5;14;1;0;1;1;3;4
9;0901;11;5;16;1;0;2;2;3;4
9;0901;11;5;19;1;0;2;2;3;4
9;0901;11;5;18;1;0;2;2;3;7
9;0901;11;5;19;1;0;1;1;3;4
9;0901;11;5;21;1;0;1;1;3;4
9;0901;11;6;1;1;0;0;0;4;1
9;0901;11;6;12;1;0;2;2;3;4
9;0901;11;6;12;1;0;3;3;3;7
9;0901;11;6;14;1;0;2;2;3;3
9;0901;11;6;17;1;0;1;1;3;3
9;0901;11;6;19;1;0;1;1;1;3
9;0901;11;6;17;1;0;1;1;4;3
9;0901;11;6;20;1;0;1;1;1;3
9;0901;11;6;20;1;0;1;1;6;3
9;0901;11;6;20;1;0;1;1;1;3
9;0901;11;6;20;1;1;0;1;4;3
9;0901;11;7;0;1;0;0;0;7;3
9;0901;11;6;18;1;0;1;1;1;3
9;0901;11;6;19;1;1;0;1;1;3
9;0901;11;7;3;1;0;2;2;3;7
9;0901;11;7;0;1;0;1;1;7;3
9;0901;11;7;5;1;0;0;0;4;3
9;0901;11;7;6;1;0;1;1;3;4
9;0901;11;7;6;1;0;1;1;4;3
9;0901;11;7;5;1;0;1;1;7;3
9;0901;11;7;10;1;0;1;1;1;3
9;0901;11;7;12;1;0;1;1;1;7
9;0901;11;7;15;1;0;1;1;1;3
9;0901;11;7;15;1;1;0;1;5;3
9;0901;11;7;12;1;0;2;2;3;7
9;0901;11;7;16;1;0;2;2;3;7
9;0901;11;7;18;1;0;3;3;5;10
9;0901;11;7;17;1;0;3;3;8;10
9;0901;11;7;13;1;0;1;1;1;3
9;0901;11;7;17;1;0;0;0;7;3
9;0901;11;1;1;1;0;2;2;3;3
9;0901;11;1;1;1;0;1;1;6;3
9;0901;11;1;4;1;0;1;1;3;3
9;0901;11;1;7;1;0;1;1;7;6
9;0901;11;1;3;1;0;1;1;7;4
9;0901;11;1;9;1;0;1;1;3;3
9;0901;11;1;6;1;1;2;3;6;3
9;0901;11;1;8;1;0;1;1;3;3
9;0901;11;1;11;1;0;1;1;3;3
9;0901;11;1;16;1;0;1;1;5;4
9;0901;11;1;6;1;0;0;0;8;10
9;0901;11;1;14;1;0;1;1;1;10
9;0901;11;1;15;1;0;1;1;5;4
9;0901;11;1;14;1;0;2;2;3;7
9;0901;11;1;14;1;0;0;0;3;4
9;0901;11;1;15;1;0;1;1;3;4
9;0901;11;1;17;1;0;2;2;3;7
9;0901;11;1;23;1;0;1;1;3;4
9;0901;11;1;15;1;1;1;2;3;3
9;0901;11;1;16;1;0;1;1;7;3
9;0901;11;1;21;1;0;1;1;3;4
9;0901;11;2;8;1;0;1;1;3;4
9;0901;11;2;8;1;0;2;2;3;4
9;0901;11;2;10;1;0;1;1;4;3
9;0901;11;2;14;1;0;3;3;4;3
9;0901;11;2;9;1;0;1;1;4;3
9;0901;11;2;12;1;0;1;1;5;3
9;0901;11;2;12;1;0;0;0;3;7
9;0901;11;2;17;1;0;1;1;1;3
9;0901;11;2;14;1;0;1;1;3;7
9;0901;11;2;20;1;0;1;1;3;3
9;0901;11;2;11;1;0;1;1;1;3
9;0901;11;3;1;1;0;1;1;1;3
9;0901;11;3;3;1;1;1;2;4;3
9;0901;11;3;0;1;0;0;0;7;3
9;0901;11;3;7;1;0;0;0;1;4
9;0901;11;3;6;1;0;1;1;1;3
9;0901;11;3;8;1;0;1;1;3;10
9;0901;11;3;7;1;0;1;1;3;4
9;0901;11;3;6;1;0;13;13;3;1
9;0901;11;3;4;1;0;0;0;4;3
9;0901;11;3;9;1;0;1;1;7;3
9;0901;11;3;8;1;0;1;1;3;3
9;0901;11;3;17;1;0;2;2;3;2
9;0901;11;3;19;1;0;3;3;4;1
9;0901;11;3;20;1;0;0;0;3;2
9;0901;11;3;19;1;0;1;1;1;4
9;0901;11;3;18;1;0;2;2;8;10
9;0901;11;4;3;1;0;0;0;4;3
9;0901;11;3;18;1;0;1;1;1;5
9;0901;11;3;14;1;0;1;1;6;3
9;0901;11;4;7;1;0;1;1;3;3
9;0901;11;4;7;1;0;1;1;1;3
9;0901;11;4;8;1;1;0;1;1;7
9;0901;11;4;6;1;1;0;1;1;4
9;0901;11;4;12;1;0;2;2;1;3
9;0901;11;4;11;1;1;1;2;3;3
9;0901;11;4;14;1;0;1;1;6;3
9;0901;11;4;17;1;0;1;1;1;3
9;0901;11;4;10;1;0;0;0;5;3
9;0901;11;4;12;1;0;1;1;3;3
9;0901;11;4;14;1;0;1;1;3;4
9;0901;11;4;14;1;0;1;1;3;3
9;0901;11;4;22;1;0;2;2;7;3
9;0901;11;4;22;1;1;0;1;1;3
9;0901;11;5;0;1;1;1;2;3;3
9;0901;11;5;0;1;0;2;2;3;1
9;0901;11;4;21;1;0;1;1;3;4
9;0901;11;4;20;1;0;1;1;3;4
9;0901;11;4;23;1;1;0;1;3;7
9;0901;11;5;4;1;0;0;0;7;3
9;0901;11;5;11;1;0;1;1;3;4
9;0901;11;5;7;1;0;1;1;7;3
9;0901;11;5;11;1;0;1;1;1;3
9;0901;11;5;9;1;0;0;0;3;7
9;0901;11;5;7;1;0;1;1;3;3
9;0901;11;5;7;1;0;3;3;3;3
9;0901;11;5;15;1;0;2;2;3;7
9;0901;11;5;15;1;0;0;0;3;7
9;0901;11;5;17;1;0;1;1;6;4
9;0901;11;5;15;1;0;1;1;1;3
9;0901;11;5;13;1;1;0;1;3;3
9;0901;11;5;21;1;1;0;1;1;5
9;0901;11;5;21;1;0;1;1;3;3
9;0901;11;5;16;1;0;2;2;3;3
9;0901;11;5;21;1;0;0;0;5;1
9;0901;11;5;23;1;0;1;1;4;4
9;0901;11;5;22;1;0;2;2;3;7
9;0901;11;6;0;1;0;1;1;3;7
9;0901;11;6;3;1;0;1;1;6;3
9;0901;11;6;2;1;0;2;2;1;4
9;0901;11;6;7;1;0;1;1;3;7
9;0901;11;6;4;1;0;0;0;3;7
9;0901;11;6;5;1;0;0;0;4;3
9;0901;11;6;9;1;0;1;1;3;7
9;0901;11;6;10;1;0;1;1;1;3
9;0901;11;6;11;1;0;1;1;4;3
9;0901;11;6;10;1;0;1;1;1;3
9;0901;11;6;15;1;0;0;0;3;7
9;0901;11;6;18;1;1;0;1;1;3
9;0901;11;6;20;1;0;1;1;2;1
9;0901;11;6;21;1;0;2;2;3;3
9;0901;11;6;23;1;0;1;1;3;3
9;0901;11;6;21;1;0;0;0;3;3
9;0901;11;6;23;1;0;1;1;1;4
9;0901;11;7;0;1;0;4;4;3;7
9;0901;11;6;20;1;0;1;1;7;3
9;0901;11;7;3;1;0;1;1;4;3
9;0901;11;7;3;1;0;1;1;7;3
9;0901;11;7;3;1;0;2;2;7;3
9;0901;11;7;3;1;0;0;0;4;3
9;0901;11;7;6;1;0;0;0;3;7
9;0901;11;7;6;1;0;0;0;3;4
9;0901;11;7;6;1;0;3;3;7;3
9;0901;11;7;6;1;0;1;1;4;3
9;0901;11;7;20;1;0;2;2;7;3
9;0901;11;7;6;1;0;1;1;3;4
9;0901;11;7;11;1;0;2;2;7;9
9;0901;11;7;16;1;0;1;1;1;5
9;0901;11;7;12;1;1;1;2;1;3
9;0901;11;7;14;1;0;1;1;3;7
9;0901;11;7;8;1;0;1;1;3;3
9;0901;11;7;17;1;1;0;1;3;3
9;0901;11;7;19;1;0;1;1;4;7
9;0901;11;7;16;1;0;2;2;3;3
9;0901;11;7;20;1;0;0;0;4;7
9;0901;11;7;19;1;0;2;2;3;7
9;0901;11;7;21;1;0;1;1;4;7
9;0901;11;7;21;1;0;1;1;7;3
9;0901;11;1;1;1;0;3;3;3;4
9;0901;11;1;7;1;0;1;1;1;3
9;0901;11;1;7;1;0;1;1;7;3
9;0901;11;1;9;1;0;2;2;1;3
9;0901;11;1;10;1;0;1;1;3;7
9;0901;11;1;12;1;0;1;1;1;3
9;0901;11;1;16;1;0;3;3;3;7
9;0901;11;1;9;1;0;1;1;1;7
9;0901;11;1;18;1;0;1;1;1;3
9;0901;11;1;18;1;0;2;2;3;3
9;0901;11;1;19;1;0;0;0;3;4
9;0901;11;1;20;1;0;2;2;1;3
9;0901;11;1;17;1;0;1;1;3;4
9;0901;11;1;13;1;0;1;1;7;3
9;0901;11;1;20;1;0;1;1;1;5
9;0901;11;2;8;1;0;1;1;1;5
9;0901;11;2;11;1;1;1;2;3;7
9;0901;11;2;7;1;0;2;2;3;7
9;0901;11;2;9;1;0;1;1;5;4
9;0901;11;2;14;1;0;0;0;3;4
9;0901;11;2;18;1;0;1;1;1;3
9;0901;11;2;20;1;0;1;1;1;3
9;0901;11;2;20;1;0;2;2;3;7
9;0901;11;2;17;1;0;1;1;3;7
9;0901;11;2;22;1;1;0;1;1;7
9;0901;11;2;22;1;0;2;2;3;3
9;0901;11;3;1;1;1;0;1;3;4
9;0901;11;3;1;1;1;0;1;7;3
9;0901;11;2;22;1;0;1;1;7;4
9;0901;11;3;5;1;0;0;0;7;3
9;0901;11;3;12;1;0;1;1;1;3
9;0901;11;3;12;1;1;0;1;1;5
9;0901;11;3;13;1;0;1;1;3;10
9;0901;11;3;6;1;0;1;1;3;7
9;0901;11;3;8;1;0;1;1;7;3
9;0901;11;3;7;1;0;1;1;3;4
9;0901;11;3;10;1;0;2;2;3;7
9;0901;11;3;15;1;0;5;5;3;3
9;0901;11;3;18;1;0;1;1;3;3
9;0901;11;3;15;1;0;2;2;3;3
9;0901;11;3;20;1;0;0;0;4;3
9;0901;11;3;21;1;0;1;1;3;4
9;0901;11;3;14;1;0;2;2;7;3
9;0901;11;4;7;1;0;0;0;3;3
9;0901;11;4;7;1;0;2;2;7;3
9;0901;11;4;12;1;0;1;1;3;4
9;0901;11;4;13;1;0;1;1;1;5
9;0901;11;4;19;1;0;2;2;3;7
9;0901;11;4;19;1;0;2;2;7;3
9;0901;11;5;0;1;0;0;0;7;3
9;0901;11;4;20;1;0;1;1;3;4
9;0901;11;4;21;1;0;2;2;3;4
9;0901;11;5;7;1;0;1;1;1;5
9;0901;11;5;3;1;0;1;1;4;3
9;0901;11;5;9;1;0;1;1;1;4
9;0901;11;5;10;1;0;2;2;3;4
9;0901;11;5;13;1;0;1;1;5;2
9;0901;11;5;17;1;0;2;2;3;3
9;0901;11;5;13;1;0;2;2;1;3
9;0901;11;5;15;1;0;2;2;3;3
9;0901;11;5;16;1;0;1;1;7;3
9;0901;11;5;17;1;0;1;1;3;3
9;0901;11;5;14;1;0;1;1;4;3
9;0901;11;6;0;1;0;1;1;4;3
9;0901;11;5;18;1;0;1;1;3;7
9;0901;11;5;18;1;0;2;2;3;3
9;0901;11;6;5;1;0;2;2;4;3
9;0901;11;6;2;1;0;2;2;3;7
9;0901;11;6;0;1;0;0;0;3;3
9;0901;11;6;12;1;0;1;1;3;3
9;0901;11;6;16;1;0;1;1;4;3
9;0901;11;6;15;1;0;2;2;7;3
9;0901;11;6;17;1;0;1;1;7;3
9;0901;11;6;19;1;0;1;1;7;3
9;0901;11;6;19;1;0;1;1;3;7
9;0901;11;6;21;1;0;0;0;7;3
9;0901;11;7;1;1;0;1;1;7;3
9;0901;11;7;6;1;0;0;0;7;3
9;0901;11;7;7;1;0;1;1;4;3
9;0901;11;7;14;1;0;2;2;3;4
9;0901;11;7;11;1;0;2;2;3;4
9;0901;11;7;19;1;0;1;1;7;4
9;0901;11;7;17;1;0;0;0;3;4
9;0901;11;7;16;1;0;0;0;3;7
9;0901;11;7;19;1;0;1;1;3;3
9;0901;11;7;15;1;0;1;1;1;3
9;0901;11;7;16;1;0;1;1;3;4
9;0901;11;7;20;1;0;1;1;1;3
9;0901;11;1;0;1;0;2;2;1;3
9;0901;11;1;7;1;0;3;3;3;7
9;0901;11;1;10;1;0;1;1;7;9
9;0901;11;1;0;1;0;1;1;1;3
9;0901;11;1;10;1;0;1;1;3;7
9;0901;11;1;15;1;0;1;1;1;5
9;0901;11;1;16;1;0;1;1;1;5
9;0901;11;1;23;1;1;2;3;3;3
9;0901;11;2;4;1;0;1;1;3;3
9;0901;11;2;7;1;0;2;2;3;3
9;0901;11;2;14;1;0;0;0;3;7
9;0901;11;2;9;1;0;3;3;5;3
9;0901;11;2;14;1;0;1;1;3;7
9;0901;11;2;7;1;0;1;1;3;4
9;0901;11;2;11;1;0;1;1;1;7
9;0901;11;2;16;1;0;1;1;3;4
9;0901;11;2;14;1;0;2;2;5;4
9;0901;11;2;17;1;0;1;1;3;4
9;0901;11;2;19;1;0;2;2;3;4
9;0901;11;2;19;1;0;2;2;1;3
9;0901;11;2;18;1;0;2;2;7;3
9;0901;11;3;8;1;0;1;1;6;10
9;0901;11;3;8;1;0;1;1;6;3
9;0901;11;3;7;1;0;1;1;6;3
9;0901;11;2;22;1;0;1;1;6;3
9;0901;11;3;13;1;0;1;1;6;3
9;0901;11;3;12;1;0;1;1;3;3
9;0901;11;3;16;1;0;1;1;3;3
9;0901;11;3;8;1;0;2;2;3;3
9;0901;11;3;18;1;0;1;1;3;3
9;0901;11;3;21;1;0;2;2;1;1
9;0901;11;4;6;1;0;1;1;3;3
9;0901;11;4;7;1;0;1;1;7;3
9;0901;11;4;5;1;0;0;0;4;3
9;0901;11;4;7;1;1;1;2;1;3
9;0901;11;4;12;1;0;1;1;1;3
9;0901;11;4;12;1;0;1;1;5;3
9;0901;11;4;14;1;0;1;1;4;10
9;0901;11;4;18;1;0;1;1;1;5
9;0901;11;4;13;1;0;1;1;3;3
9;0901;11;4;16;1;0;3;3;3;7
9;0901;11;4;17;1;0;2;2;1;3
9;0901;11;4;23;1;0;1;1;1;3
9;0901;11;5;0;1;0;1;1;3;3
9;0901;11;4;14;1;0;1;1;3;3
9;0901;11;5;0;1;0;5;5;3;7
9;0901;11;5;4;1;0;0;0;4;3
9;0901;11;5;6;1;0;2;2;3;4
9;0901;11;5;14;1;0;2;2;3;7
9;0901;11;5;15;1;0;0;0;7;3
9;0901;11;5;19;1;0;1;1;1;3
9;0901;11;5;20;1;0;3;3;1;7
9;0901;11;5;15;1;0;0;0;3;3
9;0901;11;6;2;1;0;1;1;7;3
9;0901;11;5;20;1;0;1;1;1;5
9;0901;11;5;3;1;0;0;0;4;3
9;0901;11;6;3;1;0;0;0;7;1
9;0901;11;6;3;1;0;0;0;3;3
9;0901;11;6;0;1;0;0;0;3;3
9;0901;11;6;4;1;0;0;0;7;3
9;0901;11;5;23;1;0;0;0;7;3
9;0901;11;6;1;1;0;0;0;7;3
9;0901;11;6;8;1;0;1;1;7;3
9;0901;11;6;12;1;0;1;1;3;3
9;0901;11;6;9;1;0;1;1;3;4
9;0901;11;6;17;1;0;1;1;3;7
9;0901;11;6;16;1;0;2;2;3;4
9;0901;11;6;15;1;0;0;0;7;3
9;0901;11;6;20;1;0;4;4;7;3
9;0901;11;6;23;1;0;0;0;3;3
9;0901;11;6;22;1;0;0;0;3;1
9;0906;11;5;11;1;0;2;2;3;7
9;0907;11;6;5;2;0;0;0;7;4
9;0921;11;5;19;1;0;1;1;8;10
9;0907;11;5;15;2;0;0;0;3;4
9;0919;11;5;22;2;0;1;1;3;7
9;0920;11;6;16;2;0;1;1;3;7
9;0910;11;6;8;2;0;5;5;3;7
9;0912;11;6;18;2;0;1;1;8;10
9;0919;11;6;11;2;0;1;1;3;4
9;0906;11;6;23;2;0;1;1;1;4
9;0901;11;6;12;2;0;1;1;3;7
9;0918;11;6;20;1;0;1;1;1;4
9;0918;11;6;19;2;0;1;1;4;4
9;0925;11;6;15;1;0;1;1;3;7
9;0904;11;6;12;1;0;1;1;3;7
9;0918;11;7;1;2;0;1;1;1;4
9;0928;11;7;3;2;0;4;4;4;4
9;0902;11;7;15;2;0;2;2;3;7
9;0910;11;7;20;2;0;3;3;3;7
9;0920;11;1;2;1;1;0;1;4;4
9;0906;11;7;15;2;0;1;1;1;4
9;0907;11;7;23;2;0;1;1;1;4
9;0916;11;7;18;2;0;1;1;3;4
9;0920;11;7;19;2;0;1;1;1;4
9;0902;11;7;16;2;0;1;1;2;5
9;0912;11;7;19;2;0;4;4;3;4
9;0908;11;7;8;2;0;1;1;3;7
9;0901;11;7;23;2;0;1;1;7;4
9;0927;11;6;18;1;0;2;2;6;4
9;0909;11;1;3;2;0;1;1;1;4
9;0908;11;6;16;2;0;1;1;3;7
9;0906;11;1;13;2;0;1;1;1;4
9;0906;11;1;16;1;0;2;2;1;4
9;0906;11;1;21;2;1;0;1;7;4
9;0906;11;2;8;2;0;5;5;3;4
9;0907;11;2;12;2;0;0;0;3;4
9;0920;11;2;14;2;0;0;0;3;4
9;0906;11;2;17;1;0;1;1;7;4
9;0912;11;2;13;2;0;1;1;6;4
9;0914;11;2;20;2;0;0;0;4;4
9;0921;11;3;12;2;0;1;1;3;7
9;0905;11;7;18;2;0;2;2;1;4
9;0927;11;3;12;2;0;1;1;1;4
9;0928;11;3;11;2;0;0;0;6;4
9;0916;11;3;9;1;0;1;1;7;4
9;0906;11;3;5;2;0;1;1;3;7
9;0908;11;4;8;2;0;4;4;7;4
9;0904;11;5;18;1;0;1;1;1;4
9;0916;11;4;5;1;0;2;2;3;7
9;0914;11;4;10;1;0;1;1;3;7
9;0910;11;4;12;2;0;2;2;3;4
9;0922;11;4;14;2;0;1;1;1;4
9;0907;11;4;2;2;0;1;1;1;4
9;0920;11;1;9;2;0;1;1;1;4
9;0910;11;5;6;2;0;2;2;3;4
9;0902;11;7;2;2;1;1;2;3;4
9;0902;11;7;15;2;0;0;0;3;4
9;0910;11;7;2;2;0;1;1;1;4
9;0920;11;1;22;2;0;2;2;3;4
9;0901;11;6;23;2;0;1;1;3;4
9;0921;11;5;7;1;0;1;1;3;7
9;0902;11;1;19;2;0;1;1;5;4
9;0909;11;1;20;2;0;0;0;3;4
9;0910;11;7;3;2;1;2;3;5;4
9;0922;11;7;1;2;1;0;1;6;4
9;0906;11;2;3;2;0;0;0;7;4
9;0918;11;6;19;2;0;1;1;7;4
9;0925;11;7;19;2;0;2;2;1;4
9;0906;11;3;7;2;0;1;1;3;7
9;0911;11;7;13;2;1;0;1;3;7
9;0924;11;3;11;2;0;1;1;5;4
9;0906;11;4;8;2;0;1;1;7;4
9;0927;11;3;7;2;0;2;2;3;4
9;0912;11;3;18;2;0;1;1;4;4
9;0906;11;3;23;2;0;0;0;3;4
9;0901;11;3;22;2;0;1;1;3;4
9;0901;11;7;12;2;1;0;1;3;7
9;0916;11;4;14;1;0;1;1;1;4
9;0907;11;5;5;2;0;0;0;7;4
9;0910;11;5;14;2;0;2;2;5;4
9;0910;11;5;20;2;0;3;3;3;7
9;0910;11;5;19;2;0;1;1;2;5
9;0921;11;7;15;2;0;2;2;3;7
9;0906;11;6;1;2;0;0;0;7;4
9;0914;11;7;17;1;0;1;1;3;4
9;0909;11;7;18;2;1;0;1;3;4
9;0928;11;7;20;2;0;2;2;3;7
9;0912;11;5;5;1;0;1;1;1;4
9;0920;11;7;17;2;1;2;3;3;4
9;0912;11;7;9;2;0;1;1;1;4
9;0904;11;2;19;2;0;1;1;1;4
9;0921;11;7;9;2;0;2;2;6;4
9;0904;11;7;18;2;0;1;1;1;4
9;0901;11;7;6;2;1;4;5;4;4
9;0920;11;6;21;2;0;1;1;1;4
9;0910;11;7;13;2;0;1;1;3;7
9;0920;11;1;17;2;0;1;1;3;7
9;0907;11;7;9;2;0;0;0;7;4
9;0916;11;7;3;1;0;1;1;4;4
9;0902;11;2;6;2;0;1;1;3;7
9;0923;11;2;10;2;1;1;2;6;4
9;0901;11;2;19;2;0;0;0;3;4
9;0911;11;2;6;2;1;0;1;3;4
9;0918;11;2;19;2;0;1;1;3;4
9;0920;11;3;5;2;0;2;2;4;4
9;0925;11;7;6;2;1;0;1;3;7
9;0921;11;2;17;2;0;1;1;3;7
9;0905;11;6;9;2;1;0;1;3;4
9;0904;11;3;0;2;0;1;1;1;4
9;0902;11;3;15;2;0;1;1;3;7
9;0905;11;2;23;2;1;0;1;3;7
9;0904;11;2;1;2;0;1;1;1;4
9;0921;11;3;13;1;0;1;1;1;4
9;0908;11;4;7;2;0;1;1;5;4
9;0901;11;4;5;2;0;0;0;4;4
9;0922;11;4;6;2;0;1;1;2;5
9;0906;11;4;12;1;0;1;1;1;4
9;0916;11;4;17;1;0;1;1;3;4
9;0928;11;4;23;1;0;1;1;4;4
9;0916;11;4;17;1;0;1;1;7;4
9;0925;11;4;18;2;0;1;1;2;5
9;0906;11;2;7;2;0;3;3;3;4
9;0906;11;3;13;2;0;2;2;1;4
9;0910;11;4;21;2;0;0;0;4;4
9;0920;11;5;19;1;0;1;1;1;4
9;0909;11;5;4;2;0;1;1;3;4
9;0906;11;5;11;2;0;1;1;3;7
9;0906;11;5;20;2;0;2;2;1;4
9;0913;11;5;15;2;0;1;1;1;4
9;0910;11;5;19;2;1;1;2;3;4
9;0919;11;7;1;2;0;2;2;3;4
9;0921;11;7;9;2;0;1;1;3;7
9;0906;11;7;19;2;0;2;2;1;4
9;0918;11;7;21;2;0;1;1;7;4
9;0916;11;6;20;2;1;0;1;7;4
9;0920;11;1;7;2;0;1;1;3;7
9;0920;11;1;8;2;0;0;0;6;4
9;0901;11;1;14;2;0;1;1;3;4
9;0920;11;1;16;2;0;1;1;7;4
9;0924;11;7;3;2;0;3;3;5;4
9;0911;11;2;17;2;0;1;1;1;4
9;0906;11;3;0;1;0;2;2;1;4
9;0907;11;4;15;2;0;0;0;3;4
9;0907;11;1;6;2;0;1;1;3;7
9;0916;11;2;4;2;0;1;1;3;7
9;0919;11;2;18;2;0;1;1;3;4
9;0907;11;2;11;2;0;1;1;3;7
9;0906;11;6;10;2;0;0;0;3;4
9;0907;11;7;9;2;0;0;0;7;4
9;0907;11;3;7;2;0;1;1;3;4
9;0916;11;5;2;2;0;1;1;4;4
9;0907;11;2;14;2;0;1;1;1;4
9;0920;11;3;6;2;0;0;0;7;4
9;0920;11;3;13;2;3;1;4;4;4
9;0918;11;3;18;2;0;1;1;4;4
9;0908;11;3;15;2;0;1;1;2;5
9;0920;11;4;15;2;0;1;1;3;7
9;0901;11;4;12;2;0;0;0;6;4
9;0906;11;6;3;2;0;1;1;7;4
9;0912;11;6;2;2;1;0;1;7;4
9;0920;11;6;6;2;0;1;1;5;4
9;0920;11;5;23;2;1;1;2;4;4
9;0920;11;6;16;1;0;1;1;1;4
9;0902;11;6;18;2;0;3;3;1;4
9;0901;11;6;17;2;1;1;2;7;4
9;0911;11;4;3;2;0;2;2;4;4
9;0921;11;5;7;1;0;2;2;3;7
9;0921;11;5;7;2;0;1;1;1;4
9;0904;11;5;13;1;0;1;1;3;7
9;0906;11;5;15;1;0;1;1;3;7
9;0921;11;5;19;2;0;1;1;7;4
9;0921;11;5;22;2;0;1;1;7;4
9;0906;11;6;5;2;0;0;0;4;4
9;0920;11;6;12;2;0;0;0;2;5
9;0907;11;1;20;1;0;2;2;3;7
9;0907;11;3;22;1;0;1;1;2;5
9;0907;11;5;7;1;0;1;1;7;9
9;0907;11;1;10;1;0;2;2;3;3
9;0907;11;2;8;1;0;1;1;1;4
9;0907;11;4;5;1;0;1;1;3;4
9;0907;11;4;17;1;0;0;0;7;4
9;0907;11;6;9;1;0;0;0;1;4
9;0907;11;1;7;1;0;2;2;3;4
9;0907;11;1;15;1;0;1;1;3;4
9;0907;11;2;11;1;0;0;0;1;4
9;0907;11;6;5;1;0;1;1;5;4
10;1004;11;5;20;1;1;0;1;1;4
10;1004;11;5;22;2;1;0;1;7;4
10;1005;11;6;11;2;1;0;1;4;3
10;1001;11;6;16;1;0;3;3;3;7
10;1001;11;6;16;1;0;1;1;2;3
10;1004;11;7;0;1;0;0;0;3;1
10;1001;11;4;7;2;0;1;1;4;4
10;1001;11;6;6;1;0;0;0;3;7
10;1001;11;7;9;1;0;1;1;4;7
10;1001;11;7;15;1;0;3;3;4;3
10;1001;11;1;9;1;0;1;1;3;7
10;1001;11;2;13;2;0;2;2;3;4
10;1004;11;2;18;1;0;1;1;2;6
10;1001;11;3;14;1;0;0;0;3;7
10;1001;11;3;14;1;0;0;0;3;7
10;1003;11;4;2;2;0;0;0;3;1
10;1001;11;6;14;1;0;0;0;3;7
10;1001;11;6;18;1;0;0;0;3;7
10;1001;11;6;22;1;0;0;0;8;5
10;1001;11;7;18;1;0;1;1;3;7
10;1001;11;1;11;2;0;2;2;1;7
10;1001;11;1;13;1;0;3;3;3;7
10;1004;11;1;16;1;0;1;1;1;5
10;1001;11;2;14;1;0;1;1;3;7
10;1001;11;3;19;1;0;1;1;3;9
10;1001;11;4;7;2;1;0;1;5;4
10;1001;11;5;6;1;0;0;0;8;7
10;1005;11;7;5;2;0;1;1;7;3
10;1001;11;7;15;2;0;1;1;1;5
10;1001;11;2;11;1;0;2;2;5;7
10;1001;11;2;13;1;0;1;1;3;7
10;1001;11;3;11;1;0;1;1;1;5
10;1001;11;4;5;1;1;0;1;4;7
10;1001;11;4;7;1;0;0;0;3;7
10;1001;11;4;18;1;1;0;1;3;7
10;1001;11;5;7;1;0;0;0;3;7
11;1109;11;1;16;2;1;1;2;7;4
11;1109;11;3;7;2;0;1;1;3;3
11;1103;11;4;14;1;0;2;2;3;3
11;1103;11;7;12;1;0;2;2;3;7
11;1101;11;5;3;1;0;0;0;3;1
11;1101;11;5;5;1;0;0;0;4;1
11;1101;11;5;13;1;0;2;2;3;7
11;1101;11;5;13;1;0;0;0;3;7
11;1101;11;6;3;1;0;1;1;4;1
11;1101;11;6;5;1;0;0;0;6;3
11;1101;11;6;9;1;0;1;1;3;4
11;1101;11;6;16;1;0;1;1;3;4
11;1101;11;6;17;1;0;2;2;1;1
11;1101;11;6;18;1;0;2;2;3;7
11;1101;11;7;3;1;0;2;2;7;1
11;1101;11;7;9;1;0;2;2;3;7
11;1101;11;7;11;1;0;0;0;4;3
11;1101;11;1;7;1;0;0;0;4;4
11;1101;11;2;14;1;0;2;2;3;7
11;1101;11;2;15;1;0;1;1;1;5
11;1101;11;4;13;1;0;1;1;3;4
11;1101;11;5;21;1;0;0;0;3;1
11;1101;11;6;12;1;0;1;1;1;4
11;1101;11;6;15;1;0;0;0;3;7
11;1101;11;6;16;1;0;1;1;3;7
11;1101;11;6;20;1;0;0;0;3;1
11;1101;11;6;22;1;0;9;9;3;1
11;1101;11;6;23;1;0;0;0;4;4
11;1101;11;7;2;1;0;0;0;4;4
11;1101;11;7;6;1;0;0;0;8;4
11;1101;11;1;7;1;0;1;1;3;6
11;1101;11;1;20;1;0;1;1;1;4
11;1101;11;2;11;1;0;0;0;5;4
11;1101;11;2;19;1;0;1;1;3;7
11;1101;11;2;21;1;0;0;0;4;1
11;1101;11;3;1;1;0;0;0;4;3
11;1101;11;3;14;1;0;0;0;3;7
11;1101;11;3;15;2;0;1;1;3;4
11;1101;11;4;4;1;0;0;0;4;4
11;1101;11;4;10;2;0;1;1;3;7
11;1101;11;4;20;1;0;2;2;3;7
11;1101;11;5;12;2;0;2;2;3;4
11;1101;11;5;21;2;0;4;4;7;6
11;1101;11;7;3;1;0;0;0;4;1
11;1101;11;7;15;1;0;0;0;4;1
11;1101;11;2;1;1;0;0;0;3;1
11;1101;11;2;10;1;0;0;0;3;4
11;1101;11;2;21;1;0;1;1;3;4
11;1101;11;4;21;1;0;1;1;3;4
11;1101;11;5;7;1;0;1;1;3;7
11;1101;11;6;15;1;0;0;0;3;7
11;1101;11;7;5;1;0;1;1;3;1
11;1101;11;7;10;1;0;1;1;3;3
11;1101;11;1;11;1;0;1;1;3;7
11;1101;11;2;21;1;0;1;1;3;7
11;1101;11;3;3;1;0;0;0;4;1
11;1101;11;3;6;1;0;1;1;4;3
11;1101;11;3;6;1;0;0;0;4;3
11;1101;11;3;7;2;0;1;1;7;4
11;1101;11;3;14;1;0;1;1;1;4
11;1101;11;4;2;1;0;0;0;7;4
11;1101;11;5;22;1;0;2;2;3;4
11;1101;11;6;1;1;0;0;0;3;1
11;1101;11;6;13;1;0;0;0;3;4
12;1210;11;5;3;2;0;1;1;6;4
12;1210;11;5;19;2;1;2;3;3;7
12;1205;11;5;18;2;1;1;2;3;4
12;1207;11;5;12;1;0;1;1;3;7
12;1208;11;6;11;1;0;1;1;3;7
12;1208;11;6;16;1;0;1;1;5;4
12;1207;11;6;20;2;1;2;3;5;4
12;1207;11;1;3;1;0;0;0;7;4
12;1208;11;6;23;1;0;1;1;3;7
12;1208;11;2;7;1;0;1;1;2;5
12;1207;11;6;21;1;0;2;2;3;7
12;1207;11;7;17;2;0;2;2;7;4
12;1207;11;7;18;2;1;0;1;3;7
12;1207;11;7;18;2;0;2;2;7;4
12;1211;11;4;20;2;0;1;1;7;4
12;1210;11;5;20;2;0;1;1;7;4
12;1210;11;6;2;2;0;0;0;7;4
12;1203;11;7;15;2;0;2;2;7;4
12;1208;11;7;8;1;0;1;1;7;4
12;1208;11;1;19;1;0;1;1;4;4
12;1201;11;1;0;2;0;5;5;7;4
12;1201;11;4;18;2;0;1;1;3;7
12;1207;11;5;0;2;0;0;0;3;4
12;1204;11;4;18;2;0;0;0;7;4
12;1207;11;6;1;2;4;0;4;7;4
12;1210;11;6;5;2;0;2;2;7;4
12;1210;11;7;20;2;1;1;2;2;5
12;1210;11;6;21;2;0;1;1;3;7
12;1210;11;1;5;2;0;0;0;3;7
12;1203;11;1;6;2;0;2;2;3;7
12;1201;11;7;16;2;0;1;1;1;4
12;1201;11;5;9;2;0;0;0;3;4
12;1208;11;2;14;1;0;3;3;3;7
12;1208;11;7;14;1;0;1;1;4;4
12;1208;11;7;15;2;0;1;1;1;4
12;1207;11;3;9;2;0;1;1;3;7
12;1208;11;6;14;2;0;1;1;3;7
12;1207;11;3;14;1;0;1;1;1;4
12;9008;11;4;13;2;0;1;1;3;4
12;1208;11;7;16;1;0;1;1;3;7
12;1201;11;5;0;2;1;0;1;3;4
12;1207;11;5;3;2;0;1;1;7;4
12;1208;11;4;20;1;0;1;1;1;4
12;1208;11;5;16;1;0;2;2;3;7
12;9008;11;6;1;2;0;1;1;8;10
12;1210;11;6;4;2;0;0;0;7;4
12;1203;11;6;5;2;1;1;2;7;4
12;1207;11;7;4;2;1;0;1;3;7
12;1201;11;7;14;2;0;1;1;7;4
12;1201;11;7;17;2;0;1;1;1;4
12;1208;11;7;19;1;0;1;1;3;7
12;1212;11;1;17;2;0;1;1;7;4
12;1201;11;3;7;2;0;1;1;7;4
12;1207;11;3;7;2;0;1;1;3;7
12;1207;11;5;2;2;0;1;1;6;4
12;1207;11;5;19;2;0;3;3;3;7
12;1210;11;6;6;2;0;0;0;3;4
12;1201;11;6;10;2;1;0;1;3;7
12;1208;11;6;22;1;0;4;4;3;7
12;1213;11;5;17;1;0;1;1;3;4
12;1206;11;7;9;1;0;2;2;3;4
12;1204;11;1;5;2;1;4;5;3;4
12;1201;11;5;1;2;0;1;1;7;4
12;1201;11;5;23;1;0;1;1;4;4
12;1201;11;6;23;1;0;1;1;3;7
12;1205;11;2;8;2;0;0;0;7;3
12;1205;11;3;9;1;0;0;0;7;3
12;1205;11;3;9;2;0;0;0;7;3
12;1205;11;3;10;1;0;0;0;7;3
12;1205;11;3;10;1;0;0;0;3;3
12;1205;11;3;10;1;0;2;2;3;3
12;1205;11;3;10;2;0;0;0;3;3
12;1205;11;3;10;1;0;0;0;4;3
12;1201;11;6;16;2;0;0;0;3;4
12;1205;11;1;10;1;0;0;0;3;4
12;1205;11;1;10;1;0;0;0;3;4
12;1205;11;2;17;1;0;0;0;5;2
12;1201;11;3;12;1;0;0;0;3;4
12;1201;11;6;23;1;0;0;0;4;4
13;1310;11;5;1;2;0;2;2;3;7
13;1312;11;5;5;2;0;2;2;7;4
13;1315;11;5;17;2;0;0;0;7;4
13;1301;11;5;20;2;0;1;1;4;4
13;1310;11;6;12;2;0;0;0;7;4
13;1312;11;6;7;2;0;1;1;7;4
13;1301;11;6;23;2;0;3;3;3;7
13;1301;11;6;17;2;0;0;0;3;4
13;1309;11;7;20;2;1;0;1;3;7
13;1312;11;2;6;2;0;7;7;3;7
13;1321;11;2;18;2;0;0;0;3;7
13;1315;11;4;14;2;0;2;2;3;7
13;1301;11;1;18;2;0;2;2;7;4
13;1321;11;5;19;2;0;0;0;4;4
13;1301;11;7;9;2;0;2;2;7;4
13;1309;11;6;21;2;0;1;1;1;4
13;1301;11;1;7;2;0;2;2;3;7
13;1309;11;2;8;2;0;0;0;3;4
13;1309;11;2;0;2;1;0;1;1;4
13;1321;11;2;11;2;0;0;0;3;4
13;1301;11;4;4;2;0;1;1;4;4
13;1306;11;3;21;2;0;1;1;4;4
13;1314;11;7;20;2;0;1;1;3;4
13;1309;11;7;5;2;0;1;1;3;4
13;1315;11;6;18;2;0;1;1;3;7
13;1301;11;6;10;2;0;0;0;3;4
13;1312;11;6;18;2;0;1;1;3;4
13;1302;11;2;16;2;1;2;3;7;4
13;1309;11;5;0;2;0;3;3;4;4
13;1309;11;5;21;2;0;0;0;3;7
13;1306;11;6;10;2;1;6;7;3;7
13;1301;11;6;12;2;0;0;0;3;4
13;1309;11;6;20;2;0;1;1;3;7
13;1314;11;6;22;2;0;1;1;1;4
13;1307;11;6;23;2;0;1;1;3;7
13;1301;11;7;0;2;0;4;4;7;4
13;1301;11;2;16;2;0;2;2;1;4
13;1321;11;2;18;2;0;1;1;7;4
13;1303;11;4;7;2;0;2;2;3;4
13;1312;11;4;23;2;1;0;1;3;7
13;1301;11;4;13;2;0;0;0;3;4
13;1301;11;5;8;1;1;0;1;3;4
13;1320;11;5;12;2;1;3;4;3;4
13;1318;11;6;12;2;0;2;2;7;6
13;1309;11;6;21;2;1;0;1;1;4
13;1320;11;6;22;2;1;0;1;3;1
13;1303;11;1;14;2;0;2;2;3;4
13;1305;11;6;16;2;1;0;1;1;4
13;1313;11;1;20;2;2;2;4;2;4
13;1304;11;3;3;1;0;2;2;7;4
13;1306;11;6;19;2;1;0;1;3;4
13;1301;11;7;20;2;0;0;0;7;4
13;1304;11;2;4;2;0;0;0;4;4
13;1301;11;2;14;2;0;0;0;3;4
13;1304;11;3;2;1;1;0;1;7;4
13;1313;11;3;2;1;1;0;1;7;4
13;1301;11;6;1;2;1;0;1;7;4
13;1304;11;7;2;1;1;0;1;7;4
13;1304;11;7;8;2;1;0;1;7;4
13;1303;11;7;11;1;0;0;0;4;4
13;1320;11;7;20;2;0;2;2;7;4
13;1313;11;3;14;1;0;0;0;4;10
13;1301;11;3;15;1;0;1;1;3;4
13;1303;11;4;8;1;0;1;1;3;4
13;1301;11;5;12;1;0;1;1;8;4
13;1308;11;6;14;1;0;0;0;3;6
13;1308;11;6;22;1;0;0;0;3;4
13;1301;11;7;4;1;0;0;0;4;3
13;1308;11;7;12;1;0;1;1;3;4
13;1301;11;4;8;1;0;0;0;1;3
13;1301;11;4;19;1;0;0;0;3;7
13;1308;11;5;14;1;0;1;1;3;4
13;1308;11;6;0;1;0;0;0;3;4
13;1301;11;7;1;1;0;2;2;7;3
13;1301;11;7;12;1;0;1;1;3;7
13;1301;11;7;16;1;0;0;0;5;4
13;1308;11;7;22;1;0;0;0;4;4
13;1308;11;1;1;1;0;0;0;7;4
13;1308;11;1;2;1;0;0;0;4;4
13;1308;11;1;13;1;0;1;1;3;3
13;1308;11;1;15;1;0;2;2;4;4
13;1301;11;3;1;1;0;0;0;4;1
13;1308;11;4;7;1;0;2;2;1;4
13;1308;11;4;16;1;0;0;0;4;4
13;1301;11;4;22;1;0;1;1;3;7
13;1301;11;5;0;1;0;0;0;4;3
13;1308;11;6;8;1;1;0;1;3;4
13;1308;11;6;13;1;0;0;0;3;4
13;1308;11;7;1;1;0;2;2;3;4
13;1301;11;3;12;1;0;1;1;4;7
13;1308;11;4;11;1;0;0;0;3;4
13;1301;11;4;21;1;0;1;1;3;7
13;1308;11;5;13;1;0;0;0;3;4
13;1308;11;5;18;1;0;1;1;3;4
13;1301;11;6;19;1;0;1;1;5;4
13;1301;11;6;20;1;0;0;0;3;7
13;1308;11;1;3;1;0;0;0;7;4
13;1301;11;1;7;1;0;1;1;3;3
13;1308;11;1;12;1;0;0;0;3;4
13;1308;11;6;1;1;0;1;1;3;4
13;1308;11;6;15;1;0;2;2;3;4
13;1301;11;6;23;1;0;1;1;3;7
14;1406;11;6;11;1;0;1;1;4;4
14;1405;11;7;5;2;10;1;11;7;4
14;1402;11;2;6;2;0;1;1;7;4
14;1406;11;5;15;1;0;1;1;3;4
14;1401;11;7;5;2;0;0;0;4;4
14;1401;11;5;19;2;0;1;1;3;4
14;1409;11;6;15;2;1;0;1;6;4
14;1404;11;2;20;1;0;1;1;1;4
14;1401;11;2;7;1;0;0;0;3;4
14;1405;11;7;18;2;0;3;3;3;4
15;1501;11;6;19;1;0;0;0;4;4
15;1507;11;4;15;2;4;0;4;7;4
15;1504;11;6;17;2;0;0;0;4;4
22;2204;11;6;10;2;0;2;2;3;4
22;2203;11;6;17;2;1;0;1;3;4
22;2204;11;3;20;2;0;2;2;1;3
22;2203;11;5;11;2;0;2;2;1;4
22;2201;11;7;20;1;0;1;1;4;3
22;2201;11;1;17;1;0;1;1;3;3
22;2204;11;3;16;2;0;1;1;3;3
22;2204;11;6;12;2;0;1;1;3;3
22;2203;11;2;18;2;1;0;1;3;3
22;2201;11;3;7;1;0;0;0;3;3
16;1601;11;2;19;2;0;2;2;3;1
16;1602;11;2;18;2;0;1;1;4;3
16;1601;11;6;13;2;1;1;2;7;4
17;1703;11;2;14;2;0;0;0;6;4
17;1703;11;1;14;2;0;0;0;6;4
17;1703;11;3;19;2;0;2;2;6;4
17;1703;11;2;0;2;0;0;0;4;4
17;1703;11;3;14;2;0;0;0;3;4
17;1703;11;6;3;2;0;0;0;7;4
17;1703;11;7;22;2;0;0;0;8;10
17;1703;11;1;15;2;0;0;0;3;7
17;1703;11;2;17;2;0;0;0;7;4
17;1703;11;5;23;2;0;0;0;3;7
17;1703;11;5;2;2;0;0;0;3;4
17;1703;11;5;13;2;1;0;1;1;5
17;1703;11;5;23;2;0;0;0;3;1
17;1705;11;5;19;2;0;1;1;1;4
17;1703;11;6;1;2;0;2;2;7;4
17;1705;11;2;8;2;0;2;2;1;4
17;1703;11;2;21;2;0;0;0;3;4
17;1702;11;2;14;2;0;0;0;1;4
17;1701;11;2;20;2;0;1;1;1;7
17;1701;11;3;0;2;0;0;0;6;3
17;1703;11;3;18;2;0;2;2;3;1
17;1705;11;4;7;2;0;0;0;3;7
17;1705;11;5;7;2;0;1;1;7;4
17;1705;11;7;4;1;0;0;0;4;1
17;1701;11;5;9;1;0;1;1;1;5
17;1701;11;7;5;2;1;0;1;4;3
17;1701;11;5;14;2;1;0;1;7;3
17;1705;11;2;9;2;0;1;1;1;4
17;1701;11;2;21;1;0;1;1;3;1
17;1701;11;1;19;2;1;0;1;1;9
17;1705;11;1;19;2;1;0;1;1;9
17;1703;11;5;10;2;1;0;1;7;10
17;1705;11;5;8;2;0;0;0;3;4
17;1703;11;6;6;2;1;0;1;1;10
17;1703;11;6;17;2;1;0;1;3;4
17;1703;11;2;23;1;1;0;1;1;10
17;1701;11;2;8;2;0;1;1;7;6
17;1701;11;5;7;2;0;1;1;3;4
17;1702;11;7;4;2;1;0;1;3;4
17;1701;11;7;9;2;0;1;1;3;4
17;1703;11;6;7;2;0;2;2;7;4
17;1701;11;6;4;1;0;1;1;3;1
17;1701;11;5;2;1;0;0;0;3;7
17;1701;11;5;3;1;0;1;1;7;4
17;1701;11;5;4;2;0;0;0;4;2
17;1701;11;5;4;2;0;0;0;4;3
17;1701;11;5;7;2;0;5;5;8;1
17;1701;11;5;9;1;0;0;0;3;3
17;1701;11;5;11;1;0;1;1;1;5
17;1701;11;5;14;1;0;2;2;1;5
17;1701;11;5;15;1;0;0;0;4;2
17;1701;11;5;17;1;0;1;1;8;2
17;1701;11;5;18;1;0;0;0;3;1
17;1701;11;5;19;2;0;0;0;4;7
17;1701;11;5;21;1;0;0;0;3;1
17;1701;11;5;23;1;1;0;1;1;7
17;1701;11;6;0;1;0;0;0;8;7
17;1701;11;6;2;1;0;0;0;4;2
17;1701;11;6;4;1;0;0;0;8;7
17;1701;11;6;14;1;0;0;0;3;3
17;1701;11;6;14;2;0;2;2;3;7
17;1701;11;6;20;1;0;0;0;3;1
17;1701;11;6;22;2;0;1;1;3;4
17;1701;11;6;23;1;0;0;0;4;4
17;1701;11;7;0;1;0;1;1;7;4
17;1701;11;7;4;1;0;1;1;4;4
17;1701;11;7;6;1;0;0;0;4;2
17;1701;11;7;7;2;0;3;3;3;1
17;1701;11;7;7;2;0;3;3;8;1
17;1704;11;7;8;2;0;1;1;1;4
17;1701;11;7;12;1;0;0;0;3;1
17;1701;11;7;22;2;0;3;3;3;4
17;1701;11;7;22;1;0;2;2;3;1
17;1701;11;1;0;1;0;0;0;3;9
17;1701;11;1;0;1;0;0;0;4;1
17;1701;11;1;2;1;0;0;0;8;7
17;1701;11;1;6;1;2;0;2;4;3
17;1701;11;1;9;1;0;0;0;3;2
17;1701;11;1;20;2;0;0;0;8;7
17;1701;11;2;3;1;0;0;0;4;2
17;1701;11;2;7;2;0;0;0;3;4
17;1701;11;2;9;1;0;1;1;1;4
17;1701;11;2;10;1;0;1;1;4;3
17;1701;11;2;11;2;0;0;0;3;2
17;1701;11;2;11;1;0;0;0;1;4
17;1701;11;2;19;2;0;0;0;3;1
17;1701;11;2;21;1;0;1;1;3;3
17;1701;11;2;22;2;0;0;0;8;3
17;1701;11;3;4;1;0;1;1;4;2
17;1701;11;3;6;2;0;1;1;5;4
17;1701;11;3;7;1;0;1;1;8;7
17;1701;11;3;9;1;0;1;1;7;3
17;1701;11;3;12;2;0;0;0;4;6
17;1701;11;3;16;1;0;2;2;5;2
17;1701;11;3;16;1;0;2;2;3;7
17;1701;11;3;20;1;0;1;1;3;1
17;1701;11;4;8;2;0;1;1;3;4
17;1701;11;4;16;1;0;0;0;4;7
17;1701;11;4;18;1;0;0;0;3;7
17;1701;11;4;19;1;0;1;1;3;4
17;1701;11;4;19;1;0;0;0;8;1
17;1701;11;4;23;1;0;0;0;8;7
17;1701;11;5;6;1;0;0;0;3;4
17;1701;11;5;7;2;1;0;1;1;5
17;1701;11;5;8;1;1;0;1;1;5
17;1701;11;5;10;2;0;1;1;4;2
17;1701;11;5;15;1;0;0;0;3;7
17;1701;11;5;20;1;1;0;1;1;5
17;1701;11;5;23;1;0;1;1;7;3
17;1701;11;6;0;1;0;0;0;3;7
17;1701;11;6;1;1;1;1;2;4;2
17;1701;11;6;2;1;0;0;0;3;7
17;1701;11;6;3;1;0;0;0;3;1
17;1701;11;6;4;2;0;0;0;4;4
17;1701;11;6;5;1;0;1;1;3;2
17;1701;11;6;6;1;0;1;1;4;3
17;1701;11;6;6;2;1;0;1;3;7
17;1701;11;6;14;1;0;0;0;3;1
17;1701;11;6;15;1;0;0;0;4;1
17;1701;11;6;15;1;0;0;0;3;7
17;1701;11;6;16;1;0;0;0;3;2
17;1701;11;6;21;2;0;0;0;4;3
17;1701;11;6;21;1;0;0;0;4;3
17;1701;11;7;0;1;0;1;1;8;2
17;1701;11;7;0;1;0;0;0;3;1
17;1701;11;7;2;1;0;0;0;4;4
17;1701;11;7;3;1;0;0;0;4;4
17;1701;11;7;3;1;0;2;2;7;4
17;1701;11;7;4;1;0;0;0;4;4
17;1701;11;7;5;1;0;1;1;7;3
17;1701;11;7;7;1;0;0;0;3;7
17;1701;11;7;8;1;1;0;1;6;3
17;1701;11;7;9;2;0;1;1;3;4
17;1701;11;7;12;1;0;0;0;3;7
17;1701;11;7;12;1;0;1;1;8;1
17;1701;11;7;13;1;0;0;0;6;4
17;1701;11;7;14;2;0;1;1;1;1
17;1701;11;7;16;1;0;0;0;4;3
17;1701;11;7;22;1;0;0;0;3;7
17;1701;11;7;22;1;0;0;0;3;2
17;1701;11;7;23;1;0;1;1;3;4
17;1701;11;1;4;1;0;0;0;8;7
17;1701;11;1;4;1;0;0;0;3;7
17;1701;11;1;8;1;0;1;1;1;4
17;1701;11;1;8;1;0;0;0;5;2
17;1701;11;1;9;1;0;2;2;5;4
17;1701;11;1;12;1;0;3;3;3;2
17;1701;11;1;13;1;0;0;0;4;4
17;1701;11;1;13;1;0;0;0;3;7
17;1701;11;1;15;1;0;0;0;4;10
17;1701;11;1;22;1;0;0;0;3;9
17;1701;11;1;22;1;0;0;0;8;3
17;1701;11;2;6;1;0;1;1;3;7
17;1701;11;2;11;1;0;2;2;3;2
17;1701;11;2;11;1;0;1;1;3;2
17;1701;11;2;15;1;0;0;0;4;6
17;1701;11;2;18;1;0;0;0;4;6
17;1701;11;2;23;1;0;1;1;3;4
17;1701;11;3;6;1;0;1;1;2;5
17;1701;11;3;8;2;0;0;0;3;4
17;1701;11;3;8;1;0;1;1;5;4
17;1701;11;3;9;1;0;1;1;3;3
17;1701;11;3;9;1;1;0;1;8;2
17;1701;11;3;14;1;0;0;0;3;9
17;1701;11;3;18;1;1;0;1;1;5
17;1701;11;3;19;1;0;1;1;3;4
17;1701;11;4;0;1;0;0;0;4;7
17;1701;11;4;1;1;0;2;2;8;3
17;1701;11;4;3;1;0;1;1;3;7
17;1701;11;4;6;1;0;1;1;3;4
17;1701;11;4;7;1;0;0;0;3;4
17;1701;11;4;8;1;1;0;1;1;4
17;1701;11;4;16;2;0;0;0;3;4
17;1701;11;4;16;1;0;0;0;4;1
17;1701;11;4;16;2;0;0;0;3;3
17;1701;11;4;17;1;0;0;0;5;4
17;1701;11;4;19;1;0;0;0;8;7
17;1701;11;4;22;1;0;1;1;3;7
17;1701;11;4;23;2;0;0;0;4;3
17;1701;11;5;0;1;0;0;0;8;6
17;1701;11;5;2;1;0;0;0;4;4
17;1701;11;5;5;1;0;0;0;3;7
17;1701;11;5;6;2;0;0;0;3;2
17;1701;11;5;8;1;0;1;1;3;4
17;1701;11;5;9;1;0;0;0;3;9
17;1701;11;5;12;2;0;0;0;4;3
17;1701;11;5;14;1;0;1;1;8;1
17;1701;11;5;15;1;0;1;1;1;5
17;1701;11;5;19;1;0;0;0;4;3
17;1701;11;5;20;1;0;1;1;1;5
17;1701;11;5;22;1;0;1;1;3;7
17;1701;11;6;2;2;0;1;1;3;4
17;1701;11;6;2;1;0;0;0;7;4
17;1701;11;6;3;2;0;2;2;3;1
17;1701;11;6;3;1;0;1;1;4;2
17;1701;11;6;4;2;0;0;0;4;4
17;1701;11;6;4;1;0;0;0;4;2
17;1701;11;6;4;1;0;0;0;4;2
17;1701;11;6;10;1;0;2;2;3;4
17;1701;11;6;15;2;0;3;3;8;2
17;1701;11;6;19;2;1;0;1;7;3
17;1701;11;6;19;1;0;0;0;8;4
17;1701;11;6;19;1;0;0;0;1;5
17;1701;11;6;20;1;0;3;3;3;1
17;1701;11;6;20;2;0;0;0;4;9
17;1701;11;6;21;1;0;3;3;3;4
17;1701;11;6;22;1;0;0;0;3;7
17;1701;11;6;23;1;0;0;0;8;7
17;1701;11;7;4;1;0;0;0;4;1
17;1701;11;7;6;1;0;1;1;7;3
17;1701;11;7;7;1;0;1;1;3;1
17;1701;11;7;8;1;0;0;0;3;7
17;1701;11;7;10;1;0;0;0;6;4
17;1701;11;7;10;1;0;0;0;8;6
17;1701;11;7;12;1;0;0;0;3;1
17;1701;11;7;15;1;1;1;2;7;3
17;1701;11;7;17;1;0;0;0;4;3
17;1701;11;7;17;1;0;1;1;3;4
17;1701;11;7;20;2;0;0;0;8;3
17;1701;11;7;20;1;0;1;1;3;3
17;1701;11;7;22;1;0;0;0;4;3
17;1701;11;1;0;2;0;1;1;3;1
17;1701;11;1;1;2;0;0;0;4;4
17;1701;11;1;15;1;0;1;1;2;2
17;1701;11;1;15;1;0;1;1;1;4
17;1701;11;1;18;1;0;1;1;1;5
17;1701;11;1;19;1;0;0;0;3;4
17;1701;11;2;7;1;0;1;1;1;4
17;1701;11;2;7;1;0;0;0;3;2
17;1701;11;2;17;1;1;0;1;8;8
17;1701;11;2;18;2;0;2;2;1;5
17;1701;11;2;18;1;1;0;1;1;5
17;1701;11;2;19;1;0;2;2;1;5
17;1701;11;2;20;1;0;0;0;4;4
17;1701;11;3;4;2;0;0;0;8;1
17;1701;11;3;6;2;0;1;1;3;7
17;1701;11;3;9;1;0;1;1;8;3
17;1701;11;3;12;1;0;0;0;3;2
17;1701;11;3;15;1;0;1;1;1;4
17;1701;11;3;18;2;0;5;5;8;3
17;1701;11;4;7;1;0;0;0;4;4
17;1701;11;4;9;1;0;1;1;3;7
17;1701;11;4;9;1;0;1;1;8;3
17;1701;11;4;13;1;0;0;0;8;2
17;1701;11;4;16;1;0;1;1;8;8
17;1701;11;4;17;1;0;1;1;1;5
17;1701;11;4;18;1;0;0;0;3;7
17;1701;11;4;21;1;0;0;0;7;4
17;1701;11;4;22;2;0;0;0;4;4
17;1701;11;5;15;2;0;1;1;3;4
17;1701;11;5;16;1;0;4;4;3;1
17;1701;11;5;17;1;0;1;1;2;5
17;1701;11;5;17;2;0;0;0;8;4
17;1701;11;5;18;1;0;1;1;7;4
17;1701;11;5;20;1;0;0;0;3;2
17;1701;11;5;23;1;0;1;1;3;1
17;1701;11;6;1;2;0;1;1;4;4
17;1701;11;6;4;1;0;0;0;4;2
17;1701;11;6;5;2;0;0;0;7;3
17;1701;11;6;7;1;1;1;2;7;4
17;1701;11;6;7;1;0;1;1;3;2
17;1701;11;6;7;1;0;2;2;1;1
17;1701;11;6;7;1;0;1;1;7;1
17;1701;11;6;8;1;0;1;1;3;4
17;1701;11;6;8;1;0;1;1;1;5
17;1701;11;6;11;1;1;0;1;3;2
17;1701;11;6;12;1;1;3;4;8;6
17;1701;11;6;15;1;0;0;0;3;4
17;1701;11;6;16;2;0;1;1;1;5
17;1701;11;6;20;1;0;1;1;3;2
17;1701;11;6;22;1;0;1;1;1;5
17;1701;11;6;22;1;0;0;0;4;6
17;1701;11;7;0;1;0;0;0;4;2
17;1701;11;7;2;1;0;0;0;4;2
17;1701;11;7;3;1;0;0;0;3;7
17;1701;11;7;4;1;0;0;0;4;4
17;1701;11;7;4;2;0;0;0;3;2
17;1701;11;7;6;1;0;1;1;3;1
17;1701;11;7;9;1;0;0;0;3;7
17;1701;11;7;10;1;0;0;0;4;3
17;1701;11;7;14;1;0;3;3;3;3
17;1701;11;7;16;2;0;2;2;3;4
17;1701;11;7;17;2;0;0;0;8;2
17;1701;11;7;19;1;0;0;0;8;6
17;1701;11;7;21;1;0;0;0;3;7
17;1701;11;7;21;2;0;0;0;3;4
17;1701;11;1;5;1;0;0;0;3;7
17;1701;11;1;6;1;1;0;1;4;3
17;1701;11;1;7;1;0;1;1;1;5
17;1701;11;1;8;1;0;0;0;3;4
17;1701;11;1;13;1;0;0;0;3;4
17;1701;11;1;18;1;0;0;0;4;4
17;1701;11;1;19;2;0;2;2;3;7
17;1701;11;1;19;1;0;2;2;3;1
17;1701;11;1;22;1;0;0;0;4;2
17;1701;11;2;1;1;0;0;0;4;3
17;1701;11;2;8;1;0;0;0;3;4
17;1701;11;2;8;1;1;0;1;1;4
17;1701;11;2;10;1;0;1;1;3;7
17;1701;11;2;12;1;0;1;1;1;5
17;1701;11;2;13;1;0;0;0;8;5
17;1701;11;2;19;1;0;0;0;8;7
17;1701;11;3;9;1;0;2;2;3;3
17;1701;11;3;9;1;0;1;1;7;4
17;1701;11;3;10;1;0;0;0;4;4
17;1701;11;3;10;1;1;1;2;3;7
17;1701;11;3;14;1;0;1;1;1;5
17;1701;11;3;16;1;0;1;1;8;1
17;1701;11;3;19;1;0;0;0;4;4
17;1701;11;3;19;1;0;1;1;3;1
17;1701;11;3;20;1;0;0;0;3;4
17;1701;11;3;22;1;1;0;1;7;3
17;1701;11;4;0;2;0;0;0;8;3
17;1701;11;4;4;1;0;0;0;4;2
17;1701;11;4;6;1;0;1;1;2;5
17;1701;11;4;7;2;1;0;1;1;5
17;1701;11;4;8;1;0;1;1;2;5
17;1701;11;4;11;1;1;0;1;3;7
17;1701;11;4;12;1;0;0;0;4;2
17;1701;11;4;12;2;0;1;1;3;4
17;1701;11;4;16;1;0;0;0;8;8
17;1701;11;4;20;2;0;0;0;3;2
17;1701;11;4;20;1;0;0;0;3;4
17;1701;11;4;21;1;0;0;0;8;4
17;1701;11;4;21;1;0;1;1;1;5
17;1701;11;4;21;1;0;1;1;7;2
17;1701;11;4;22;1;0;0;0;1;4
17;1701;11;4;23;1;0;1;1;8;2
17;1701;11;5;0;1;0;0;0;3;4
17;1701;11;5;6;2;1;1;2;4;2
17;1701;11;5;9;2;0;0;0;3;2
17;1701;11;5;11;1;0;0;0;3;3
17;1701;11;5;15;1;0;0;0;3;4
17;1701;11;5;21;1;0;0;0;8;1
17;1701;11;5;22;1;0;2;2;1;1
17;1701;11;5;22;1;0;1;1;8;1
17;1701;11;6;0;1;0;0;0;3;1
17;1701;11;6;0;1;0;0;0;8;7
17;1701;11;6;1;1;0;1;1;8;3
17;1701;11;6;2;2;0;1;1;4;3
17;1701;11;6;3;1;0;0;0;3;4
17;1701;11;6;4;1;0;0;0;4;2
17;1701;11;6;5;1;0;1;1;3;1
17;1701;11;6;9;1;0;0;0;3;2
17;1701;11;6;9;1;0;0;0;3;4
17;1701;11;6;11;1;0;0;0;3;4
17;1701;11;6;13;1;0;0;0;3;4
17;1701;11;6;13;2;0;2;2;3;1
17;1701;11;6;14;1;0;1;1;3;4
17;1701;11;6;14;1;0;3;3;8;5
17;1701;11;6;15;1;0;3;3;8;4
17;1701;11;6;15;1;0;2;2;8;4
17;1701;11;6;15;1;0;0;0;3;4
17;1701;11;6;16;1;0;0;0;4;2
17;1701;11;6;16;2;0;1;1;3;4
17;1701;11;6;17;1;0;0;0;3;1
17;1701;11;6;17;1;0;1;1;3;1
17;1701;11;6;19;1;0;0;0;1;3
17;1701;11;6;20;1;0;1;1;3;4
17;1701;11;6;21;1;0;0;0;4;3
17;1701;11;6;23;1;0;1;1;4;3
24;2403;11;6;9;1;0;2;2;3;7
24;2402;11;5;23;2;0;1;1;3;7
24;2401;11;6;19;1;0;1;1;3;7
24;2401;11;6;20;1;0;1;1;1;4
24;2401;11;7;2;2;1;0;1;7;4
24;2401;11;7;9;2;1;0;1;7;4
24;2401;11;7;18;2;0;2;2;3;4
24;2402;11;2;20;2;0;0;0;3;4
24;2401;11;3;18;2;0;5;5;3;4
24;2403;11;7;6;2;0;1;1;7;4
24;2401;11;5;19;1;0;2;2;3;4
24;2402;11;1;17;1;0;1;1;3;7
24;2402;11;4;16;2;0;1;1;3;7
24;2402;11;5;23;2;0;1;1;7;4
24;2403;11;3;2;2;0;1;1;7;4
24;2402;11;3;4;2;0;0;0;7;4
24;2401;11;7;14;1;0;1;1;3;7
24;2403;11;4;11;1;0;0;0;7;4
24;2402;11;5;1;2;1;0;1;3;7
24;2401;11;6;8;1;0;1;1;3;7
24;2402;11;7;8;1;0;0;0;3;7
24;2402;11;7;0;2;0;2;2;3;7
24;2403;11;1;13;1;0;0;0;3;7
24;2401;11;5;22;2;0;1;1;4;4
24;2401;11;1;19;2;0;0;0;5;4
24;2401;11;7;21;2;1;0;1;7;4
24;2401;11;7;14;2;0;1;1;3;7
24;2401;11;2;15;2;0;0;0;7;4
24;2402;11;3;7;1;0;2;2;3;7
24;2403;11;3;13;2;0;1;1;3;4
24;2402;11;4;14;1;0;1;1;1;4
24;2402;11;4;18;1;0;6;6;3;7
24;2401;11;6;19;2;0;1;1;3;7
24;2401;11;7;20;1;0;1;1;1;4
24;2401;11;2;7;1;0;1;1;3;7
24;2403;11;3;11;1;0;2;2;3;7
24;2401;11;3;18;2;0;0;0;4;4
24;2401;11;3;19;2;0;1;1;7;4
24;2402;11;5;10;2;0;1;1;1;4
24;2401;11;5;14;1;0;2;2;3;7
24;2401;11;6;11;2;0;1;1;1;4
24;2402;11;6;23;2;0;1;1;3;7
24;2403;11;6;19;1;0;1;1;3;7
24;2401;11;6;14;2;0;1;1;3;7
23;2302;11;7;18;1;1;1;2;7;4
23;2301;11;6;18;2;0;0;0;3;7
23;2301;11;3;18;2;0;0;0;5;4
23;2302;11;7;2;1;0;1;1;3;7
23;2301;11;7;10;2;1;0;1;3;7
23;2301;11;5;3;1;0;1;1;7;8
23;2301;11;5;5;1;0;0;0;4;8
23;2301;11;5;7;1;1;0;1;7;3
23;2301;11;5;12;1;0;1;1;1;5
23;2301;11;5;19;1;0;1;1;1;4
23;2301;11;5;22;2;0;3;3;3;4
23;2301;11;5;23;1;0;0;0;4;3
23;2301;11;6;6;1;0;1;1;7;8
23;2301;11;6;6;1;0;1;1;7;8
23;2301;11;6;11;1;0;1;1;3;4
23;2301;11;6;16;2;0;3;3;7;8
23;2301;11;6;20;1;1;1;2;4;3
23;2301;11;7;13;1;0;1;1;3;7
23;2301;11;7;18;1;0;2;2;3;3
23;2301;11;1;14;1;0;1;1;7;3
23;2301;11;2;2;1;0;1;1;1;4
23;2301;11;2;6;1;0;1;1;1;4
23;2301;11;2;20;2;0;1;1;7;3
23;2301;11;3;0;1;0;0;0;3;4
23;2301;11;3;12;1;0;0;0;4;3
23;2301;11;3;17;1;0;2;2;7;3
23;2301;11;3;21;1;1;1;2;3;4
23;2301;11;4;0;1;0;0;0;3;4
23;2301;11;4;10;2;0;1;1;1;4
23;2301;11;4;16;1;0;3;3;1;4
23;2301;11;4;17;1;0;1;1;1;4
23;2301;11;5;9;1;0;1;1;5;8
23;2301;11;5;14;1;0;1;1;5;4
23;2301;11;5;16;1;0;1;1;3;4
23;2301;11;5;21;1;0;1;1;1;5
23;2301;11;6;2;1;1;0;1;7;3
23;2301;11;6;12;1;1;1;2;1;3
23;2301;11;6;18;1;0;1;1;3;3
23;2301;11;7;1;1;0;0;0;4;3
23;2301;11;7;2;1;0;2;2;7;3
23;2301;11;7;10;1;0;1;1;3;7
23;2301;11;7;10;1;0;0;0;4;4
23;2301;11;7;19;1;0;1;1;3;7
23;2301;11;7;21;1;0;1;1;7;3
23;2301;11;1;6;2;1;0;1;7;3
23;2301;11;1;7;1;0;0;0;3;4
23;2301;11;1;19;1;0;1;1;3;4
23;2301;11;1;20;1;0;1;1;3;3
23;2301;11;1;21;1;0;0;0;4;3
23;2301;11;1;23;1;0;0;0;4;4
23;2301;11;2;14;1;0;1;1;4;3
23;2301;11;4;11;1;0;0;0;1;4
23;2301;11;4;15;1;0;3;3;3;4
23;2301;11;4;19;1;0;1;1;3;7
23;2301;11;4;21;1;1;1;2;3;3
23;2301;11;5;3;1;0;2;2;3;3
23;2301;11;5;15;1;0;0;0;1;4
23;2301;11;5;21;1;0;0;0;4;3
23;2301;11;6;12;1;0;1;1;3;4
23;2301;11;6;13;1;0;0;0;4;4
23;2301;11;6;14;1;0;0;0;3;3
23;2301;11;6;22;1;0;3;3;7;3
23;2301;11;6;23;1;0;0;0;4;4
23;2301;11;6;23;1;0;1;1;7;8
23;2301;11;7;2;1;0;1;1;3;4
23;2301;11;7;9;1;1;0;1;3;3
23;2301;11;7;17;1;0;1;1;5;4
23;2301;11;7;23;1;0;1;1;7;3
23;2301;11;1;6;1;0;3;3;3;4
23;2301;11;1;13;1;0;1;1;3;7
23;2301;11;1;15;1;0;0;0;4;3
23;2301;11;2;5;2;0;2;2;3;4
23;2301;11;2;7;1;0;2;2;4;7
23;2301;11;2;18;1;0;1;1;3;3
23;2301;11;3;7;2;0;1;1;3;4
23;2301;11;3;15;1;0;1;1;3;4
23;2301;11;3;16;1;0;2;2;7;3
23;2301;11;4;7;1;0;3;3;7;10
23;2301;11;4;9;1;0;2;2;3;3
23;2301;11;4;19;1;0;1;1;3;4
23;2301;11;4;19;1;0;0;0;3;4
23;2301;11;5;13;1;0;1;1;3;4
23;2301;11;5;17;2;0;0;0;7;3
23;2301;11;5;19;1;0;2;2;3;3
23;2301;11;6;10;1;0;2;2;3;4
23;2301;11;6;14;1;0;1;1;3;4
23;2301;11;6;21;1;0;2;2;3;3
23;2301;11;6;22;1;0;1;1;7;3
23;2301;11;7;0;1;0;0;0;4;4
23;2301;11;7;2;1;1;4;5;3;2
23;2301;11;7;19;1;0;1;1;3;4
23;2301;11;7;23;1;0;0;0;4;7
23;2301;11;1;6;1;0;0;0;7;8
23;2301;11;1;8;2;1;0;1;1;4
23;2301;11;2;19;1;0;1;1;1;5
23;2301;11;2;19;1;0;0;0;5;7
23;2301;11;3;0;1;0;0;0;4;8
23;2301;11;3;11;1;0;1;1;3;4
23;2301;11;3;18;1;0;1;1;1;4
23;2301;11;3;18;1;0;1;1;3;4
23;2301;11;3;23;1;0;1;1;7;3
23;2301;11;4;13;1;0;1;1;1;5
23;2301;11;5;2;1;0;0;0;4;3
23;2301;11;5;3;1;1;1;2;4;3
23;2301;11;6;8;1;0;2;2;3;4
23;2301;11;6;9;1;0;1;1;2;8
23;2301;11;6;17;1;0;1;1;1;4
23;2301;11;6;21;1;0;0;0;3;4
21;2101;11;6;1;1;1;1;2;6;3
21;2104;11;6;13;2;1;0;1;3;3
21;2104;11;4;20;2;1;0;1;7;3
21;2104;11;2;14;2;0;1;1;3;4
21;2102;11;2;10;2;1;0;1;3;4
18;1802;11;5;16;2;1;0;1;6;4
18;1809;11;6;20;2;0;1;1;1;5
18;1809;11;7;9;2;1;0;1;4;4
18;1807;11;1;6;1;0;1;1;3;7
18;1804;11;3;11;2;0;2;2;3;4
18;1807;11;7;3;2;0;0;0;7;4
18;1805;11;3;12;1;0;0;0;5;4
18;1808;11;5;13;1;0;0;0;3;1
18;1809;11;7;1;2;0;2;2;3;4
18;1808;11;1;18;1;0;0;0;3;4
18;1807;11;3;14;2;0;0;0;7;4
18;1808;11;2;15;1;0;0;0;4;4
18;1801;11;5;8;2;0;0;0;3;4
18;1801;11;5;16;2;0;1;1;1;3
18;1801;11;5;18;2;0;1;1;1;3
18;1801;11;6;11;1;0;0;0;3;4
18;1801;11;6;17;1;0;0;0;3;2
18;1801;11;7;7;2;0;2;2;5;4
18;1801;11;1;19;1;0;1;1;1;3
18;1801;11;1;21;2;0;1;1;5;3
18;1801;11;2;7;1;0;0;0;5;2
18;1801;11;2;19;2;1;0;1;7;3
18;1801;11;2;20;2;0;1;1;3;4
18;1801;11;3;4;1;0;0;0;3;2
18;1801;11;3;5;1;0;0;0;4;1
18;1801;11;3;9;1;0;0;0;4;1
18;1801;11;3;22;1;0;1;1;4;4
18;1801;11;4;18;2;0;3;3;3;9
18;1801;11;4;20;2;0;2;2;3;3
18;1801;11;5;13;1;0;1;1;1;5
18;1801;11;5;14;1;0;1;1;2;5
18;1801;11;5;19;2;0;1;1;1;4
18;1801;11;5;20;1;0;0;0;3;3
18;1801;11;5;20;1;0;1;1;3;1
18;1801;11;5;22;1;0;0;0;4;3
18;1801;11;6;1;1;0;0;0;3;3
18;1801;11;6;14;2;0;0;0;3;3
18;1801;11;6;21;2;1;0;1;3;3
18;1801;11;7;5;2;0;0;0;4;3
18;1801;11;7;9;1;0;0;0;3;1
18;1801;11;7;21;2;0;1;1;3;2
18;1801;11;7;21;2;0;0;0;7;3
18;1801;11;2;12;1;0;0;0;3;4
18;1801;11;2;12;1;0;0;0;4;3
18;1801;11;3;10;2;1;0;1;1;3
18;1801;11;3;12;1;0;1;1;1;3
18;1801;11;3;15;2;0;1;1;3;2
18;1801;11;3;16;1;0;0;0;4;2
18;1801;11;3;21;1;0;1;1;4;4
18;1801;11;5;7;1;0;0;0;3;1
18;1801;11;5;11;1;0;0;0;3;4
18;1801;11;5;18;2;0;1;1;1;3
18;1801;11;5;18;2;0;1;1;3;1
18;1801;11;5;19;1;0;0;0;3;4
18;1801;11;6;13;1;0;1;1;4;3
18;1801;11;6;17;2;0;0;0;4;2
18;1801;11;6;20;2;0;2;2;8;2
18;1801;11;6;20;1;0;1;1;1;4
18;1801;11;7;1;1;0;0;0;4;3
18;1801;11;7;4;1;0;0;0;4;2
18;1801;11;7;9;2;0;1;1;3;4
18;1801;11;7;19;2;0;1;1;1;3
18;1801;11;7;21;2;0;1;1;1;5
18;1801;11;7;22;1;0;0;0;3;7
18;1801;11;1;6;1;0;0;0;3;4
18;1801;11;1;13;1;0;1;1;3;3
18;1801;11;1;14;2;0;0;0;4;2
18;1801;11;1;18;1;0;1;1;3;1
18;1801;11;3;0;2;0;0;0;3;3
18;1801;11;3;6;1;0;1;1;1;5
18;1801;11;3;15;2;1;2;3;5;3
18;1801;11;4;7;1;0;1;1;5;2
18;1801;11;4;9;2;0;0;0;5;3
18;1801;11;4;22;1;0;1;1;3;4
18;1801;11;5;4;2;0;0;0;4;3
18;1801;11;5;6;1;0;0;0;3;2
18;1801;11;5;20;1;1;0;1;4;3
18;1801;11;5;21;1;0;1;1;3;1
18;1801;11;5;21;1;0;0;0;3;1
18;1801;11;6;1;1;0;0;0;3;2
18;1801;11;6;6;1;0;1;1;1;3
18;1801;11;6;9;1;0;1;1;1;4
18;1801;11;6;9;1;0;1;1;1;5
18;1801;11;6;15;1;0;0;0;5;2
18;1801;11;6;18;1;0;1;1;3;3
18;1801;11;6;21;2;0;0;0;3;3
18;1801;11;7;6;1;0;0;0;4;6
18;1801;11;7;15;1;0;1;1;3;2
18;1801;11;7;17;1;0;0;0;7;1
18;1801;11;7;19;2;0;2;2;1;3
18;1801;11;2;12;1;0;0;0;3;2
18;1801;11;2;14;1;0;1;1;3;4
18;1801;11;2;22;2;0;0;0;4;3
18;1801;11;3;16;2;1;0;1;4;3
18;1801;11;3;22;1;0;2;2;3;2
18;1801;11;4;7;1;0;0;0;5;2
18;1801;11;4;11;1;0;0;0;3;2
18;1801;11;5;6;1;0;0;0;3;3
18;1801;11;6;0;1;0;0;0;4;1
18;1801;11;6;4;1;0;0;0;3;1
18;1801;11;6;8;2;0;0;0;3;3
18;1801;11;6;14;1;0;0;0;4;3
19;1902;11;6;14;2;0;1;1;3;4
19;1901;11;7;18;1;0;1;1;3;4
19;1907;11;7;22;2;0;1;1;3;4
19;1901;11;2;7;2;0;0;0;1;4
19;1905;11;2;12;2;0;0;0;3;4
19;1906;11;4;7;1;0;1;1;3;4
19;1906;11;4;7;1;0;0;0;3;4
19;1907;11;4;19;2;1;0;1;1;4
19;1907;11;5;4;2;0;0;0;3;4
19;1901;11;5;10;1;0;1;1;3;4
19;1905;11;6;18;2;0;0;0;7;4
19;1901;11;1;4;2;0;0;0;7;4
19;1901;11;2;13;1;0;1;1;3;4
19;1901;11;3;17;2;0;1;1;5;4
19;1901;11;5;20;2;1;0;1;3;4
19;1901;11;3;13;1;0;1;1;3;1
17;1701;12;7;0;2;0;0;0;7;2
17;1701;12;7;0;1;0;1;1;3;4
13;1301;12;7;1;1;0;0;0;4;6
17;1701;12;7;1;1;0;2;2;8;3
17;1701;12;7;1;2;0;0;0;4;1
17;1701;12;7;2;1;0;2;2;3;2
18;1801;12;7;3;1;0;1;1;3;3
5;0501;12;7;3;1;0;0;0;7;3
17;1701;12;7;3;1;0;0;0;4;3
8;0805;12;7;3;2;1;0;1;3;4
17;1701;12;7;3;1;0;0;0;4;3
18;1807;12;7;3;2;0;0;0;4;1
10;1005;12;7;4;2;0;1;1;7;3
23;2301;12;7;5;1;0;0;0;4;3
17;1701;12;7;5;1;0;1;1;7;4
17;1701;12;7;5;1;0;0;0;4;3
10;1001;12;7;8;2;0;1;1;1;4
9;0907;12;7;8;1;0;1;1;7;4
1;0101;12;7;8;1;0;0;0;3;1
13;1301;12;7;9;1;0;0;0;3;7
11;1101;12;7;10;1;0;2;2;3;7
17;1701;12;7;12;1;0;0;0;3;1
17;1701;12;7;13;1;0;0;0;7;4
23;2301;12;7;13;1;0;1;1;3;3
5;0501;12;7;15;1;0;0;0;1;4
5;0501;12;7;15;1;0;0;0;1;4
5;0501;12;7;15;1;0;0;0;1;4
5;0501;12;7;15;1;0;0;0;1;4
17;1701;12;7;16;1;0;0;0;3;4
13;1301;12;7;18;1;0;1;1;3;7
23;2301;12;7;19;1;0;0;0;7;10
17;1701;12;7;21;2;0;2;2;3;1
5;0501;12;7;21;1;0;0;0;3;3
17;1701;12;7;22;1;0;1;1;3;2
17;1701;12;7;22;1;0;1;1;3;7
9;0907;12;7;23;1;0;1;1;2;3
13;1308;12;1;0;1;0;0;0;4;4
17;1701;12;1;1;1;1;0;1;7;3
17;1701;12;1;6;1;0;2;2;3;2
1;0101;12;1;7;1;0;1;1;3;10
13;1308;12;1;7;1;0;0;0;3;4
18;1801;12;1;8;1;0;1;1;1;3
1;0101;12;1;8;1;0;0;0;3;10
11;1101;12;1;9;1;0;1;1;3;4
23;2301;12;1;9;1;0;0;0;3;4
1;0101;12;1;10;1;0;1;1;1;4
23;2301;12;1;11;1;0;1;1;3;7
17;1701;12;1;11;2;0;0;0;3;2
1;0101;12;1;11;2;0;1;1;3;1
18;1801;12;1;12;1;0;0;0;3;4
10;1006;12;1;13;2;3;0;3;7;3
17;1701;12;1;15;2;0;0;0;3;4
17;1701;12;1;15;1;0;0;0;3;4
18;1801;12;1;16;1;0;0;0;3;2
11;1101;12;1;16;2;0;0;0;4;9
17;1701;12;1;16;1;0;1;1;3;3
1;0101;12;1;17;1;0;2;2;1;4
9;0907;12;1;18;1;0;0;0;1;9
17;1701;12;1;22;1;0;0;0;8;6
23;2301;12;1;23;1;0;0;0;3;1
17;1701;12;2;4;1;0;0;0;3;2
17;1701;12;2;8;1;0;1;1;2;2
17;1701;12;2;10;2;0;1;1;1;5
5;0501;12;2;10;1;0;1;1;3;4
11;1101;12;2;11;1;0;0;0;3;7
13;1308;12;2;12;1;0;0;0;3;4
17;1701;12;2;12;1;0;2;2;1;4
17;1701;12;2;14;2;0;1;1;3;7
17;1701;12;2;15;1;0;0;0;3;2
18;1801;12;2;15;1;0;0;0;5;3
17;1701;12;2;16;1;0;0;0;3;1
13;1301;12;2;17;1;0;1;1;1;4
1;0101;12;2;17;1;0;0;0;3;10
1;0101;12;2;17;1;0;1;1;5;4
17;1701;12;2;17;2;0;1;1;3;8
17;1701;12;2;18;1;1;0;1;1;5
17;1701;12;2;18;1;0;0;0;3;3
23;2301;12;2;18;1;0;1;1;7;3
1;0101;12;2;19;1;0;0;0;3;10
23;2301;12;2;19;1;0;1;1;3;4
17;1701;12;2;21;1;0;0;0;3;2
13;1301;12;2;21;1;0;1;1;3;7
13;1301;12;2;21;1;0;3;3;3;7
17;1701;12;2;22;1;0;1;1;3;4
17;1701;12;2;23;2;0;0;0;6;8
17;1701;12;3;0;1;0;0;0;8;2
17;1701;12;3;6;2;0;2;2;1;5
23;2301;12;3;8;1;1;0;1;3;3
1;0101;12;3;8;1;0;2;2;1;7
17;1701;12;3;10;1;0;0;0;3;4
17;1701;12;3;10;1;0;0;0;3;4
18;1801;12;3;12;1;0;1;1;1;2
18;1801;12;3;13;2;0;1;1;2;5
17;1701;12;3;13;1;0;2;2;3;7
1;0101;12;3;15;1;0;1;1;3;10
5;0501;12;3;16;2;0;0;0;4;3
18;1801;12;3;16;2;0;0;0;7;3
18;1801;12;3;17;2;0;0;0;3;2
1;0101;12;3;18;2;0;2;2;1;4
17;1701;12;3;20;1;0;0;0;4;8
17;1701;12;3;21;1;0;0;0;4;8
17;1701;12;3;23;1;0;0;0;4;8
23;2301;12;4;1;1;0;0;0;4;1
11;1101;12;4;2;1;0;0;0;4;4
17;1701;12;4;3;1;0;1;1;4;4
17;1701;12;4;3;1;0;3;3;7;3
17;1701;12;4;3;1;0;0;0;7;2
17;1701;12;4;4;1;0;1;1;3;2
10;1001;12;4;5;1;0;1;1;3;7
17;1701;12;4;5;2;0;5;5;3;4
17;1701;12;4;10;1;0;2;2;3;2
1;0101;12;4;13;1;0;0;0;4;4
17;1701;12;4;16;1;0;0;0;3;7
13;1301;12;4;17;1;0;0;0;3;7
5;0501;12;4;19;2;0;0;0;3;1
17;1701;12;4;19;2;0;0;0;3;1
1;0101;12;4;19;1;1;0;1;3;10
18;1801;12;4;19;1;0;0;0;3;3
17;1701;12;4;19;1;0;1;1;7;8
1;0101;12;4;20;1;0;1;1;3;1
1;0101;12;4;20;1;0;5;5;3;7
17;1701;12;4;21;2;0;1;1;3;1
5;0501;12;4;21;1;0;0;0;7;8
23;2301;12;4;23;2;0;2;2;3;4
17;1701;12;4;23;1;0;0;0;4;3
17;1701;12;4;23;1;0;0;0;3;4
17;1701;12;5;0;1;0;0;0;4;4
17;1701;12;5;0;1;0;3;3;8;1
17;1701;12;5;0;1;0;0;0;8;1
17;1701;12;5;2;1;0;0;0;4;4
17;1701;12;5;3;1;0;0;0;7;3
23;2301;12;5;4;1;0;0;0;3;7
17;1701;12;5;5;1;0;0;0;4;2
17;1701;12;5;5;2;0;0;0;8;7
17;1701;12;5;6;1;1;1;2;8;4
10;1004;12;5;7;1;0;1;1;3;4
17;1701;12;5;7;1;0;2;2;3;3
1;0101;12;5;7;1;0;0;0;3;4
23;2301;12;5;10;1;0;2;2;1;4
17;1701;12;5;12;1;0;0;0;3;7
1;0101;12;5;12;1;0;1;1;3;7
17;1701;12;5;13;1;0;0;0;3;4
23;2301;12;5;13;1;0;0;0;4;3
17;1701;12;5;13;1;0;1;1;8;5
5;0501;12;5;14;1;0;1;1;3;8
10;1004;12;5;15;1;0;3;3;1;5
17;1701;12;5;15;2;0;0;0;4;1
1;0101;12;5;15;1;0;0;0;3;7
17;1701;12;5;16;1;0;0;0;3;4
10;1004;12;5;16;2;0;0;0;4;4
17;1701;12;5;17;1;0;0;0;3;4
1;0101;12;5;17;1;0;1;1;7;7
1;0101;12;5;18;1;1;0;1;1;4
11;1101;12;5;19;1;0;3;3;7;9
13;1308;12;5;20;1;0;0;0;3;4
23;2301;12;5;20;1;1;0;1;3;8
10;1001;12;5;21;1;0;0;0;3;7
17;1701;12;5;23;1;0;0;0;7;3
17;1701;12;5;23;1;0;1;1;3;7
17;1701;12;5;23;1;0;1;1;7;4
17;1701;12;6;0;1;0;1;1;3;1
1;0101;12;6;1;1;0;0;0;7;4
17;1701;12;6;1;2;0;0;0;3;3
23;2301;12;6;1;1;0;0;0;7;8
17;1701;12;6;3;1;0;1;1;8;7
17;1701;12;6;3;1;0;0;0;3;1
11;1101;12;6;3;1;0;0;0;4;3
11;1101;12;6;4;1;0;1;1;4;1
17;1701;12;6;6;1;0;0;0;4;4
17;1701;12;6;6;1;0;0;0;8;3
18;1801;12;6;7;2;0;1;1;1;4
17;1701;12;6;10;1;0;0;0;8;7
1;0101;12;6;10;1;0;1;1;4;4
18;1801;12;6;11;1;0;1;1;3;7
18;1801;12;6;12;1;1;0;1;3;3
23;2301;12;6;13;2;0;0;0;3;4
1;0101;12;6;14;1;0;1;1;3;2
17;1701;12;6;15;1;0;2;2;7;8
17;1701;12;6;15;2;0;0;0;3;4
1;0101;12;6;15;1;0;1;1;3;2
9;0907;12;6;16;1;0;1;1;3;2
23;2301;12;6;17;1;0;2;2;3;7
5;0501;12;6;17;2;0;1;1;3;4
1;0101;12;6;18;1;0;0;0;3;7
18;1801;12;6;18;1;0;0;0;3;3
17;1701;12;6;19;1;0;0;0;3;1
1;0101;12;6;19;1;1;0;1;1;5
17;1701;12;6;20;1;0;0;0;4;2
17;1701;12;6;20;1;0;2;2;3;1
17;1701;12;6;20;2;1;0;1;4;3
1;0101;12;6;20;1;0;1;1;4;4
17;1701;12;6;21;2;0;1;1;4;1
12;1201;12;6;21;2;1;1;2;3;4
5;0501;12;6;21;1;0;0;0;1;4
5;0501;12;6;23;1;0;0;0;3;4
5;0501;12;6;23;1;0;0;0;7;4
17;1701;12;7;0;1;0;2;2;4;4
17;1701;12;7;1;2;1;0;1;8;4
23;2301;12;7;1;1;0;1;1;4;8
23;2301;12;7;1;1;0;0;0;7;3
7;0701;12;7;2;1;0;2;2;3;3
17;1701;12;7;2;2;0;0;0;4;8
5;0501;12;7;2;1;1;0;1;4;4
17;1701;12;7;3;1;0;0;0;3;1
23;2301;12;7;4;1;0;0;0;7;3
18;1801;12;7;5;1;0;0;0;4;3
23;2301;12;7;7;1;0;0;0;4;8
18;1801;12;7;8;1;1;0;1;7;3
7;0701;12;7;8;1;0;2;2;3;1
5;0501;12;7;9;2;0;2;2;7;3
17;1701;12;7;10;1;0;0;0;7;4
13;1308;12;7;10;1;0;0;0;3;3
9;0907;12;7;11;1;0;0;0;1;5
1;0101;12;7;15;1;0;2;2;4;4
18;1801;12;7;16;1;0;0;0;4;2
17;1701;12;7;18;1;0;0;0;4;2
5;0501;12;7;18;1;0;0;0;3;3
23;2301;12;7;22;1;0;2;2;1;1
23;2301;12;1;0;1;0;1;1;4;9
1;0101;12;1;0;1;0;0;0;4;4
17;1701;12;1;1;1;0;1;1;7;3
10;1005;12;1;2;2;1;0;1;7;3
18;1801;12;1;9;1;0;0;0;4;3
23;2301;12;1;10;2;0;0;0;3;3
7;0701;12;1;12;1;0;1;1;1;3
5;0501;12;1;13;1;0;0;0;3;3
17;1701;12;1;14;2;0;1;1;3;4
17;1701;12;1;15;2;0;0;0;3;7
13;1301;12;1;15;1;0;0;0;1;7
18;1801;12;1;16;2;5;4;9;7;3
17;1701;12;1;18;1;0;1;1;3;7
23;2301;12;1;19;1;0;1;1;3;3
18;1801;12;1;20;2;0;1;1;7;3
1;0101;12;1;23;1;0;0;0;4;4
17;1701;12;2;4;1;1;0;1;1;5
23;2301;12;2;6;1;0;2;2;3;3
17;1701;12;2;7;2;0;1;1;8;3
23;2301;12;2;8;1;0;0;0;5;3
13;1308;12;2;8;1;0;1;1;3;4
7;0701;12;2;8;1;0;1;1;1;3
10;1001;12;2;8;1;0;0;0;3;7
13;1308;12;2;8;1;0;1;1;3;4
10;1001;12;2;10;1;0;1;1;3;3
10;1001;12;2;10;1;0;1;1;3;7
17;1701;12;2;10;1;0;1;1;2;9
13;1308;12;2;13;1;0;0;0;3;4
12;1205;12;2;13;1;0;0;0;3;4
17;1701;12;2;15;2;0;3;3;3;6
23;2301;12;2;17;1;0;1;1;3;4
9;0907;12;2;18;1;0;0;0;1;4
1;0101;12;2;19;2;0;4;4;5;4
17;1701;12;2;20;1;1;0;1;1;4
1;0101;12;2;20;1;0;3;3;4;1
17;1701;12;2;22;1;0;1;1;1;4
23;2301;12;3;6;1;0;2;2;3;4
17;1701;12;3;7;1;0;1;1;3;7
23;2301;12;3;8;1;0;1;1;3;3
1;0101;12;3;8;1;0;1;1;1;4
17;1701;12;3;8;1;0;0;0;3;4
18;1801;12;3;12;1;0;0;0;3;2
1;0101;12;3;13;1;0;1;1;1;4
9;0907;12;3;14;1;0;2;2;3;6
11;1101;12;3;14;2;0;0;0;3;7
17;1701;12;3;15;1;0;0;0;8;7
23;2301;12;3;16;1;0;0;0;3;3
18;1801;12;3;17;1;0;0;0;3;2
1;0101;12;3;19;1;0;1;1;3;4
17;1701;12;3;20;1;0;1;1;3;2
6;0601;12;3;23;1;1;0;1;4;4
1;0101;12;4;0;1;0;2;2;3;4
11;1101;12;4;2;1;0;0;0;4;3
23;2301;12;4;5;1;0;2;2;3;7
17;1701;12;4;6;2;0;0;0;3;4
11;1101;12;4;7;1;0;1;1;1;5
1;0101;12;4;7;1;0;0;0;5;4
17;1701;12;4;7;1;0;0;0;3;7
9;0907;12;4;10;1;0;0;0;1;5
18;1801;12;4;11;2;0;0;0;3;3
13;1308;12;4;11;1;0;1;1;3;4
1;0101;12;4;12;1;0;1;1;1;5
1;0101;12;4;12;1;0;0;0;3;4
13;1301;12;4;13;1;0;0;0;3;7
17;1701;12;4;13;1;0;0;0;8;4
23;2301;12;4;14;1;0;1;1;1;3
5;0501;12;4;14;2;0;1;1;7;3
23;2301;12;4;15;1;0;1;1;3;3
12;1212;12;4;15;1;0;1;1;3;4
17;1701;12;4;17;1;0;1;1;8;2
5;0501;12;4;18;2;0;0;0;1;3
18;1801;12;4;19;1;0;0;0;3;3
17;1701;12;4;20;1;0;1;1;3;1
5;0501;12;4;23;2;0;0;0;7;3
17;1701;12;5;1;1;0;0;0;4;8
23;2301;12;5;1;1;0;1;1;3;3
13;1308;12;5;2;1;0;0;0;3;4
23;2301;12;5;3;1;1;0;1;4;3
17;1701;12;5;6;1;0;0;0;7;7
17;1701;12;5;6;1;0;0;0;3;4
17;1701;12;5;7;2;0;0;0;3;3
17;1701;12;5;7;1;1;0;1;1;4
18;1801;12;5;7;1;0;1;1;3;2
10;1001;12;5;7;1;0;1;1;3;7
1;0101;12;5;7;1;0;0;0;4;4
17;1701;12;5;8;1;0;0;0;4;4
11;1101;12;5;9;1;0;2;2;3;3
1;0101;12;5;12;2;1;0;1;1;5
17;1701;12;5;13;1;0;0;0;8;4
18;1801;12;5;13;2;0;1;1;3;3
12;1205;12;5;13;1;0;1;1;3;3
17;1701;12;5;14;1;0;0;0;8;4
17;1701;12;5;14;1;0;2;2;3;4
17;1701;12;5;14;1;0;1;1;8;7
23;2301;12;5;15;1;0;1;1;3;3
18;1801;12;5;15;2;0;0;0;5;1
1;0101;12;5;18;1;0;0;0;5;4
1;0101;12;5;19;2;0;0;0;5;1
23;2301;12;5;20;1;0;1;1;1;7
23;2301;12;5;20;2;0;0;0;7;3
23;2301;12;5;21;2;0;0;0;7;3
18;1801;12;5;21;1;0;0;0;4;3
12;1205;12;5;21;1;0;2;2;3;3
1;0101;12;5;21;1;0;1;1;1;4
1;0101;12;5;21;1;0;1;1;3;1
17;1701;12;5;22;2;0;0;0;3;1
17;1701;12;5;22;1;0;0;0;8;4
17;1701;12;5;22;2;0;0;0;3;4
13;1308;12;5;23;1;0;0;0;3;4
9;0907;12;5;23;1;0;0;0;1;5
9;0907;12;5;23;1;0;2;2;1;5
17;1701;12;6;0;1;0;0;0;3;1
5;0501;12;6;0;1;0;0;0;7;2
5;0501;12;6;1;2;0;1;1;7;8
17;1701;12;6;2;1;1;0;1;4;4
17;1701;12;6;2;1;0;0;0;8;3
17;1701;12;6;2;1;0;0;0;6;2
18;1801;12;6;3;1;0;0;0;4;3
17;1701;12;6;4;1;0;0;0;3;1
17;1701;12;6;4;2;0;0;0;3;4
11;1101;12;6;4;1;0;0;0;7;3
17;1701;12;6;4;1;0;0;0;4;4
17;1701;12;6;4;1;0;0;0;3;4
18;1801;12;6;4;1;0;0;0;4;1
17;1701;12;6;5;1;0;1;1;3;4
23;2301;12;6;5;1;1;0;1;7;3
17;1701;12;6;5;1;0;0;0;4;4
5;0501;12;6;5;1;0;1;1;3;3
18;1801;12;6;6;2;0;0;0;4;3
18;1801;12;6;6;1;0;2;2;3;1
11;1101;12;6;8;1;0;1;1;3;3
10;1002;12;6;10;1;0;1;1;7;1
13;1301;12;6;11;1;0;0;0;7;4
17;1701;12;6;14;1;0;1;1;1;5
17;1701;12;6;16;1;1;0;1;1;5
17;1701;12;6;16;2;0;0;0;3;2
17;1701;12;6;17;1;0;1;1;3;8
17;1701;12;6;17;1;0;1;1;3;3
17;1701;12;6;19;1;0;3;3;8;1
1;0101;12;6;19;1;0;0;0;3;10
23;2301;12;6;20;1;0;1;1;3;3
10;1002;12;6;21;2;0;0;0;3;1
17;1701;12;6;21;1;0;1;1;1;1
11;1101;12;6;21;1;0;0;0;4;4
13;1308;12;6;21;1;0;0;0;3;4
17;1701;12;6;22;1;0;0;0;4;2
17;1701;12;6;22;2;0;1;1;3;4
17;1701;12;6;22;1;0;0;0;4;3
23;2301;12;6;22;1;0;1;1;3;3
17;1701;12;6;23;2;0;0;0;4;2
17;1701;12;6;23;1;0;0;0;4;4
17;1701;12;7;0;1;0;0;0;4;1
17;1701;12;7;0;1;0;0;0;4;4
13;1308;12;7;0;1;1;0;1;7;2
23;2301;12;7;1;1;0;0;0;1;7
17;1701;12;7;1;1;0;0;0;7;4
17;1701;12;7;4;1;0;1;1;7;3
5;0506;12;7;4;1;0;0;0;3;3
23;2301;12;7;5;1;0;0;0;3;3
17;1701;12;7;5;1;0;1;1;8;2
17;1701;12;7;5;2;0;0;0;4;2
17;1701;12;7;6;1;0;0;0;4;2
17;1701;12;7;6;1;0;0;0;8;1
17;1701;12;7;8;1;0;1;1;1;1
17;1701;12;7;8;1;0;0;0;3;4
17;1701;12;7;8;1;0;0;0;3;7
17;1701;12;7;10;1;0;1;1;7;1
17;1701;12;7;11;1;0;1;1;1;5
17;1704;12;7;12;2;0;0;0;1;4
18;1801;12;7;12;2;0;1;1;2;5
17;1701;12;7;12;1;0;3;3;3;4
1;0101;12;7;13;1;0;1;1;1;10
13;1308;12;7;15;1;0;1;1;3;4
13;1301;12;7;16;1;0;1;1;5;7
10;1001;12;7;17;1;0;1;1;1;7
10;1001;12;7;19;1;0;0;0;1;7
17;1701;12;7;19;1;0;5;5;3;4
23;2301;12;7;19;1;0;2;2;3;3
17;1701;12;7;21;1;0;0;0;3;8
1;0101;12;7;21;1;1;0;1;1;4
5;0501;12;7;22;2;0;0;0;1;3
17;1701;12;7;23;2;0;4;4;3;1
17;1701;12;7;23;1;0;0;0;4;8
17;1701;12;7;23;1;0;0;0;3;2
5;0501;12;7;23;1;0;0;0;3;3
17;1701;12;1;0;1;0;3;3;4;8
17;1701;12;1;5;1;0;0;0;3;2
17;1701;12;1;5;1;0;0;0;8;4
17;1701;12;1;6;1;0;0;0;3;4
17;1701;12;1;7;1;0;1;1;1;5
1;0101;12;1;12;2;0;1;1;1;5
1;0101;12;1;13;1;0;0;0;3;4
18;1801;12;1;14;1;0;0;0;4;3
5;0501;12;1;14;1;0;1;1;1;4
17;1701;12;1;14;1;0;2;2;8;4
1;0101;12;1;14;2;1;0;1;1;5
23;2301;12;1;15;1;0;1;1;3;7
13;1308;12;1;16;1;0;1;1;3;4
23;2301;12;1;17;1;0;1;1;3;3
13;1308;12;1;17;1;0;0;0;3;4
18;1801;12;1;17;2;0;0;0;3;3
13;1308;12;1;17;1;0;0;0;3;4
1;0101;12;1;17;1;0;0;0;3;4
13;1308;12;1;18;1;0;1;1;5;4
12;1201;12;1;18;1;0;0;0;7;3
17;1701;12;1;19;2;0;0;0;3;4
17;1701;12;1;19;1;0;0;0;8;4
1;0101;12;1;19;2;0;0;0;3;2
23;2301;12;1;20;1;0;0;0;3;3
12;1201;12;1;20;1;0;0;0;7;4
1;0101;12;1;21;1;0;1;1;3;4
11;1101;12;1;22;1;0;0;0;3;1
1;0101;12;2;0;1;0;0;0;3;7
17;1701;12;2;1;1;0;0;0;1;4
17;1701;12;2;4;1;0;0;0;4;2
17;1701;12;2;6;1;0;1;1;3;7
17;1701;12;2;6;1;0;1;1;3;4
23;2301;12;2;6;1;0;1;1;3;7
17;1701;12;2;6;1;0;2;2;1;5
11;1101;12;2;7;1;0;0;0;3;4
5;0501;12;2;7;1;0;0;0;3;3
17;1701;12;2;7;1;0;1;1;1;5
13;1308;12;2;9;1;0;0;0;3;4
18;1801;12;2;11;1;0;0;0;4;2
18;1801;12;2;12;1;0;0;0;4;3
13;1301;12;2;12;1;0;0;0;3;7
12;1201;12;2;13;1;0;0;0;3;4
10;1001;12;2;13;1;0;1;1;4;7
6;0601;12;2;14;2;1;0;1;2;4
13;1301;12;2;14;1;0;0;0;1;7
17;1701;12;2;16;1;0;0;0;4;2
23;2301;12;2;17;1;0;0;0;3;3
17;1701;12;2;17;1;0;0;0;8;1
11;1101;12;2;19;2;1;0;1;4;1
23;2301;12;2;21;1;0;0;0;3;3
17;1701;12;3;3;1;0;1;1;3;7
17;1701;12;3;4;1;0;0;0;4;3
5;0501;12;3;6;1;0;1;1;3;3
17;1701;12;3;6;2;1;0;1;1;5
1;0101;12;3;7;2;0;1;1;7;4
12;1201;12;3;7;1;0;0;0;3;4
23;2301;12;3;9;1;0;0;0;1;3
11;1101;12;3;9;1;0;1;1;1;5
1;0101;12;3;9;2;0;2;2;1;5
17;1701;12;3;10;1;0;1;1;3;4
18;1801;12;3;11;1;1;0;1;1;5
23;2301;12;3;12;1;0;1;1;3;3
13;1301;12;3;13;1;0;0;0;1;4
17;1701;12;3;13;1;0;0;0;4;2
23;2301;12;3;16;1;0;1;1;3;7
1;0101;12;3;16;2;0;1;1;3;1
11;1101;12;3;16;1;0;1;1;3;3
10;1001;12;3;17;1;0;0;0;3;7
12;1205;12;3;18;1;0;3;3;3;7
13;1308;12;3;19;1;0;1;1;3;4
5;0501;12;3;19;1;0;0;0;1;3
17;1701;12;3;19;2;0;0;0;5;4
5;0501;12;3;21;1;0;0;0;7;4
17;1701;12;3;21;1;0;0;0;3;1
11;1101;12;3;23;1;0;0;0;4;3
17;1701;12;3;23;2;1;0;1;8;3
13;1308;12;3;23;1;0;1;1;3;4
17;1709;12;4;1;1;1;0;1;3;8
23;2301;12;4;2;1;0;1;1;7;8
13;1301;12;4;2;1;0;0;0;4;4
18;1801;12;4;4;1;0;0;0;7;3
17;1701;12;4;6;1;0;0;0;3;4
13;1301;12;4;7;1;0;1;1;3;4
18;1801;12;4;7;1;0;0;0;3;3
5;0501;12;4;11;1;0;1;1;1;4
9;0907;12;4;11;1;0;1;1;2;5
5;0506;12;4;12;2;0;0;0;3;3
17;1701;12;4;12;2;0;0;0;3;1
17;1701;12;4;14;1;0;0;0;8;4
9;0907;12;4;14;1;0;0;0;5;4
17;1709;12;4;14;1;0;1;1;3;4
17;1701;12;4;16;1;0;0;0;5;4
17;1701;12;4;16;1;0;1;1;1;4
17;1701;12;4;16;1;0;0;0;8;2
13;1301;12;4;17;1;0;1;1;3;7
23;2301;12;4;17;1;0;0;0;3;8
17;1701;12;4;18;2;0;0;0;8;3
1;0101;12;4;19;1;0;1;1;1;5
9;0907;12;4;19;1;0;3;3;4;7
1;0101;12;4;19;2;0;2;2;3;7
17;1701;12;4;20;1;0;0;0;3;4
17;1701;12;4;21;1;0;0;0;4;8
17;1701;12;4;22;2;0;0;0;3;1
17;1709;12;4;22;1;0;1;1;1;4
17;1709;12;4;23;1;0;1;1;3;4
5;0501;12;5;0;2;0;0;0;7;3
17;1701;12;5;0;1;0;0;0;3;4
17;1701;12;5;1;1;0;1;1;7;4
11;1101;12;5;2;1;0;0;0;3;1
17;1709;12;5;3;1;0;0;0;7;3
18;1801;12;5;3;1;0;0;0;4;3
17;1701;12;5;3;1;0;2;2;3;7
17;1701;12;5;4;1;0;0;0;4;2
18;1801;12;5;5;1;0;0;0;5;1
18;1801;12;5;5;1;0;0;0;3;1
11;1101;12;5;5;1;0;0;0;4;1
13;1308;12;5;7;1;0;0;0;1;4
13;1308;12;5;8;1;0;0;0;3;4
5;0501;12;5;10;1;0;0;0;3;3
13;1308;12;5;13;1;0;2;2;3;4
17;1701;12;5;14;1;0;0;0;3;4
17;1701;12;5;15;2;0;2;2;3;4
10;1006;12;5;17;2;0;4;4;7;3
18;1801;12;5;17;2;0;0;0;3;3
12;1205;12;5;17;1;0;0;0;3;4
23;2301;12;5;18;1;0;0;0;3;7
5;0501;12;5;19;2;0;1;1;3;4
17;1701;12;5;20;1;0;0;0;1;5
17;1701;12;5;22;1;1;0;1;1;5
10;1001;12;6;0;1;0;0;0;1;4
11;1101;12;6;0;1;0;1;1;3;3
17;1701;12;6;0;2;0;0;0;3;3
17;1701;12;6;1;1;0;1;1;7;4
17;1701;12;6;1;1;0;0;0;4;3
11;1101;12;6;2;1;0;0;0;4;1
17;1701;12;6;2;2;0;0;0;8;2
17;1701;12;6;2;1;0;0;0;8;4
1;0101;12;6;3;2;0;1;1;4;1
17;1701;12;6;3;1;0;1;1;8;2
17;1701;12;6;3;1;0;0;0;4;4
18;1801;12;6;3;1;0;0;0;4;3
17;1701;12;6;4;1;0;0;0;4;2
18;1801;12;6;4;1;0;0;0;4;3
17;1701;12;6;5;2;0;0;0;7;3
1;0101;12;6;5;1;0;0;0;3;4
6;0601;12;6;6;1;1;0;1;1;3
23;2301;12;6;7;1;0;1;1;3;1
18;1801;12;6;9;1;0;0;0;4;2
11;1101;12;6;11;1;0;1;1;3;4
17;1701;12;6;11;1;0;2;2;1;4
23;2301;12;6;12;1;2;1;3;7;3
11;1101;12;6;12;1;0;1;1;3;4
23;2301;12;6;13;2;0;0;0;3;1
12;1205;12;6;13;1;0;1;1;3;7
17;1701;12;6;14;1;0;1;1;3;2
23;2301;12;6;14;1;0;1;1;3;7
18;1801;12;6;15;1;0;0;0;3;3
13;1301;12;6;17;1;0;0;0;3;7
1;0101;12;6;17;1;0;1;1;1;4
18;1801;12;6;17;1;0;0;0;4;1
7;0701;12;6;18;1;0;1;1;1;3
17;1701;12;6;18;2;0;0;0;3;4
5;0501;12;6;18;1;0;2;2;4;3
13;1308;12;6;19;1;0;0;0;1;4
17;1701;12;6;19;1;0;0;0;3;7
12;1201;12;6;20;1;0;0;0;3;2
17;1709;12;6;21;1;0;2;2;3;7
23;2301;12;6;21;1;0;0;0;7;3
17;1701;12;6;21;1;0;0;0;4;3
23;2301;12;6;22;1;1;0;1;3;8
18;1801;12;6;23;1;0;0;0;3;2
18;1801;12;6;23;1;0;0;0;7;2
17;1701;12;6;23;2;0;1;1;3;4
17;1701;12;6;23;2;0;2;2;8;1
17;1701;12;7;0;1;0;1;1;4;4
17;1701;12;7;0;2;0;0;0;4;3
11;1101;12;7;0;1;0;0;0;4;1
17;1701;12;7;1;1;0;0;0;4;4
5;0501;12;7;2;1;1;1;2;3;3
13;1309;12;7;3;1;1;0;1;4;4
1;0101;12;7;3;1;0;1;1;5;4
18;1801;12;7;3;2;0;1;1;7;3
17;1709;12;7;4;1;0;0;0;7;8
10;1001;12;7;4;1;0;1;1;3;7
6;0601;12;7;5;1;1;0;1;7;3
1;0101;12;7;5;1;0;0;0;4;4
11;1101;12;7;6;1;0;1;1;4;1
17;1701;12;7;6;1;0;1;1;1;5
17;1701;12;7;7;1;0;2;2;3;1
10;1004;12;7;7;1;1;0;1;2;3
17;1701;12;7;7;1;0;0;0;4;3
18;1801;12;7;8;1;0;0;0;4;3
11;1101;12;7;8;1;0;2;2;1;5
17;1701;12;7;9;2;0;0;0;3;2
17;1701;12;7;9;1;0;2;2;7;1
17;1709;12;7;9;1;0;1;1;7;8
8;0804;12;7;9;2;1;0;1;1;4
17;1709;12;7;11;1;0;1;1;7;3
18;1801;12;7;11;2;0;1;1;1;3
17;1701;12;7;11;1;0;2;2;8;7
12;1205;12;7;12;1;0;0;0;3;7
5;0501;12;7;13;2;0;0;0;7;3
11;1101;12;7;13;1;0;0;0;7;3
17;1701;12;7;13;1;0;0;0;7;2
18;1801;12;7;14;2;1;0;1;3;3
17;1701;12;7;15;1;0;0;0;3;3
11;1101;12;7;16;1;0;0;0;7;3
17;1701;12;7;16;1;0;0;0;3;1
11;1101;12;7;18;1;0;1;1;1;5
5;0501;12;7;18;1;0;0;0;3;3
12;1205;12;7;19;2;0;1;1;3;7
11;1101;12;7;20;1;0;1;1;3;1
18;1801;12;7;22;2;0;0;0;4;3
1;0101;12;7;23;1;0;2;2;3;1
17;1701;12;1;1;1;1;0;1;8;7
11;1101;12;1;6;1;0;0;0;3;7
18;1801;12;1;8;1;0;0;0;4;2
17;1701;12;1;8;1;0;0;0;3;4
17;1709;12;1;9;1;0;0;0;3;7
17;1701;12;1;9;1;0;0;0;4;2
17;1701;12;1;10;1;0;0;0;8;1
5;0501;12;1;11;2;0;1;1;2;4
10;1001;12;1;11;1;0;2;2;3;7
18;1801;12;1;13;1;0;2;2;3;4
5;0501;12;1;13;2;1;0;1;7;3
18;1801;12;1;15;2;0;0;0;3;4
17;1701;12;1;15;1;0;0;0;3;4
11;1101;12;1;18;1;0;2;2;3;3
17;1701;12;1;18;1;0;2;2;3;4
17;1701;12;1;19;1;0;1;1;3;4
23;2301;12;1;20;1;0;0;0;1;4
17;1709;12;1;20;1;1;0;1;1;4
17;1701;12;1;21;2;0;0;0;3;4
17;1701;12;1;22;1;0;1;1;8;3
17;1701;12;1;23;1;0;1;1;1;4
17;1701;12;1;23;2;0;0;0;3;1
18;1801;12;2;0;1;0;0;0;4;1
11;1101;12;2;0;1;0;1;1;3;1
18;1801;12;2;1;1;0;1;1;1;3
17;1701;12;2;1;1;1;0;1;7;4
13;1301;12;2;1;1;0;0;0;4;3
11;1101;12;2;3;1;0;1;1;7;3
17;1701;12;2;4;1;0;1;1;7;3
23;2301;12;2;8;1;0;1;1;3;4
17;1709;12;2;9;1;0;1;1;3;7
17;1701;12;2;10;1;0;1;1;3;4
18;1801;12;2;10;1;0;2;2;3;3
17;1709;12;2;11;1;0;0;0;1;4
18;1801;12;2;11;1;0;0;0;3;1
23;2301;12;2;11;1;0;0;0;7;4
17;1701;12;2;12;1;0;0;0;3;4
7;0701;12;2;15;1;0;2;2;3;3
18;1801;12;2;16;1;0;1;1;1;3
23;2301;12;2;16;1;0;1;1;3;4
10;1001;12;2;16;2;0;0;0;4;3
17;1701;12;2;20;1;0;0;0;8;3
18;1801;12;2;21;1;0;1;1;1;4
17;1701;12;2;21;1;0;1;1;8;3
11;1101;12;2;21;1;0;0;0;3;7
18;1801;12;2;22;2;0;0;0;7;3
17;1701;12;2;22;1;0;0;0;8;3
17;1701;12;2;23;1;0;0;0;1;5
17;1701;12;3;1;2;0;1;1;7;4
9;0907;12;3;2;1;0;0;0;4;3
17;1701;12;3;3;1;0;1;1;7;2
18;1801;12;3;5;1;0;1;1;7;3
5;0501;12;3;5;1;0;0;0;7;3
17;1701;12;3;7;1;0;0;0;3;7
17;1709;12;3;8;1;0;0;0;4;2
17;1701;12;3;9;2;0;0;0;3;1
23;2301;12;3;9;1;0;0;0;7;10
23;2301;12;3;12;1;0;0;0;6;3
17;1701;12;3;14;1;0;0;0;7;8
17;1701;12;3;15;1;0;0;0;3;7
17;1701;12;3;15;1;0;1;1;3;1
17;1701;12;3;16;1;0;0;0;1;5
17;1701;12;3;16;2;0;1;1;3;7
23;2301;12;3;18;2;0;0;0;6;1
17;1701;12;3;19;1;0;1;1;8;2
17;1701;12;3;19;1;0;0;0;4;3
17;1701;12;3;19;2;0;1;1;1;4
12;1205;12;3;19;1;0;0;0;3;4
18;1801;12;3;20;1;0;0;0;3;3
12;1212;12;3;20;1;0;1;1;3;8
23;2301;12;3;21;1;0;1;1;3;7
17;1701;12;3;23;1;0;0;0;4;3
23;2301;12;4;4;1;0;0;0;4;3
8;0807;12;4;5;2;1;0;1;4;3
1;0101;12;4;6;1;0;3;3;7;1
11;1101;12;4;7;1;0;1;1;3;7
17;1701;12;4;7;1;0;0;0;8;7
1;0101;12;4;8;1;0;1;1;3;4
17;1701;12;4;8;1;0;1;1;3;2
23;2301;12;4;9;1;0;1;1;3;4
17;1701;12;4;10;2;0;1;1;3;4
17;1701;12;4;14;1;0;0;0;3;3
13;1308;12;4;15;1;0;1;1;3;4
1;0101;12;4;15;1;3;0;3;7;1
23;2301;12;4;16;1;0;1;1;5;4
17;1701;12;4;16;1;0;0;0;4;1
23;2301;12;4;17;2;0;0;0;4;3
17;1701;12;4;18;1;0;1;1;1;5
17;1701;12;4;18;1;0;0;0;8;1
11;1101;12;4;19;2;0;0;0;1;1
5;0501;12;4;19;1;0;1;1;4;3
18;1801;12;4;20;1;0;0;0;4;3
17;1701;12;4;20;1;0;2;2;3;7
1;0101;12;4;22;1;0;0;0;5;1
17;1701;12;4;23;1;0;0;0;4;7
17;1701;12;5;0;1;0;0;0;8;5
18;1801;12;5;2;1;0;0;0;4;1
11;1101;12;5;3;1;0;0;0;4;3
18;1801;12;5;6;1;0;0;0;4;2
17;1701;12;5;6;1;0;0;0;4;7
17;1701;12;5;8;1;0;1;1;2;4
18;1801;12;5;10;2;0;0;0;4;3
9;0907;12;5;10;1;1;2;3;3;4
17;1701;12;5;11;1;1;0;1;1;5
17;1701;12;5;11;1;0;0;0;8;4
23;2301;12;5;13;1;0;0;0;3;3
18;1801;12;5;15;1;0;0;0;4;3
18;1801;12;5;18;2;0;2;2;1;3
17;1701;12;5;19;1;0;1;1;7;4
17;1701;12;5;20;1;1;0;1;3;3
18;1801;12;5;20;2;0;3;3;3;4
5;0501;12;5;21;1;0;1;1;3;4
18;1801;12;5;22;1;0;0;0;3;2
18;1801;12;5;22;1;0;1;1;1;5
17;1701;12;5;22;1;0;0;0;7;8
17;1701;12;5;23;1;0;0;0;4;1
17;1701;12;5;23;1;0;0;0;3;8
17;1701;12;6;0;2;0;0;0;4;4
17;1701;12;6;0;1;0;0;0;4;1
17;1701;12;6;1;1;0;0;0;3;7
17;1701;12;6;2;2;1;0;1;8;7
11;1101;12;6;3;1;0;0;0;4;4
17;1701;12;6;3;2;0;0;0;4;4
17;1701;12;6;4;1;0;0;0;7;3
11;1101;12;6;4;1;0;0;0;4;4
10;1001;12;6;4;1;0;2;2;3;7
17;1701;12;6;5;1;0;0;0;4;8
17;1701;12;6;5;2;0;1;1;8;2
17;1701;12;6;12;1;0;0;0;3;2
23;2301;12;6;12;2;0;1;1;3;4
17;1701;12;6;15;1;0;2;2;3;4
5;0501;12;6;17;1;0;0;0;3;3
5;0501;12;6;17;1;0;0;0;3;3
5;0501;12;6;17;1;0;0;0;3;4
18;1801;12;6;18;1;0;0;0;5;2
18;1801;12;6;19;1;0;0;0;3;3
17;1701;12;6;19;1;1;0;1;4;3
12;1205;12;6;19;1;0;1;1;3;4
18;1809;12;6;19;2;0;1;1;1;3
7;0701;12;6;20;1;0;2;2;3;1
17;1701;12;6;21;2;0;1;1;7;8
17;1701;12;6;21;1;0;0;0;5;1
23;2301;12;6;21;1;0;0;0;3;3
12;1205;12;6;21;1;0;0;0;7;4
17;1701;12;6;22;1;0;0;0;4;8
18;1801;12;7;1;1;0;1;1;7;3
17;1701;12;7;2;2;0;0;0;8;1
5;0501;12;7;6;2;0;0;0;4;3
17;1701;12;7;6;1;0;1;1;8;1
23;2301;12;7;7;1;0;0;0;3;8
23;2301;12;7;10;1;0;1;1;1;5
17;1701;12;7;11;1;0;0;0;3;8
17;1701;12;7;12;1;0;0;0;1;4
17;1701;12;7;13;1;0;1;1;1;4
17;1701;12;7;14;2;0;0;0;7;3
17;1701;12;7;14;1;0;1;1;8;3
10;1003;12;7;15;1;0;0;0;4;4
5;0501;12;7;16;2;0;0;0;4;8
17;1701;12;7;16;1;0;1;1;8;8
23;2301;12;7;18;1;0;0;0;3;8
17;1701;12;7;19;1;0;0;0;4;2
23;2301;12;7;20;1;0;1;1;1;4
17;1701;12;7;20;1;0;1;1;8;5
17;1701;12;1;0;1;0;1;1;8;8
17;1701;12;1;0;2;0;0;0;4;8
18;1801;12;1;6;2;0;0;0;4;4
17;1701;12;1;7;2;0;0;0;4;2
23;2301;12;1;10;1;0;0;0;3;7
17;1701;12;1;14;1;0;1;1;8;8
17;1701;12;1;15;1;0;1;1;8;3
11;1101;12;1;15;2;1;8;9;3;2
18;1801;12;1;16;2;0;1;1;1;3
17;1701;12;1;16;2;0;0;0;4;3
17;1701;12;1;16;1;0;0;0;3;8
18;1801;12;1;17;2;0;0;0;3;4
17;1701;12;1;17;1;0;0;0;3;4
17;1701;12;1;21;1;0;0;0;5;3
11;1101;12;2;1;1;0;0;0;4;1
18;1801;12;2;6;1;0;0;0;4;1
18;1804;12;2;8;2;0;2;2;3;3
17;1701;12;2;10;1;0;0;0;3;8
18;1801;12;2;10;1;0;0;0;3;1
17;1701;12;2;11;1;0;3;3;3;4
6;0601;12;2;12;1;1;0;1;1;5
17;1701;12;2;13;1;0;1;1;1;5
9;0907;12;2;13;1;0;1;1;4;4
17;1701;12;2;13;1;0;1;1;1;5
17;1701;12;2;13;2;0;5;5;3;3
10;1001;12;2;15;1;0;0;0;3;7
17;1701;12;2;15;2;0;0;0;3;1
18;1801;12;2;15;2;1;0;1;1;3
17;1701;12;2;17;2;0;0;0;3;1
1;0101;12;2;18;1;0;1;1;4;10
1;0101;12;2;18;1;0;1;1;3;9
17;1701;12;2;19;1;0;0;0;3;1
17;1701;12;2;19;2;0;0;0;4;3
23;2301;12;2;19;1;0;0;0;1;4
12;1201;12;2;21;1;0;0;0;1;4
23;2301;12;2;21;1;0;0;0;3;7
17;1701;12;2;22;1;0;1;1;7;3
12;1205;12;2;22;1;0;2;2;3;7
17;1701;12;2;22;1;0;1;1;1;5
17;1701;12;2;23;1;0;2;2;8;1
17;1701;12;2;23;1;0;0;0;3;7
6;0601;12;2;23;1;0;0;0;1;3
8;0801;12;7;16;1;0;0;0;3;4
8;0801;12;1;20;1;1;0;1;7;4
8;0801;12;2;15;1;0;1;1;3;4
8;0801;12;4;9;1;0;0;0;3;4
8;0801;12;4;15;1;0;1;1;3;4
9;0901;12;7;1;1;0;0;0;4;3
9;0901;12;7;2;1;0;1;1;7;3
9;0901;12;7;4;1;0;1;1;3;7
9;0901;12;7;5;1;0;2;2;4;3
9;0901;12;7;6;1;0;1;1;3;3
9;0901;12;7;7;1;0;1;1;7;1
9;0901;12;7;9;1;0;1;1;3;3
9;0901;12;7;10;1;0;0;0;4;3
9;0901;12;7;12;1;0;1;1;3;3
9;0901;12;7;14;1;0;2;2;3;1
9;0901;12;7;14;1;0;1;1;1;5
9;0901;12;7;15;1;0;1;1;3;7
9;0901;12;7;16;1;0;1;1;1;5
9;0901;12;7;18;1;0;3;3;3;3
9;0901;12;7;19;1;0;0;0;7;3
9;0901;12;7;19;1;0;0;0;3;7
9;0916;12;7;21;1;0;4;4;4;3
9;0901;12;1;0;1;0;1;1;7;3
9;0901;12;1;0;1;0;0;0;4;3
9;0901;12;1;9;1;0;2;2;1;3
9;0901;12;1;13;1;0;1;1;3;3
9;0901;12;1;13;1;0;1;1;3;3
9;0901;12;1;14;1;0;0;0;3;3
9;0901;12;1;17;1;0;0;0;3;3
9;0901;12;1;17;1;0;0;0;3;3
9;0901;12;2;2;1;1;0;1;1;3
9;0901;12;2;9;1;0;0;0;3;7
9;0901;12;2;10;1;0;0;0;3;4
9;0901;12;2;13;1;0;0;0;4;4
9;0901;12;2;14;1;0;3;3;3;7
9;0901;12;2;15;1;1;0;1;7;3
9;0901;12;2;16;1;0;1;1;6;3
9;0901;12;2;17;1;0;1;1;1;3
9;0901;12;2;19;1;0;1;1;5;3
9;0901;12;2;23;1;1;0;1;1;10
9;0901;12;3;1;1;0;0;0;7;3
9;0901;12;3;5;1;0;0;0;4;3
9;0901;12;3;8;1;0;2;2;3;2
9;0901;12;3;11;1;0;1;1;3;3
9;0901;12;3;12;1;0;1;1;3;3
9;0901;12;3;13;1;0;1;1;3;3
9;0901;12;3;14;1;0;2;2;3;4
9;0901;12;3;14;1;0;1;1;3;7
9;0901;12;3;16;1;0;1;1;5;4
9;0901;12;3;17;1;0;1;1;1;3
9;0901;12;3;18;1;0;1;1;1;3
9;0901;12;3;22;1;1;1;2;3;4
9;0901;12;4;1;1;0;0;0;4;3
9;0901;12;4;6;1;0;1;1;1;5
9;0901;12;4;6;1;0;2;2;1;5
9;0901;12;4;8;1;0;3;3;3;3
9;0901;12;4;8;1;0;1;1;3;7
9;0901;12;4;9;1;0;1;1;3;2
9;0901;12;4;9;1;0;2;2;7;3
9;0901;12;4;9;1;0;2;2;1;4
9;0901;12;4;11;1;0;0;0;3;3
9;0901;12;4;14;1;0;2;2;7;3
9;0901;12;4;16;1;0;0;0;4;3
9;0901;12;4;17;1;0;3;3;3;3
9;0901;12;4;17;1;0;4;4;3;3
9;0901;12;4;18;1;0;1;1;1;3
9;0901;12;4;20;1;0;1;1;1;3
9;0901;12;5;6;1;0;0;0;7;3
9;0901;12;5;6;1;0;0;0;3;3
9;0901;12;5;9;1;0;0;0;3;3
9;0901;12;5;11;1;0;2;2;3;4
9;0901;12;5;15;1;0;2;2;3;7
9;0901;12;5;16;1;0;3;3;1;4
9;0916;12;5;16;1;0;2;2;3;2
9;0901;12;5;21;1;0;1;1;1;5
9;0901;12;5;22;1;0;0;0;3;7
9;0901;12;6;1;1;0;1;1;7;3
9;0901;12;6;2;1;1;2;3;3;7
9;0901;12;6;2;1;0;0;0;4;1
9;0901;12;6;2;1;0;1;1;7;3
9;0901;12;6;2;1;0;0;0;7;3
9;0916;12;6;2;1;0;1;1;7;3
9;0901;12;6;4;1;0;1;1;3;7
9;0901;12;6;5;1;0;1;1;3;3
9;0901;12;6;7;1;0;1;1;1;8
9;0901;12;6;13;1;0;1;1;1;3
9;0901;12;6;13;1;0;1;1;1;3
9;0906;12;6;14;1;0;2;2;1;3
9;0901;12;6;14;1;0;1;1;3;7
9;0901;12;6;16;1;0;1;1;1;3
9;0901;12;6;16;1;0;1;1;1;7
9;0901;12;6;17;1;0;1;1;1;3
9;0901;12;6;18;1;0;1;1;1;3
9;0901;12;6;18;1;0;2;2;7;3
9;0901;12;6;19;1;0;1;1;6;3
9;0901;12;6;20;1;0;1;1;2;3
9;0901;12;6;21;1;0;3;3;3;3
9;0901;12;6;23;1;0;0;0;3;7
9;0901;12;6;23;1;0;1;1;3;3
9;0901;12;7;0;1;0;1;1;3;7
9;0901;12;7;0;1;0;1;1;4;3
9;0901;12;7;0;1;0;1;1;3;3
9;0901;12;7;0;1;0;0;0;4;3
9;0901;12;7;1;1;0;0;0;4;1
9;0901;12;7;1;1;0;0;0;3;7
9;0901;12;7;2;1;0;0;0;7;3
9;0901;12;7;3;1;0;1;1;3;7
9;0901;12;7;6;1;0;1;1;3;3
9;0901;12;7;11;1;0;1;1;7;3
9;0901;12;7;12;1;0;1;1;3;7
9;0901;12;7;13;1;1;1;2;3;3
9;0901;12;7;19;1;0;0;0;3;3
9;0901;12;7;19;1;0;1;1;3;3
9;0901;12;7;19;1;0;2;2;3;7
9;0901;12;7;21;1;0;1;1;7;3
9;0901;12;7;22;1;0;0;0;4;3
9;0901;12;7;23;1;0;1;1;2;3
9;0901;12;1;1;1;0;2;2;7;4
9;0901;12;1;3;1;1;2;3;4;3
9;0901;12;1;4;1;0;2;2;7;3
9;0901;12;1;8;1;0;2;2;1;3
9;0901;12;1;12;1;0;0;0;4;3
9;0901;12;1;14;1;0;1;1;7;6
9;0901;12;1;16;1;0;0;0;3;4
9;0901;12;1;21;1;0;0;0;7;3
9;0901;12;1;23;1;0;0;0;7;3
9;0901;12;2;7;1;0;1;1;7;3
9;0901;12;2;8;1;0;0;0;3;3
9;0901;12;2;8;1;0;1;1;7;3
9;0901;12;2;8;1;0;1;1;1;3
9;0901;12;2;8;1;0;1;1;3;3
9;0901;12;2;12;1;0;1;1;1;4
9;0901;12;2;12;1;0;1;1;3;7
9;0901;12;2;15;1;0;2;2;4;3
9;0901;12;2;16;1;0;1;1;7;3
9;0901;12;2;17;1;0;0;0;7;4
9;0901;12;2;18;1;0;1;1;1;4
9;0906;12;3;4;1;0;2;2;8;3
9;0901;12;3;6;1;1;0;1;5;4
9;0901;12;3;7;1;0;1;1;3;4
9;0901;12;3;7;1;0;1;1;7;3
9;0901;12;3;8;1;0;1;1;7;6
9;0901;12;3;8;1;0;1;1;3;4
9;0901;12;3;9;1;0;1;1;3;3
9;0901;12;3;11;1;0;1;1;3;2
9;0901;12;3;14;1;0;0;0;3;3
9;0901;12;3;15;1;0;1;1;1;3
9;0916;12;3;17;1;0;2;2;3;3
9;0901;12;3;19;1;0;1;1;1;3
9;0901;12;3;19;1;0;1;1;1;3
9;0901;12;3;21;1;0;1;1;7;3
9;0901;12;3;22;1;0;2;2;3;4
9;0901;12;3;23;1;0;2;2;1;3
9;0901;12;4;7;1;0;1;1;7;3
9;0901;12;4;8;1;0;0;0;3;4
9;0906;12;4;8;1;0;3;3;3;3
9;0901;12;4;12;1;0;1;1;3;3
9;0901;12;4;15;1;0;1;1;1;5
9;0901;12;4;18;1;0;1;1;1;3
9;0901;12;4;19;1;0;2;2;3;1
9;0901;12;4;21;1;0;1;1;3;1
9;0901;12;5;1;1;0;1;1;4;3
9;0901;12;5;2;1;0;1;1;3;3
9;0901;12;5;2;1;0;1;1;7;3
9;0901;12;5;5;1;0;0;0;4;3
9;0901;12;5;7;1;0;1;1;3;3
9;0901;12;5;15;1;0;1;1;2;3
9;0901;12;5;15;1;0;1;1;7;3
9;0901;12;5;19;1;0;1;1;3;3
9;0901;12;5;20;1;0;1;1;1;1
9;0901;12;5;20;1;0;0;0;4;3
9;0906;12;5;20;1;0;1;1;7;8
9;0901;12;5;21;1;0;2;2;7;3
9;0901;12;5;22;1;0;2;2;5;4
9;0901;12;5;23;1;0;1;1;4;1
9;0901;12;5;23;1;0;1;1;1;3
9;0901;12;6;2;1;0;1;1;3;1
9;0901;12;6;3;1;0;1;1;4;3
9;0901;12;6;3;1;0;0;0;4;3
9;0901;12;6;3;1;0;0;0;4;3
9;0901;12;6;4;1;0;0;0;4;3
9;0901;12;6;6;1;0;1;1;3;3
9;0901;12;6;6;1;0;2;2;3;3
9;0901;12;6;7;1;0;1;1;3;3
9;0901;12;6;7;1;0;1;1;4;3
9;0901;12;6;11;1;0;1;1;3;3
9;0901;12;6;15;1;0;1;1;3;3
9;0901;12;6;16;1;0;1;1;3;4
9;0901;12;6;16;1;0;1;1;3;3
9;0901;12;6;17;1;0;0;0;3;3
9;0901;12;6;19;1;0;1;1;1;4
9;0901;12;6;20;1;0;1;1;3;3
9;0901;12;6;22;1;0;0;0;4;3
9;0901;12;7;0;1;0;1;1;1;3
9;0901;12;7;1;1;0;2;2;3;7
9;0901;12;7;2;1;0;0;0;3;3
9;0901;12;7;3;1;1;0;1;4;1
9;0901;12;7;3;1;0;0;0;7;3
9;0901;12;7;3;1;0;2;2;4;1
9;0901;12;7;3;1;0;1;1;7;3
9;0916;12;7;4;1;1;0;1;7;10
9;0901;12;7;9;1;0;0;0;4;1
9;0901;12;7;17;1;0;0;0;7;3
9;0901;12;7;22;1;0;2;2;3;3
9;0901;12;1;0;1;0;0;0;5;3
9;0901;12;1;8;1;0;1;1;1;5
9;0901;12;1;8;1;1;0;1;3;4
9;0901;12;1;9;1;0;1;1;3;4
9;0901;12;1;14;1;0;1;1;3;7
9;0901;12;1;15;1;0;1;1;3;3
9;0901;12;1;17;1;0;2;2;7;3
9;0901;12;1;18;1;0;0;0;3;3
9;0901;12;1;21;1;0;0;0;3;3
9;0901;12;1;22;1;0;1;1;1;5
9;0901;12;1;23;1;0;0;0;3;3
9;0901;12;2;7;1;0;1;1;1;3
9;0901;12;2;9;1;0;2;2;3;3
9;0901;12;2;12;1;0;1;1;3;4
9;0901;12;2;13;1;0;1;1;3;7
9;0901;12;2;14;1;0;1;1;3;3
9;0901;12;2;17;1;0;0;0;7;10
9;0901;12;2;20;1;0;1;1;1;3
9;0901;12;2;21;1;0;1;1;7;3
9;0901;12;2;22;1;0;1;1;6;3
9;0901;12;2;23;1;0;2;2;3;3
9;0916;12;2;23;1;0;1;1;7;3
9;0901;12;3;4;1;0;0;0;7;3
9;0901;12;3;9;1;0;0;0;3;3
9;0901;12;3;12;1;1;0;1;3;7
9;0901;12;3;13;1;0;0;0;3;3
9;0901;12;3;14;1;0;1;1;6;3
9;0901;12;3;19;1;0;1;1;1;5
9;0901;12;4;1;1;0;0;0;4;3
9;0901;12;4;3;1;0;1;1;3;2
9;0901;12;4;6;1;0;1;1;7;9
9;0901;12;4;9;1;0;1;1;1;3
9;0901;12;4;9;1;0;1;1;3;7
9;0901;12;4;10;1;0;2;2;3;7
9;0901;12;4;11;1;0;1;1;3;7
9;0901;12;4;12;1;0;0;0;7;3
9;0901;12;4;13;1;0;0;0;4;4
9;0901;12;4;14;1;0;1;1;3;7
9;0901;12;4;14;1;0;2;2;3;4
9;0901;12;4;14;1;0;1;1;1;3
9;0901;12;4;18;1;0;2;2;3;7
9;0901;12;4;22;1;0;0;0;7;3
9;0901;12;4;23;1;0;0;0;3;3
9;0901;12;4;23;1;1;0;1;3;10
9;0901;12;5;1;1;1;0;1;7;3
9;0901;12;5;4;1;0;0;0;7;3
9;0901;12;5;5;1;0;1;1;7;3
9;0901;12;5;6;1;0;2;2;7;3
9;0901;12;5;8;1;0;1;1;3;3
9;0901;12;5;11;1;0;0;0;7;3
9;0901;12;5;15;1;0;1;1;3;7
9;0901;12;5;15;1;0;1;1;3;4
9;0901;12;5;15;1;0;1;1;5;4
9;0901;12;5;17;1;0;2;2;1;5
9;0901;12;5;18;1;0;1;1;3;7
9;0901;12;5;19;1;0;1;1;7;3
9;0901;12;5;21;1;0;1;1;1;3
9;0901;12;5;23;1;0;0;0;4;1
9;0901;12;5;23;1;0;0;0;3;3
9;0901;12;6;0;1;0;1;1;3;7
9;0901;12;6;1;1;0;0;0;7;1
9;0916;12;6;1;1;0;0;0;3;3
9;0901;12;6;2;1;0;0;0;4;1
9;0901;12;6;2;1;0;2;2;3;7
9;0901;12;6;4;1;0;0;0;7;3
9;0901;12;6;4;1;0;1;1;1;4
9;0901;12;6;6;1;1;0;1;7;3
9;0901;12;6;7;1;0;1;1;3;3
9;0901;12;6;8;1;0;1;1;1;3
9;0901;12;6;10;1;0;1;1;3;3
9;0901;12;6;15;1;0;1;1;5;3
9;0901;12;6;15;1;0;1;1;1;3
9;0901;12;6;17;1;0;1;1;1;3
9;0901;12;6;19;1;0;1;1;1;3
9;0901;12;6;20;1;0;1;1;1;1
9;0901;12;6;20;1;0;1;1;1;3
9;0901;12;6;21;1;0;1;1;7;6
9;0901;12;6;22;1;0;2;2;3;3
9;0901;12;6;23;1;0;1;1;1;3
9;0901;12;6;23;1;0;0;0;7;3
9;0901;12;6;23;1;0;0;0;7;3
9;0901;12;7;0;1;1;0;1;3;7
9;0901;12;7;1;1;0;1;1;3;1
9;0901;12;7;2;1;0;1;1;5;1
9;0901;12;7;2;1;0;1;1;3;3
9;0901;12;7;3;1;0;1;1;6;3
9;0901;12;7;6;1;1;0;1;7;3
9;0901;12;7;7;1;0;2;2;7;3
9;0916;12;7;7;1;1;2;3;3;3
9;0901;12;7;8;1;0;2;2;5;2
9;0901;12;7;9;1;1;0;1;7;3
9;0901;12;7;11;1;0;1;1;5;4
9;0901;12;7;13;1;0;1;1;3;4
9;0901;12;7;15;1;0;1;1;1;3
9;0901;12;7;16;1;0;1;1;3;3
9;0901;12;7;18;1;0;0;0;4;3
9;0901;12;7;19;1;0;1;1;5;3
9;0901;12;7;20;1;0;1;1;1;3
9;0901;12;7;20;1;0;0;0;4;3
9;0901;12;7;21;1;0;0;0;4;3
9;0901;12;7;23;1;0;0;0;3;4
9;0901;12;1;0;1;1;1;2;7;3
9;0901;12;1;6;1;0;1;1;7;3
9;0901;12;1;7;1;0;0;0;3;1
9;0901;12;1;8;1;0;1;1;1;1
9;0901;12;1;9;1;0;1;1;1;10
9;0901;12;1;15;1;0;1;1;3;6
9;0901;12;1;17;1;0;1;1;2;10
9;0901;12;1;18;1;0;0;0;4;4
9;0901;12;1;18;1;0;2;2;5;4
9;0906;12;1;19;1;0;1;1;3;7
9;0901;12;1;20;1;1;0;1;7;3
9;0901;12;2;0;1;0;2;2;1;3
9;0901;12;2;0;1;0;1;1;3;7
9;0901;12;2;1;1;0;1;1;1;3
9;0901;12;2;1;1;0;0;0;4;1
9;0901;12;2;2;1;0;0;0;3;3
9;0901;12;2;3;1;0;0;0;1;3
9;0916;12;2;4;1;1;0;1;7;3
9;0901;12;2;5;1;0;1;1;7;4
9;0916;12;2;7;1;0;0;0;3;3
9;0901;12;2;8;1;1;0;1;3;7
9;0901;12;2;9;1;0;0;0;3;4
9;0901;12;2;9;1;0;1;1;5;4
9;0916;12;2;10;1;0;0;0;7;3
9;0901;12;2;12;1;0;1;1;7;9
9;0901;12;2;14;1;0;1;1;1;3
9;0901;12;2;15;1;0;3;3;3;3
9;0901;12;2;16;1;0;2;2;3;7
9;0901;12;2;20;1;0;3;3;3;7
9;0901;12;2;20;1;0;1;1;1;3
9;0901;12;3;0;1;0;0;0;3;4
9;0901;12;3;5;1;0;2;2;6;3
9;0901;12;3;6;1;0;1;1;1;1
9;0901;12;3;8;1;0;0;0;7;3
9;0901;12;3;15;1;0;1;1;7;1
9;0901;12;3;16;1;0;1;1;7;3
9;0901;12;3;16;1;0;1;1;4;4
9;0901;12;3;17;1;0;4;4;7;3
9;0901;12;3;18;1;0;1;1;1;3
9;0901;12;3;19;1;0;0;0;7;3
9;0901;12;3;20;1;0;3;3;3;3
9;0901;12;3;20;1;1;0;1;1;3
9;0901;12;3;20;1;0;0;0;3;3
9;0901;12;3;20;1;0;0;0;4;3
9;0901;12;3;21;1;0;4;4;3;3
9;0901;12;4;0;1;0;0;0;4;4
9;0901;12;4;1;1;0;0;0;4;3
9;0901;12;4;5;1;0;0;0;7;8
9;0901;12;4;7;1;0;1;1;7;3
9;0901;12;4;7;1;0;0;0;6;3
9;0901;12;4;9;1;0;2;2;1;3
9;0901;12;4;13;1;0;1;1;3;3
9;0901;12;4;18;1;0;0;0;7;3
9;0901;12;4;23;1;1;0;1;4;3
9;0901;12;4;23;1;0;1;1;1;4
9;0901;12;5;5;1;0;1;1;6;3
9;0901;12;5;5;1;0;0;0;7;3
9;0901;12;5;5;1;0;0;0;7;3
9;0901;12;5;5;1;0;1;1;7;3
9;0901;12;5;11;1;0;0;0;3;3
9;0901;12;5;12;1;0;0;0;5;3
9;0901;12;5;12;1;0;1;1;1;3
9;0901;12;5;13;1;0;2;2;1;3
9;0901;12;5;14;1;0;3;3;5;3
9;0901;12;5;16;1;0;2;2;3;7
9;0901;12;5;16;1;0;2;2;3;3
9;0901;12;5;17;1;0;1;1;1;3
9;0901;12;5;19;1;0;1;1;1;3
9;0901;12;5;19;1;1;0;1;1;3
9;0901;12;5;21;1;0;2;2;7;3
9;0901;12;6;1;1;0;0;0;3;7
9;0901;12;6;1;1;0;1;1;3;3
9;0901;12;6;2;1;0;1;1;4;1
9;0901;12;6;4;1;0;0;0;4;3
9;0901;12;6;8;1;0;1;1;6;3
9;0901;12;6;8;1;0;1;1;3;3
9;0906;12;6;12;1;0;3;3;3;3
9;0901;12;6;15;1;0;1;1;7;3
9;0901;12;6;19;1;0;2;2;1;5
9;0901;12;6;21;1;0;2;2;3;7
9;0916;12;6;21;1;0;1;1;7;3
9;0907;12;6;21;1;0;6;6;3;7
9;0901;12;6;22;1;0;0;0;3;1
9;0901;12;7;0;1;0;2;2;1;3
9;0901;12;7;0;1;0;1;1;4;3
9;0901;12;7;0;1;0;2;2;3;3
9;0901;12;7;1;1;2;0;2;3;3
9;0901;12;7;2;1;0;1;1;7;3
9;0901;12;7;2;1;0;1;1;7;3
9;0901;12;7;2;1;0;1;1;7;3
9;0901;12;7;4;1;0;0;0;7;3
9;0901;12;7;4;1;0;0;0;4;8
9;0906;12;7;4;1;0;1;1;1;3
9;0901;12;7;5;1;1;1;2;3;3
9;0901;12;7;5;1;0;0;0;3;3
9;0901;12;7;6;1;0;0;0;3;3
9;0901;12;7;6;1;0;0;0;3;3
9;0901;12;7;7;1;0;0;0;3;3
9;0901;12;7;7;1;0;0;0;6;8
9;0901;12;7;9;1;0;1;1;7;3
9;0901;12;7;10;1;0;0;0;5;4
9;0901;12;7;13;1;0;2;2;3;4
9;0901;12;7;15;1;0;1;1;3;7
9;0901;12;7;15;1;0;2;2;1;1
9;0901;12;7;15;1;0;1;1;4;10
9;0901;12;7;15;1;0;2;2;3;4
9;0901;12;7;18;1;0;1;1;3;2
9;0901;12;7;21;1;0;1;1;1;1
9;0901;12;7;22;1;0;1;1;1;3
9;0901;12;1;5;1;0;1;1;7;3
9;0901;12;1;6;1;0;3;3;3;3
9;0901;12;1;8;1;0;1;1;1;3
9;0901;12;1;12;1;0;2;2;6;3
9;0901;12;1;15;1;0;1;1;3;3
9;0901;12;1;15;1;0;0;0;3;4
9;0901;12;1;15;1;0;2;2;5;4
9;0901;12;1;17;1;0;1;1;3;2
9;0901;12;1;17;1;1;0;1;5;4
9;0901;12;1;18;1;0;1;1;3;7
9;0901;12;1;20;1;0;7;7;3;3
9;0901;12;1;21;1;0;3;3;3;1
9;0901;12;1;22;1;0;1;1;3;4
9;0901;12;1;23;1;0;5;5;3;3
9;0901;12;2;0;1;1;0;1;1;3
9;0901;12;2;4;1;0;0;0;7;3
9;0901;12;2;6;1;0;1;1;1;3
9;0901;12;2;9;1;1;1;2;4;3
9;0901;12;2;11;1;0;0;0;3;3
9;0901;12;2;15;1;0;1;1;1;3
9;0901;12;2;15;1;0;0;0;3;7
9;0901;12;2;16;1;0;1;1;6;3
9;0901;12;2;17;1;0;1;1;2;3
9;0901;12;2;17;1;0;1;1;6;3
9;0901;12;2;20;1;0;1;1;3;3
9;0901;12;2;20;1;0;1;1;1;3
9;0901;12;2;22;1;0;4;4;3;3
9;0901;12;2;23;1;0;1;1;1;10
9;0907;12;7;1;2;1;0;1;7;4
9;0921;12;7;2;2;1;0;1;7;4
12;1208;12;7;5;1;0;0;0;3;7
9;0906;12;7;6;2;1;0;1;1;4
9;0928;12;7;9;2;1;0;1;7;4
12;1205;12;7;12;2;0;0;0;7;4
9;0909;12;7;12;2;0;2;2;3;7
12;1204;12;7;14;2;0;1;1;3;4
9;0910;12;7;15;2;1;0;1;3;7
12;1212;12;7;17;2;1;0;1;3;4
9;0920;12;7;18;2;0;1;1;7;4
17;1703;12;7;18;2;0;0;0;3;7
12;1201;12;7;18;2;0;2;2;2;5
12;1207;12;7;19;2;0;3;3;3;7
24;2403;12;7;19;1;0;1;1;4;4
12;1210;12;7;19;2;0;2;2;3;7
9;0905;12;7;20;2;0;1;1;5;4
24;2403;12;7;20;1;0;1;1;1;4
9;0920;12;1;1;2;0;1;1;1;4
9;0920;12;1;1;2;1;0;1;3;7
9;0901;12;1;7;2;0;1;1;3;7
7;0702;12;1;7;2;0;4;4;3;7
9;0916;12;1;8;1;0;0;0;3;7
7;0712;12;1;12;2;0;1;1;3;7
13;1301;12;1;14;2;0;0;0;4;4
12;1210;12;1;14;2;1;1;2;3;7
13;1309;12;1;14;2;0;1;1;3;4
9;0908;12;1;15;2;0;2;2;3;7
17;1703;12;1;15;2;0;0;0;3;7
7;0709;12;1;17;2;0;1;1;1;4
12;1203;12;1;18;2;0;2;2;3;4
12;1208;12;1;19;1;0;3;3;3;7
6;0610;12;1;19;2;0;2;2;3;4
9;0907;12;1;20;2;0;1;1;5;4
9;0916;12;1;22;1;0;1;1;6;4
9;0906;12;2;1;2;0;0;0;7;4
12;1205;12;2;5;2;1;0;1;3;7
12;1207;12;2;7;1;0;0;0;7;4
23;2301;12;2;10;2;0;0;0;3;4
17;1703;12;2;10;2;0;0;0;3;4
1;0101;12;2;10;2;0;0;0;7;4
9;0906;12;2;14;2;0;0;0;4;4
24;2401;12;2;19;2;0;1;1;3;4
12;1210;12;2;22;2;0;0;0;7;4
9;0907;12;2;23;2;0;1;1;2;5
12;1208;12;2;23;1;1;0;1;1;4
7;0706;12;2;23;2;0;1;1;3;4
9;0902;12;3;4;2;0;11;11;4;4
12;1204;12;3;5;2;0;2;2;3;7
9;0902;12;3;5;2;1;0;1;3;7
12;1204;12;3;6;2;0;0;0;4;4
9;0906;12;3;7;2;0;0;0;1;4
9;0919;12;3;8;2;0;3;3;3;7
17;1703;12;3;8;2;0;1;1;3;7
17;1703;12;3;14;2;0;0;0;3;4
9;0906;12;3;14;2;0;0;0;3;4
13;1321;12;3;15;2;0;0;0;5;4
7;0701;12;3;16;2;0;1;1;3;7
9;0906;12;3;16;1;0;1;1;1;4
24;2401;12;3;19;2;0;1;1;4;4
24;2403;12;3;22;1;0;0;0;3;7
9;0918;12;4;5;2;0;1;1;7;4
9;0912;12;4;6;2;0;1;1;3;4
13;1306;12;4;7;2;0;2;2;3;4
1;0105;12;4;8;2;0;0;0;3;4
1;0101;12;4;8;2;0;0;0;7;4
13;1310;12;4;10;2;0;2;2;7;4
9;0909;12;4;14;2;0;0;0;7;4
9;0908;12;4;15;2;0;1;1;1;4
1;0101;12;4;15;2;0;1;1;1;4
9;0907;12;4;17;2;0;0;0;3;4
24;2402;12;4;19;1;0;1;1;1;4
9;0901;12;5;0;2;0;4;4;7;4
9;0914;12;5;0;2;1;0;1;1;4
9;0906;12;5;8;2;0;5;5;5;4
24;2402;12;5;9;1;0;2;2;3;7
9;0913;12;5;9;1;0;3;3;3;4
9;0916;12;5;10;1;0;1;1;4;4
17;1703;12;5;15;2;0;0;0;7;4
24;2402;12;5;17;2;0;3;3;3;7
9;0908;12;5;17;2;0;1;1;2;5
9;0912;12;5;17;2;0;2;2;1;4
9;0921;12;5;18;1;0;1;1;2;5
23;2301;12;5;19;2;1;0;1;6;4
13;1309;12;5;20;2;0;0;0;4;4
13;1302;12;5;22;2;0;1;1;3;7
9;0901;12;5;23;2;0;1;1;3;7
9;0906;12;5;23;2;0;0;0;7;4
12;1201;12;5;23;2;1;0;1;3;7
1;0114;12;6;7;2;0;0;0;3;4
13;1309;12;6;8;2;0;2;2;3;4
1;0101;12;6;12;2;0;0;0;7;4
9;0918;12;6;13;2;0;1;1;1;4
17;1703;12;6;14;2;0;0;0;7;4
9;0906;12;6;15;2;0;1;1;3;7
12;1208;12;6;15;1;0;2;2;5;4
9;0921;12;6;17;2;0;0;0;7;4
1;0108;12;6;19;2;0;2;2;3;7
12;1204;12;6;19;2;0;1;1;3;7
9;9004;12;6;19;2;0;1;1;1;4
7;0702;12;6;21;2;0;3;3;3;7
9;0907;12;6;21;2;0;4;4;3;4
2;0206;12;6;21;1;0;2;2;3;7
9;0907;12;6;23;2;0;0;0;3;4
9;0927;12;7;0;2;0;1;1;8;10
2;0206;12;7;2;1;0;0;0;4;4
23;2301;12;7;2;2;1;0;1;7;4
24;2402;12;7;5;1;0;1;1;3;4
17;1703;12;7;6;2;0;0;0;3;7
13;1306;12;7;8;2;0;1;1;7;4
24;2401;12;7;8;1;0;1;1;1;4
1;0101;12;7;10;2;0;0;0;3;4
9;0912;12;7;11;2;0;8;8;3;7
1;0115;12;7;13;2;0;1;1;3;7
13;1309;12;7;16;2;0;1;1;3;7
9;0928;12;7;16;2;0;1;1;6;4
9;0906;12;7;17;1;0;2;2;1;4
9;0906;12;7;17;1;1;1;2;7;4
13;1314;12;7;18;2;0;1;1;3;7
7;0712;12;7;18;2;0;3;3;5;4
9;0920;12;7;18;2;2;0;2;3;4
12;1210;12;7;19;2;0;0;0;3;7
12;1208;12;7;19;2;0;1;1;1;4
9;0911;12;7;19;1;0;3;3;3;7
9;0907;12;7;20;2;0;4;4;5;4
12;1202;12;7;22;2;1;0;1;7;4
23;2302;12;7;22;2;0;1;1;7;4
9;0908;12;7;23;2;1;0;1;4;4
9;0920;12;1;5;2;0;0;0;3;4
13;1313;12;1;10;2;0;1;1;3;7
23;2301;12;1;13;2;0;0;0;3;7
24;2402;12;1;13;1;0;1;1;3;7
24;2403;12;1;14;1;0;1;1;3;7
9;0923;12;1;14;2;0;0;0;7;4
9;0906;12;1;14;2;0;3;3;3;7
13;1301;12;1;15;2;0;2;2;3;4
12;1204;12;1;16;2;0;1;1;3;7
17;1703;12;1;18;2;0;1;1;3;7
12;1201;12;1;19;2;0;1;1;5;4
9;0907;12;1;20;2;0;1;1;3;4
9;0908;12;1;20;1;0;1;1;2;5
24;2402;12;2;3;1;0;2;2;3;7
23;2301;12;2;5;2;1;0;1;3;7
9;0918;12;2;6;2;0;3;3;7;4
12;1207;12;2;13;2;0;1;1;1;4
9;0920;12;2;19;2;0;1;1;3;4
1;0115;12;2;21;2;0;0;0;5;4
24;2402;12;2;22;2;0;3;3;3;7
17;1703;12;3;6;2;0;0;0;3;7
24;2402;12;3;7;1;0;3;3;3;7
9;0914;12;3;7;1;0;1;1;3;7
24;2402;12;3;8;2;0;2;2;3;4
24;2401;12;3;9;2;0;1;1;3;4
12;1208;12;3;10;1;0;2;2;6;4
17;1703;12;3;10;2;0;0;0;6;4
9;0914;12;3;13;2;0;1;1;3;7
24;2401;12;3;15;2;0;2;2;3;7
9;0909;12;3;15;2;0;1;1;7;4
9;0906;12;3;16;2;0;0;0;1;4
24;2401;12;3;17;2;0;3;3;3;7
12;1207;12;3;18;2;1;0;1;1;4
1;0101;12;3;21;2;0;0;0;5;4
9;0901;12;4;1;2;0;1;1;4;4
9;0924;12;4;1;2;0;0;0;7;4
9;0920;12;4;2;2;0;1;1;4;4
9;0902;12;4;4;2;0;0;0;6;4
17;1703;12;4;5;2;0;0;0;4;4
9;0918;12;4;6;2;0;3;3;7;4
9;0906;12;4;6;2;1;0;1;3;7
9;0925;12;4;8;2;1;0;1;4;4
9;0916;12;4;9;2;0;0;0;6;4
12;1208;12;4;13;1;0;1;1;1;4
13;1306;12;4;13;2;0;1;1;3;7
9;0920;12;4;16;2;1;0;1;3;4
9;0922;12;4;17;2;0;2;2;3;7
7;0701;12;4;18;2;0;0;0;3;7
12;1208;12;4;18;1;0;1;1;2;5
9;0906;12;4;18;1;0;2;2;3;7
24;2402;12;4;19;1;0;2;2;3;7
7;0704;12;4;19;2;0;0;0;3;7
1;0105;12;4;23;2;0;0;0;5;4
17;1703;12;4;23;2;0;0;0;3;7
24;2401;12;5;2;2;0;1;1;1;4
2;0207;12;5;7;1;1;1;2;3;7
13;1321;12;5;8;2;1;1;2;3;7
9;0920;12;5;14;2;0;2;2;3;7
9;0916;12;5;15;2;0;2;2;3;7
9;0920;12;5;16;2;0;2;2;3;7
9;0907;12;5;16;2;0;1;1;3;7
13;1312;12;5;17;2;0;3;3;5;4
1;0105;12;5;18;1;0;1;1;2;5
12;1210;12;5;18;2;1;1;2;3;7
13;1306;12;5;19;2;0;1;1;3;7
9;0920;12;5;20;2;1;0;1;3;4
24;2401;12;5;22;2;0;1;1;7;4
1;0108;12;5;23;2;0;2;2;3;7
24;2403;12;6;2;1;0;1;1;2;5
9;0916;12;6;6;2;0;0;0;4;4
9;9004;12;6;6;2;1;0;1;3;4
9;0909;12;6;7;2;0;2;2;7;4
9;0910;12;6;7;2;0;1;1;3;7
9;0907;12;6;7;2;1;0;1;3;4
17;1703;12;6;11;2;0;0;0;6;4
7;0710;12;6;12;2;0;0;0;4;4
23;2301;12;6;12;2;0;0;0;5;4
13;1309;12;6;15;2;0;0;0;3;4
9;0920;12;6;15;2;0;3;3;3;4
9;0906;12;6;15;1;0;1;1;1;4
12;1212;12;6;18;2;0;2;2;5;4
1;0103;12;6;18;2;0;1;1;3;4
9;0907;12;6;19;2;2;1;3;3;7
12;1204;12;6;19;2;0;1;1;1;4
9;0916;12;6;19;1;0;1;1;3;4
9;0916;12;6;19;1;0;1;1;3;4
13;1301;12;6;21;2;1;0;1;1;4
9;0907;12;6;22;2;0;1;1;1;4
9;0907;12;6;22;2;0;1;1;1;4
24;2403;12;7;0;1;0;0;0;3;7
24;2403;12;7;0;2;0;0;0;7;4
9;0902;12;7;1;2;0;0;0;3;4
13;1306;12;7;3;2;0;2;2;7;4
9;0916;12;7;3;1;0;1;1;3;4
9;0916;12;7;3;1;0;2;2;3;4
9;0916;12;7;4;2;0;0;0;7;4
12;1207;12;7;10;1;0;1;1;8;10
24;2401;12;7;11;1;0;3;3;3;7
17;1703;12;7;13;2;0;0;0;3;4
12;1207;12;7;14;2;0;3;3;3;7
9;0916;12;7;14;1;0;0;0;3;7
12;1203;12;7;16;2;0;1;1;1;4
24;2401;12;7;17;2;1;0;1;3;7
9;0918;12;7;19;2;1;0;1;1;4
13;1301;12;7;19;2;0;0;0;3;7
9;0916;12;7;19;2;0;0;0;5;4
9;0919;12;7;19;2;0;4;4;1;4
9;0912;12;7;20;2;0;1;1;7;4
7;0713;12;7;21;2;0;0;0;5;4
9;0922;12;7;23;1;0;1;1;2;5
9;0922;12;1;4;1;0;2;2;2;5
1;0101;12;1;6;2;0;1;1;1;4
7;0702;12;1;8;2;1;0;1;3;7
24;2402;12;1;8;1;0;1;1;8;10
1;0108;12;1;14;2;0;3;3;7;4
13;1310;12;1;16;2;0;3;3;7;4
24;2403;12;1;16;1;0;0;0;4;4
9;9004;12;1;17;2;0;1;1;8;10
9;0925;12;1;19;2;0;1;1;1;4
1;0101;12;1;19;2;0;1;1;3;7
7;0706;12;1;20;2;0;1;1;7;4
24;2402;12;1;22;1;0;1;1;3;7
12;1210;12;1;22;2;0;2;2;3;7
23;2301;12;2;4;2;1;0;1;1;4
9;0906;12;2;5;2;2;0;2;3;7
24;2402;12;2;8;2;0;1;1;2;5
9;0912;12;2;14;2;0;1;1;3;7
1;0101;12;2;15;2;0;1;1;3;7
9;0922;12;2;17;2;0;1;1;8;10
9;0920;12;2;18;2;0;0;0;3;4
12;1210;12;2;19;2;0;0;0;5;4
9;0916;12;2;20;1;0;0;0;4;4
9;0907;12;2;23;2;0;1;1;3;4
7;0712;12;3;6;2;1;0;1;3;7
17;1703;12;3;8;2;0;0;0;8;10
12;1204;12;3;15;2;0;0;0;3;7
12;1207;12;3;17;2;0;1;1;1;4
9;0901;12;3;21;2;1;0;1;1;4
9;0901;12;3;22;2;0;0;0;4;4
17;1703;12;4;3;2;0;0;0;4;4
12;1208;12;4;7;1;0;2;2;2;5
9;0924;12;4;8;1;0;1;1;6;4
1;0115;12;4;8;2;0;2;2;3;7
7;0706;12;4;10;2;0;0;0;3;7
9;0909;12;4;10;2;0;0;0;7;4
9;0906;12;4;10;2;0;0;0;5;4
24;2402;12;4;12;2;0;2;2;3;7
9;0920;12;4;13;2;0;0;0;3;4
13;1301;12;4;16;2;0;1;1;3;7
12;1207;12;4;17;2;1;0;1;3;7
7;0701;12;4;18;2;0;1;1;6;4
1;0101;12;4;18;2;1;0;1;1;4
13;1301;12;4;21;2;0;1;1;3;7
12;1207;12;5;2;2;0;1;1;3;7
13;1309;12;5;3;2;0;0;0;3;7
9;0916;12;5;4;2;0;0;0;6;4
24;2403;12;5;5;2;0;0;0;4;4
24;2402;12;5;6;1;0;1;1;7;4
7;0701;12;5;7;2;0;2;2;3;7
9;0912;12;5;7;1;0;2;2;5;4
9;0920;12;5;8;2;2;0;2;3;7
24;2401;12;5;8;2;0;1;1;7;4
9;0906;12;5;9;2;0;2;2;3;7
9;0912;12;5;10;1;0;2;2;3;7
13;1321;12;5;10;2;0;2;2;4;4
9;0906;12;5;11;2;0;0;0;7;4
9;0908;12;5;12;1;0;1;1;1;4
9;0911;12;5;12;2;0;1;1;5;4
13;1309;12;5;13;2;0;0;0;5;4
1;0103;12;5;13;2;0;2;2;3;7
9;0910;12;5;14;2;0;1;1;7;4
12;1203;12;5;15;2;1;1;2;3;7
9;0901;12;5;18;2;0;1;1;1;4
9;0911;12;5;18;2;0;1;1;1;4
12;1208;12;5;19;1;0;1;1;7;4
9;0905;12;5;20;2;2;2;4;7;4
9;0910;12;5;21;2;1;0;1;3;4
9;0910;12;5;22;2;0;1;1;7;4
9;0928;12;5;22;2;0;1;1;7;4
12;1204;12;5;23;2;0;3;3;5;4
9;0914;12;5;23;2;0;0;0;4;4
12;1207;12;6;0;2;0;0;0;3;4
23;2301;12;6;0;2;0;0;0;4;4
9;0920;12;6;4;2;1;0;1;3;7
9;0906;12;6;5;2;0;0;0;7;4
23;2301;12;6;6;2;1;0;1;7;4
7;0701;12;6;11;2;0;6;6;3;7
13;1306;12;6;12;2;0;0;0;6;4
12;1207;12;6;12;1;0;1;1;3;7
9;0909;12;6;12;2;0;1;1;3;7
12;1208;12;6;12;1;0;2;2;3;7
9;0906;12;6;13;1;0;2;2;3;7
17;1703;12;6;16;2;0;0;0;7;4
12;1203;12;6;17;2;0;0;0;3;7
9;0921;12;6;17;1;0;1;1;1;4
24;2402;12;6;17;2;0;0;0;3;4
24;2402;12;6;17;1;0;1;1;3;7
12;1201;12;6;18;2;0;1;1;2;5
9;0906;12;6;18;2;0;1;1;7;4
9;0911;12;6;20;2;0;1;1;3;7
9;0911;12;6;20;1;0;0;0;4;4
9;0909;12;6;20;2;0;1;1;7;4
13;1309;12;6;20;2;0;1;1;6;4
13;1301;12;6;20;2;0;0;0;4;4
12;1208;12;6;22;1;1;1;2;3;7
12;1210;12;6;22;2;0;4;4;3;7
7;0709;12;6;22;2;0;0;0;4;4
7;0709;12;6;23;2;0;0;0;3;7
9;0916;12;7;0;2;0;2;2;3;7
17;1703;12;7;1;2;0;0;0;4;4
12;1208;12;7;1;2;0;1;1;7;4
12;1208;12;7;2;1;0;1;1;3;7
24;2403;12;7;2;2;0;1;1;3;7
9;0911;12;7;3;1;0;0;0;3;7
24;2401;12;7;4;2;1;6;7;4;4
9;0925;12;7;4;2;0;2;2;7;4
24;2402;12;7;4;2;0;0;0;7;4
7;0702;12;7;5;2;0;1;1;3;4
9;0909;12;7;6;2;1;0;1;3;4
24;2402;12;7;6;1;1;0;1;7;4
1;0105;12;7;8;2;0;2;2;3;7
9;0922;12;7;12;1;0;2;2;2;5
24;2402;12;7;12;1;2;7;9;3;7
1;0101;12;7;13;2;2;0;2;5;4
12;1208;12;7;14;1;0;2;2;3;7
9;0901;12;7;15;2;0;4;4;3;7
9;0912;12;7;16;2;0;1;1;1;4
9;0906;12;7;16;2;0;2;2;1;4
9;0916;12;7;16;2;0;0;0;4;4
9;0928;12;7;19;2;1;0;1;3;7
9;0913;12;7;19;1;0;2;2;4;4
24;2402;12;7;19;1;0;1;1;3;7
12;1212;12;7;19;2;1;0;1;3;7
24;2402;12;7;19;2;0;1;1;1;4
9;0920;12;1;0;2;0;1;1;7;4
12;1207;12;1;5;2;2;0;2;3;7
9;0916;12;1;6;2;0;1;1;1;4
1;0103;12;1;11;2;0;0;0;3;7
9;0906;12;1;11;2;0;1;1;7;4
12;1205;12;1;14;2;0;1;1;1;4
9;0921;12;1;15;1;0;1;1;1;4
24;2401;12;1;16;1;0;1;1;3;7
9;0909;12;1;17;1;0;1;1;3;7
9;0928;12;1;17;2;0;1;1;4;4
9;0909;12;1;18;1;0;2;2;5;4
13;1306;12;1;20;2;0;1;1;1;4
24;2401;12;1;21;1;0;1;1;3;7
1;0115;12;1;21;2;1;0;1;1;4
9;0907;12;1;23;2;0;2;2;5;4
24;2402;12;1;23;1;0;1;1;3;4
1;0102;12;2;0;2;0;1;1;3;7
9;0909;12;2;1;2;0;1;1;7;4
7;0709;12;2;6;2;1;0;1;1;4
9;0911;12;2;9;2;0;0;0;4;4
17;1703;12;2;11;2;0;1;1;3;7
24;2401;12;2;13;2;0;2;2;7;4
7;0701;12;2;16;2;0;1;1;3;4
9;0911;12;2;16;2;0;2;2;3;7
17;1703;12;2;16;2;0;1;1;1;4
9;0920;12;2;17;2;0;1;1;3;7
2;0206;12;2;18;1;0;1;1;3;4
9;0910;12;2;19;1;0;1;1;7;4
24;2402;12;2;19;2;0;1;1;3;7
24;2403;12;2;19;1;0;1;1;7;4
9;0918;12;2;21;2;0;2;2;1;4
24;2402;12;2;21;1;0;1;1;3;7
17;1703;12;2;21;2;0;0;0;6;4
9;0914;12;2;22;1;0;2;2;1;4
12;1210;12;2;22;2;1;0;1;7;4
12;1207;12;3;1;2;0;1;1;3;7
24;2401;12;3;3;2;0;1;1;7;4
9;0909;12;3;4;2;0;0;0;6;4
9;0901;12;3;5;2;0;0;0;7;4
12;1210;12;3;5;2;1;1;2;3;7
23;2302;12;3;7;2;1;0;1;3;7
24;2402;12;3;8;1;0;1;1;3;7
24;2401;12;3;9;2;0;0;0;7;4
24;2403;12;3;12;2;0;1;1;3;4
2;0207;12;3;15;1;0;1;1;7;4
7;0710;12;3;17;2;0;0;0;3;4
23;2301;12;3;18;2;1;0;1;1;4
9;0905;12;3;19;1;0;1;1;3;7
2;0206;12;3;20;1;0;1;1;7;4
12;1207;12;3;20;1;0;1;1;8;10
9;0904;12;3;20;2;0;1;1;7;4
9;0922;12;3;20;2;0;1;1;7;4
1;0103;12;3;20;2;1;0;1;3;7
9;0912;12;3;22;1;0;1;1;8;10
12;1203;12;3;22;1;1;0;1;3;7
9;0906;12;3;23;2;0;2;2;3;4
9;0904;12;4;5;2;0;0;0;7;4
9;0918;12;4;6;2;0;0;0;3;7
9;0918;12;4;7;2;0;1;1;1;4
17;1703;12;4;7;2;0;0;0;7;4
9;0906;12;4;7;2;0;1;1;3;7
13;1309;12;4;8;2;0;1;1;1;4
1;0115;12;4;8;2;0;0;0;3;4
13;1303;12;4;9;2;0;0;0;7;4
9;0920;12;4;12;2;0;1;1;3;7
9;0911;12;4;14;2;0;2;2;3;7
17;1703;12;4;14;2;0;1;1;5;4
9;0921;12;4;15;1;0;1;1;1;4
9;0910;12;4;16;2;0;1;1;3;7
1;0110;12;4;17;2;0;1;1;1;4
9;0922;12;4;18;2;0;1;1;7;4
9;0912;12;4;19;2;0;1;1;3;4
24;2402;12;4;20;1;0;1;1;1;4
24;2401;12;4;20;2;0;1;1;3;4
12;1204;12;4;23;2;0;0;0;3;7
9;0916;12;5;0;1;0;0;0;4;4
9;0906;12;5;5;2;1;0;1;3;7
9;0907;12;5;13;2;0;0;0;4;4
9;0904;12;5;19;2;0;2;2;3;7
9;0904;12;5;19;2;0;2;2;3;7
7;0701;12;5;20;2;0;0;0;4;4
24;2402;12;5;22;1;0;2;2;3;7
1;0113;12;5;23;2;0;2;2;7;4
24;2401;12;6;0;2;0;0;0;3;7
7;0706;12;6;1;2;1;0;1;3;4
9;0921;12;6;7;2;0;1;1;7;4
13;1301;12;6;9;2;0;4;4;3;7
24;2401;12;6;10;2;0;2;2;5;4
7;0701;12;6;14;2;1;0;1;3;4
23;2301;12;6;16;2;0;2;2;1;4
9;0918;12;6;16;2;1;1;2;3;7
24;2401;12;6;19;2;0;0;0;3;7
1;0103;12;6;20;2;0;0;0;3;7
9;0912;12;6;20;2;1;3;4;5;4
9;0906;12;6;21;2;0;2;2;3;7
7;0704;12;6;22;2;1;0;1;7;4
12;1207;12;6;23;1;0;1;1;3;7
1;0101;12;7;0;2;1;0;1;1;4
9;0906;12;7;0;2;0;0;0;7;4
9;0906;12;7;1;2;0;0;0;3;4
9;0909;12;7;1;2;0;0;0;3;7
9;0916;12;7;1;1;0;1;1;4;4
1;0115;12;7;1;2;0;3;3;3;7
24;2401;12;7;2;2;0;2;2;4;4
24;2401;12;7;4;2;0;1;1;3;7
17;1703;12;7;5;2;0;0;0;7;4
24;2401;12;7;5;2;0;5;5;3;7
12;1204;12;7;5;2;1;0;1;3;7
12;1201;12;7;5;2;0;4;4;3;4
13;1306;12;7;6;2;0;0;0;7;4
9;0907;12;7;6;2;0;1;1;3;4
13;1314;12;7;10;2;0;0;0;6;4
9;9004;12;7;11;2;0;2;2;3;7
9;0901;12;7;14;2;0;2;2;3;4
9;0905;12;7;17;2;0;2;2;3;4
9;0912;12;7;18;1;0;1;1;6;4
9;0916;12;7;18;2;0;0;0;3;4
12;1202;12;7;19;2;0;2;2;3;7
17;1703;12;7;19;2;0;0;0;5;4
13;1313;12;7;19;2;0;1;1;3;7
24;2402;12;7;19;1;0;0;0;3;7
9;0906;12;7;19;1;0;1;1;1;4
7;0712;12;7;20;2;0;1;1;5;4
9;0923;12;7;21;1;0;1;1;6;4
12;1207;12;7;21;2;0;1;1;1;4
12;1205;12;1;8;2;0;5;5;3;7
1;0105;12;1;10;2;0;0;0;3;4
12;1210;12;1;12;2;0;5;5;7;4
1;0101;12;1;12;2;0;2;2;7;4
13;1306;12;1;16;2;1;11;12;7;4
7;0712;12;1;16;2;1;0;1;3;4
12;1208;12;1;17;2;0;1;1;3;7
9;0925;12;1;18;2;0;0;0;5;4
7;0710;12;1;18;2;0;2;2;3;7
9;0921;12;1;19;2;0;2;2;3;7
9;0907;12;1;19;2;0;1;1;7;4
9;0901;12;1;20;2;0;1;1;4;4
9;0910;12;1;20;2;0;0;0;3;7
9;0907;12;1;22;2;0;0;0;6;4
9;0916;12;1;22;1;0;0;0;4;4
24;2403;12;2;7;1;0;1;1;6;4
12;1207;12;2;10;1;0;0;0;3;7
9;0912;12;2;13;1;0;1;1;5;4
17;1703;12;2;15;2;0;0;0;4;4
9;0914;12;2;19;2;0;2;2;3;7
9;0907;12;2;20;2;0;1;1;3;7
9;0901;12;2;21;2;0;1;1;2;5
24;2401;12;2;23;2;0;4;4;3;4
21;2101;12;7;8;2;1;0;1;3;4
17;1705;12;7;10;2;0;1;1;7;4
6;0603;12;7;10;2;0;2;2;7;9
13;1304;12;7;13;2;0;1;1;6;4
6;0601;12;7;14;2;0;1;1;1;1
1;0105;12;7;14;2;0;0;0;7;9
11;1103;12;7;23;2;0;1;1;7;7
18;1805;12;7;23;1;0;0;0;7;4
17;1703;12;1;1;2;1;0;1;1;10
3;0304;12;1;1;2;1;0;1;7;4
13;1302;12;1;11;2;0;1;1;3;4
13;1306;12;1;11;2;0;1;1;7;4
13;1317;12;1;15;2;0;0;0;7;4
5;0505;12;1;15;2;1;0;1;1;5
22;2204;12;1;16;2;0;2;2;1;3
12;1203;12;1;19;1;0;1;1;4;1
14;1405;12;1;20;2;0;1;1;3;4
17;1701;12;2;9;1;0;2;2;6;10
5;0507;12;2;12;1;1;0;1;1;5
17;1701;12;2;19;2;0;1;1;1;4
10;1001;12;2;21;2;0;1;1;7;4
12;1211;12;3;12;1;0;2;2;3;4
2;0205;12;3;17;2;0;1;1;3;9
17;1701;12;3;17;2;0;1;1;1;4
22;2203;12;4;10;2;2;0;2;3;3
17;1703;12;4;17;2;0;1;1;1;3
6;0605;12;4;22;2;0;0;0;3;3
17;1701;12;5;3;1;0;0;0;7;4
21;2106;12;5;5;2;1;0;1;4;4
17;1703;12;5;16;2;0;0;0;3;4
17;1701;12;5;17;1;0;1;1;1;4
11;1103;12;5;18;2;2;1;3;7;3
13;1304;12;5;18;1;0;2;2;7;4
17;1701;12;5;23;2;1;0;1;7;4
21;2101;12;6;1;2;1;0;1;3;3
17;1703;12;6;5;2;0;1;1;3;10
17;1703;12;6;6;2;0;1;1;1;10
19;1907;12;6;22;2;0;1;1;7;3
13;1317;12;7;6;2;1;0;1;2;4
22;2201;12;7;7;2;0;1;1;3;4
13;1311;12;7;20;2;0;2;2;3;4
18;1807;12;7;20;2;1;0;1;7;4
6;0606;12;7;22;2;1;0;1;4;3
6;0607;12;1;8;2;0;1;1;1;5
3;0301;12;1;9;1;1;0;1;1;4
13;1304;12;1;14;2;1;0;1;7;4
1;0105;12;1;23;1;0;0;0;3;1
13;1303;12;2;8;2;0;0;0;3;4
18;1802;12;3;3;2;0;0;0;7;4
13;1310;12;3;13;2;0;2;2;3;4
22;2201;12;3;13;1;0;2;2;3;3
17;1703;12;3;18;1;0;1;1;1;4
22;2203;12;3;20;2;1;1;2;4;3
12;1204;12;4;10;1;0;1;1;1;4
18;1807;12;4;11;2;0;0;0;3;4
17;1703;12;4;20;2;0;0;0;3;1
10;1002;12;5;3;1;0;1;1;3;4
21;2101;12;5;7;2;1;0;1;3;4
8;0804;12;5;8;2;1;1;2;3;4
13;1303;12;5;9;1;0;1;1;4;4
17;1703;12;5;18;2;1;2;3;7;4
14;1401;12;5;21;2;1;0;1;3;4
18;1807;12;5;22;2;0;2;2;4;4
5;0505;12;5;22;2;1;0;1;1;5
18;1802;12;6;0;2;0;0;0;7;4
13;1303;12;6;1;1;0;0;0;3;4
6;0610;12;6;2;2;1;0;1;7;9
1;0114;12;6;6;2;1;0;1;6;4
2;0201;12;6;14;2;0;0;0;4;10
17;1701;12;6;17;2;0;0;0;4;4
13;1315;12;6;20;2;1;0;1;3;4
13;1304;12;6;21;2;1;0;1;3;4
16;1601;12;7;1;2;1;0;1;3;1
17;1701;12;7;1;2;0;0;0;3;1
22;2201;12;7;3;2;1;0;1;3;4
11;1107;12;7;3;2;1;2;3;6;8
3;0305;12;7;8;2;1;0;1;4;4
13;1317;12;7;16;2;1;5;6;6;4
6;0607;12;7;17;1;0;0;0;4;4
6;0601;12;7;20;2;0;1;1;3;4
19;1901;12;7;20;2;0;2;2;3;4
19;1905;12;7;21;2;0;1;1;3;4
6;0603;12;7;23;2;0;0;0;7;4
1;0104;12;1;0;2;0;3;3;7;4
17;1701;12;1;0;1;0;0;0;7;4
4;0405;12;1;4;2;1;0;1;1;3
13;1301;12;1;12;2;0;1;1;3;4
18;1805;12;2;7;1;0;1;1;3;4
8;0804;12;2;8;1;2;0;2;1;3
13;1304;12;2;13;2;0;0;0;3;4
13;1321;12;2;16;1;0;0;0;3;4
17;1701;12;3;8;1;0;2;2;7;4
2;0201;12;3;12;2;1;0;1;3;2
16;1602;12;3;16;2;0;1;1;8;9
11;1105;12;3;21;2;1;0;1;1;4
17;1702;12;3;22;2;0;2;2;1;9
17;1701;12;4;6;1;0;0;0;4;4
17;1701;12;4;8;1;0;2;2;7;4
17;1705;12;5;11;1;0;1;1;1;4
17;1701;12;5;15;1;0;1;1;3;4
17;1703;12;5;18;2;0;3;3;3;7
17;1703;12;5;22;2;0;0;0;3;1
13;1301;12;5;22;2;0;0;0;7;4
6;0603;12;6;4;2;1;0;1;3;3
1;0106;12;6;13;2;1;0;1;6;4
17;1703;12;6;17;2;0;1;1;3;1
18;1802;12;6;17;2;0;2;2;7;4
17;1702;12;6;19;2;1;0;1;4;3
13;1304;12;6;20;2;0;0;0;7;4
13;1304;12;6;20;1;0;3;3;3;4
13;1302;12;6;22;1;0;1;1;7;4
14;1401;12;7;0;2;1;0;1;1;4
13;1309;12;7;6;1;0;1;1;3;4
18;1802;12;7;7;2;0;2;2;7;1
11;1105;12;7;8;2;0;4;4;7;4
13;1312;12;7;18;1;0;1;1;3;4
13;1302;12;7;19;2;0;0;0;3;4
13;1303;12;1;0;2;1;0;1;7;4
8;0804;12;1;7;1;1;0;1;3;4
13;1316;12;1;14;2;0;1;1;3;4
8;0806;12;1;20;2;0;1;1;3;4
19;1901;12;1;23;2;0;0;0;8;4
14;1406;12;2;13;1;0;0;0;1;4
1;0103;12;2;21;1;0;1;1;3;3
11;1110;12;3;0;2;0;1;1;7;9
17;1703;12;3;3;2;1;0;1;3;10
17;1701;12;3;5;2;1;0;1;7;3
18;1802;12;3;15;2;1;0;1;7;10
18;1807;12;3;22;2;0;2;2;3;4
6;0606;12;4;8;2;3;0;3;3;4
16;1601;12;4;12;2;2;0;2;3;4
3;0301;12;4;19;2;1;1;2;7;4
17;1703;12;4;20;2;0;0;0;3;4
6;0602;12;5;1;2;1;0;1;3;4
18;1809;12;5;2;2;0;0;0;3;4
13;1309;12;5;17;1;0;1;1;1;4
13;1312;12;5;20;2;0;0;0;3;4
21;2101;12;6;4;1;2;3;5;7;3
17;1703;12;6;11;2;0;2;2;7;10
15;1503;12;6;15;2;1;2;3;4;4
10;1001;12;6;23;2;0;0;0;4;4
18;1804;12;7;0;2;0;0;0;4;1
5;0504;12;7;7;1;2;8;10;7;8
8;0804;12;7;11;2;0;0;0;1;4
19;1906;12;7;19;2;0;2;2;3;3
8;0804;12;7;21;1;0;3;3;3;4
3;0301;12;1;10;2;1;0;1;1;3
18;1806;12;1;12;2;0;2;2;3;4
18;1802;12;1;13;2;0;0;0;3;4
2;0201;12;1;22;2;0;0;0;3;1
17;1705;12;2;20;2;1;0;1;7;3
13;1304;12;2;21;1;1;0;1;7;4
4;0401;12;2;22;2;1;4;5;3;4
